,libfabric-version,arborx-version,cmake-version,kokkos-version,mpich-version
237uhyuyer6r7haowscod7min7tspnhf,absent,1.1,3.21.4,3.4.01,3.0.4
24wjo4ljoajkusu7mkxqze5jqebjc7dh,1.14.0,1.1,3.17.0,master,3.4.2
277w6pcwaw6vri4mhvunr3zccbmlovvt,absent,master,3.19.1,3.4.01,3.1.3
27bsjnfazx3bsrt3jmjnyod75be53ia4,1.14.0,1.1,3.17.0,3.4.01,3.4.1
27ejroc2okbxdknffov7akbyeegt4glq,absent,1.1,3.18.4,3.3.01,3.0.4
2ci25esmbsekbetmoywjc6v4hygjlzfa,1.14.0,1.1,3.18.3,3.1.00,3.4
2e3okezs26ccfg7c4hfevn4xg6dh5jy7,absent,1.1,3.18.0,develop,3.1
2forbdvuakjd7evmcbkvaylgb2oyo5hh,absent,1.1,3.18.4,master,3.1.2
2im5klm6bvva7ao7hxhrv5toge6srkr6,1.14.0,master,3.18.3,master,3.4.1
2ofydmukph3mw6b4de72tmavlmq7plia,absent,1.1,master,develop,3.1.3
2rmte72wg5vv5nyv5vfd2jujlmv2bvmt,absent,1.0,3.16.2,3.4.00,3.1.1
36iiighun4css5uuqfe4iapcq3ybpyiv,1.6.2,1.1,3.17.0,3.1.01,3.2.1
3jmldfe3phvprknzmmihvhawrehm7bpr,1.14.0,master,3.20.3,3.4.00,3.4
3lkmio737trxqyzbztp2jntpgbq3o7fu,1.6.2,1.1,3.17.0,3.4.01,3.2.1
3mblz2ggirleunadvnuga5spgxuc5spi,1.14.0,1.0,3.20.5,3.4.01,3.3.2
3qflc5va6n47p3n4q74zxqojicbmvstq,absent,master,3.16.8,3.4.00,3.1.3
3qpsssucs23xypv4z6lrp3wds4v5voki,1.14.0,1.1,3.16.3,3.1.01,develop
3rb4wle36u5bkbtg5hky4pvwkih2hveh,1.14.0,1.0,3.21.2,3.1.01,3.3.1
3vbcm4ir5t6goj4ydeioxhqit7wkdiej,1.6.2,1.1,3.21.0,3.1.01,3.2
3vhrysaerqowrcfulqp5h3o6uzefxfup,1.14.0,1.0,3.16.0,3.1.01,3.3
3wnxbss2j3irxlsizoxsxkshwdjwbheu,1.14.0,1.1,3.20.5,3.4.00,develop
4dtdnfmw7dp2qr5dvbjatlps2yw2icp2,1.6.2,1.1,3.20.2,3.4.00,3.2.1
4pb4c5nm4vnbbpmvgdhgydy2j2iwpm5w,absent,1.1,3.16.3,develop,3.1.1
4s5ki6734r4df7wbge66ywoajvfxhigc,1.14.0,master,3.17.4,3.4.00,3.3.1
4tqyhqcjyeq4s363ilftpy23a7fhzgix,1.14.0,1.1,3.20.2,3.1.01,3.4.2
4wkprxva6lmakokn4ihu5umoy3rnx44q,1.14.0,1.1,3.20.5,3.1.00,3.4.1
52yljaxmuutvirrr6v2clmatakzzeepe,1.14.0,1.1,3.18.5,3.1.01,3.4.2
54uvkamhbdedxxnzwsmjj35smiwx3vqv,absent,1.1,3.21.2,master,absent
56dtsi6gdxp75rgzaylijtvvs3a4myko,1.14.0,1.1,3.19.2,3.2.00,3.4
56twzmthihvyb5scwo7jdxhqwxxp4onv,1.6.2,1.1,3.21.2,3.1.00,3.2
5a4jusp2u4y2zazvgq6gjummuz2sqkww,absent,1.1,3.16.4,3.2.00,3.0.4
5az6lq3eatwcudlxupz6pnniun7cdryw,absent,1.1,3.18.1,3.4.01,3.0.4
5kp4n45dxn2vgwleoiotltxi67eixj6h,absent,1.1,3.21.4,3.4.01,absent
5s24oapchhl34sia2qpan2ytlw7c5eje,1.6.2,master,3.16.3,3.4.00,3.2
5ykk7fdomqn76jzo7q3jt6aj6tzsl32b,1.14.0,1.1,3.21.0,3.1.01,3.4.1
5yvtjaep5f6f6btzml6dosshh7hbicrt,1.14.0,1.0,3.16.5,3.4.00,3.3.1
64wp6cjehiabhv6k2pu76mighgk66kxj,absent,1.1,3.20.3,3.4.01,absent
65exgkahyzjtozfupsktflpnwcutcdvb,absent,1.1,3.16.1,3.4.01,3.0.4
6agmdymdqbjdfqjjcrwl5rs4hh65xhuz,1.14.0,1.1,3.19.4,develop,3.3.2
6jdkaxqyzr24mjllwvuuue3b2yquuyaj,1.14.0,1.1,3.19.4,3.1.00,3.4
6mji7g44h3v735emqz5ekbc7etpm6nrq,1.14.0,1.1,master,3.4.01,3.3.1
6qclsmuqadedd4oz6zpiebjo5xzvth6c,1.6.2,1.0,3.16.6,3.1.00,3.2.1
6x36yikimty3hfvpsgecipipnzfz4xtw,1.14.0,1.1,3.21.2,3.1.00,3.4
6zu5qbznumdib3qcqu63oxwkdenbvrdu,1.14.0,1.1,3.21.1,3.4.01,3.3.1
76h3g7vbb5hen6e5dsv63zqczhxdj7nx,1.14.0,1.1,3.19.2,3.1.00,3.3.2
7cekrgfew6yypkzrnh5aj2ywoqiztw6o,absent,master,3.19.2,3.4.01,3.1
7jo5cqh6mg25dpshyoi2rgggjxdb6xup,absent,1.1,3.18.6,3.4.01,3.1.1
7kkddalb6r6n7z2zr62q5vv3ghfenpob,1.6.2,1.1,3.16.0,3.3.01,3.2.1
7qf57bitcbemycdve3y2gfkgd2ezf54z,1.14.0,1.0,3.19.0,3.3.01,develop
7w4kg3i5ay4bjv6whn5mjariqtffltpf,absent,1.1,3.19.3,3.2.00,absent
7xd4qrvz6h524udzuvayhnsqlt5f4riv,1.14.0,1.1,3.21.2,3.1.00,3.4.2
7xtg3bgxcymhyumbqgqek5scz24gba56,1.14.0,1.1,3.21.1,3.3.01,3.4.1
a37melmhp7djxfdk52lcnbwqqt3mouwg,absent,1.1,3.19.5,3.4.01,absent
aaan2m3gjfgacmbezsp74dwratfjkzxu,absent,1.0,3.16.4,3.4.01,3.1
ags2vjnxvjgefxw2opl6qiireegpamr4,absent,1.1,3.16.0,3.4.01,3.0.4
ai4ih4pwzg4mjmentq4sg7fb2uieneau,absent,1.1,3.20.1,develop,3.1.2
aqalfnxk6n3eoqgir4njpxfi264dyasp,absent,1.0,3.17.0,3.4.01,absent
atfyig3umbl7bpga755zehmd2by74g3d,absent,1.1,3.20.1,3.2.00,absent
attm4peai6j36tdda75zjv3ers5jkalm,1.14.0,master,3.18.2,3.4.01,3.4
b2rfatsq6eiwrp57kov6qf7e3yy6fdgf,1.14.0,1.1,3.20.4,master,3.4.1
b3laml72ins3ouxsvqlmoyyglpqrtws2,1.14.0,1.1,3.21.4,3.1.01,3.4.2
bajkmxnvoksaunjxvmob4qbe2sg3r3sq,absent,1.1,3.21.0,3.3.01,3.1.1
bnlcrjhiwr6btj3dfzjhhmqbwhgefrkw,absent,master,3.17.3,3.4.01,3.1.1
brdovokxoles3giy4bu266k2six2pbcm,1.14.0,1.1,3.19.7,3.2.00,3.3.1
btnufhujb4vf2rgmb7m26x5xy7cxwaml,1.14.0,1.1,3.18.6,3.4.00,develop
bucyiyvse6pypn77gxwwndjblkgwx3kw,absent,1.0,3.21.4,3.1.01,3.1.1
by74hccc3vxxfi5hyka4hyidled5rmhe,1.14.0,1.1,3.21.3,3.4.01,3.3
bynfl2f252psv5h6ma2uffjiclml3mj3,absent,1.1,3.16.8,master,3.1.1
c6vbfdtfczzxzqrhotk4vtlviemerruj,1.14.0,1.1,3.20.4,3.2.00,3.3.2
cgig5xej472qqvguwgznrvd53gcxlr35,1.6.2,1.1,3.20.1,3.4.00,3.2.1
ci53yqcq2dluf5f4g62jsxigrznye5y2,1.14.0,1.1,3.18.6,develop,3.4.2
ctgdhkugy5poslxfh6h2f65ff5kmphj6,1.6.2,1.0,3.19.0,3.3.01,3.2
cx24ciks43megehhm5rzqn5tlp5l7ugu,1.6.2,1.0,3.16.8,3.4.01,3.2
czot5cmpa22z7ks2z6rtd4l2jm3gftaw,1.14.0,1.1,3.19.8,3.3.01,develop
ddg523tgtl623drfkvgstczew7j2d6im,1.14.0,1.1,3.20.2,3.3.01,3.4.1
de7j3ym3je6nzg4hnvxvgk4tdcmmbvf3,absent,1.1,3.16.5,3.1.00,3.0.4
def5437g23yu3v6ndbkiug6j3o4rkjo6,1.14.0,1.1,3.21.1,3.3.01,3.4.2
dhyt3kcw2hrtoihenqlfc2ktrfiw4bch,1.14.0,1.1,3.18.3,master,3.3
diipgdjjkxu5l2hic4mmjmd2sgdbh7tu,1.14.0,1.1,3.16.4,3.2.00,3.4.2
dmjsnawf22wtlsgznj6gsmjk74knsa5z,1.6.2,1.0,3.16.9,develop,3.2
dnyzva3yo6rlewvmvhua6rzqcaom63kk,absent,1.1,3.16.4,3.4.00,3.1.2
dot5lb3zsbkll5lew3j3rx4lbhcqgozg,1.14.0,1.1,3.20.3,3.4.01,3.4.2
dwnx4g5ofnujbvly27qyfotp3kothhw2,absent,1.1,3.18.1,3.1.01,3.1.2
dy5vgo7fkx7elgizjpdqdmxu4uqg7a3p,absent,master,3.16.4,develop,3.1
dzbqjv73gjlfj2d6rdekry2b6suh2rxk,absent,1.1,3.19.6,develop,3.0.4
e27557xrlgxrnd5jk36lk6x2ioyifvkl,absent,1.1,3.20.0,3.4.01,3.1.2
e2do3kfx5kzs5r5augciierqrf45xgno,1.14.0,1.1,3.20.5,3.3.01,3.4
e2figz2zzmurj7fo52cczanskwll4eyw,absent,master,3.18.0,3.4.01,3.0.4
easlpmuj6vicvhiq4mfucqmx2mjyvmda,absent,1.1,3.18.4,3.4.01,3.0.4
eayqdvxm5aitzzo6kgrzrhojuom4vqxb,1.14.0,1.1,3.21.1,3.4.01,3.4
ejzlhsm5w7bmfc2jqmgojpve2462zheq,1.14.0,1.1,3.18.2,3.3.01,3.4.1
eru7xhpaa3lvg73mcd3ywwxomod6uw4g,1.14.0,1.1,3.20.3,develop,3.4.1
esfp4g6cvpnvsmnpz5uwwau3jm7bzygd,absent,1.0,3.18.6,3.4.00,3.1.3
etp53dspe3k2e732s6voqg5d6xqxkbnd,1.14.0,1.0,3.19.5,3.1.00,3.3.1
evpwbi7xclogojtwohfvkcmwqetn75ce,1.6.2,1.1,3.19.4,3.4.01,3.2.1
ex2w3jtima5p32l4oc64m6xloyr4q6ae,1.14.0,1.1,3.18.1,3.3.01,3.4.1
ezgfofpcmzkia7tyiyzjypczdioa452j,1.14.0,master,3.21.4,3.4.01,3.4
ezmljsxt3wr6kybeqxfe5qvjiozy77ua,absent,1.1,3.16.4,3.4.01,3.1.2
f2ejp3b2w4atuti65vhxqcnddhhqumyp,absent,master,3.18.0,3.4.01,3.1.1
fdgy35ueq4vgvbayaeshhj57k4gxwpgu,absent,1.1,3.20.2,3.1.00,3.1.2
fgmj7qmzibt72m3oa67vmjn7qmtoiofz,1.14.0,1.0,3.18.6,3.2.00,3.3.2
fgnpylw3ani4ujnabecboap567ybb3hd,1.14.0,1.1,3.16.7,3.3.01,3.3
fiyrrje777cdls376ri4tzmsjf43psn2,1.14.0,master,3.17.3,master,3.3.1
fm2fns5z4kyvp4pdqh27zt2x5wwonwwc,1.14.0,1.1,3.16.5,3.1.01,3.3
fmvldder7st7idp2lsx2tgpocsxribx7,absent,master,3.16.8,3.4.01,3.0.4
fpqwfypwzxtcr3t3ya2k2iki2mdrullm,1.14.0,1.1,3.19.0,develop,3.4
fqgb5utzernfzbqfnqgf2qbp3mxw4t2h,absent,1.0,3.16.8,3.4.01,3.1.3
fszp43dnwekt2mgwxtkbpng57uowxqin,1.14.0,1.0,3.17.3,3.1.00,3.3.1
ftsju7kgk5a3up2e2lkrmogofuq6dpn3,absent,1.1,3.16.7,3.4.01,3.0.4
fw7qdq3tbvncew3x3he4ibwxmjsqmrvq,1.14.0,1.0,3.17.4,3.4.01,3.3
fwneq7zcjcus3r2ucugbjlvord4n7ses,absent,1.0,3.21.1,develop,3.0.4
fxuxwwwr2birtzhnogkyokyqmq66ozlu,absent,master,3.16.4,3.4.00,3.1
fyo2sm7d7vri2qxxaz2cdc5osvg4ok5g,absent,1.0,3.16.0,3.1.01,3.1.1
g4fzijhbuhnylr3rwuue7icif4fdzaro,absent,1.1,3.19.3,3.1.01,3.1.1
g553gfzmku5hu6gdmmouboc3eihysm6q,absent,1.1,3.21.0,3.1.00,absent
gc2vhuzeus4engjtvwpnu6si22rx7pll,1.6.2,1.0,3.21.1,3.3.01,3.2.1
gdrdlafzxenuyey4r6phe257wqrdwjtd,absent,master,3.20.4,3.4.01,3.1.1
ghundr3cxqhjmmygmzv6cyhrpd3tl6e3,1.14.0,1.0,3.17.5,3.2.00,3.3
ghzlsk7x7hwnxsogaczphsboqmfieian,1.14.0,1.1,3.16.1,3.3.01,3.3.1
gjsvpf6q2ziqnu7cjjvk5pwdxr46awpe,1.14.0,1.1,3.21.1,3.2.00,3.3.1
gmgieujkubd7cwbud3am4d5k7v5tff33,1.14.0,1.1,3.21.2,3.3.01,3.3
grjytpgc2uwhr2kyglsth3b6fxruywmw,1.14.0,1.1,3.16.6,3.1.01,3.4.2
gtixtrr52tyzxnsavd7e2h2eq64yubm4,absent,1.1,3.19.5,3.4.00,3.1.1
gw7mv5rzkl3xruop3twu3hr5lq2k6bqr,absent,1.1,3.17.3,3.4.00,3.1.3
h3l2mxdrx43clsi75nbgbtjjcdcfmr6t,1.14.0,1.0,3.17.1,3.2.00,3.3
h44fmcvw7u4izdmrrg6tm5razeg3qeyn,1.6.2,1.0,3.17.4,3.4.01,3.2.1
ha5paktb5xcz5rmwwusdkhr4a24aq3ma,absent,1.1,3.16.7,master,3.1.2
hawzvfh2mbyktp3fxllxd23gpwplajdg,absent,1.1,3.19.2,master,3.0.4
hbdx4lhkxey76dqibo7kknontgifx67r,1.6.2,master,3.16.1,3.4.01,3.2.1
hdvv3heyv3snhq6bwd4xcfzl6vctaogz,absent,1.1,3.19.8,3.4.01,absent
hhvx7itlesdpzz25tgcudplhavdgvzw5,1.14.0,1.0,3.19.7,3.3.01,3.4.2
hig6x7cdho7wd54ev7lgarvfegjmatm4,1.6.2,1.1,3.19.6,3.2.00,3.2.1
hjk7iwg3uqvhrrrqfwpx2po3epuku52f,1.14.0,1.0,3.19.3,3.1.00,3.4
hlnuxgrgr45mbmmztfy6uglb7xueeqzk,1.6.2,master,3.20.3,3.4.01,3.2.1
hnalnj2ebepyyfk3z3up6ecz54oq3fkh,1.14.0,1.1,3.19.7,develop,3.3.1
hnt6xi37sohuulsc5uh6p6btrgowguih,absent,1.1,3.20.2,master,absent
hrfiqb2ytzwrhe6ujy5hozmz5pvmkrcq,absent,1.1,3.17.5,develop,3.0.4
huo7ohi53b7opsqjabo6xknpybcydsaf,absent,1.1,3.17.1,develop,3.0.4
hxg5vp2ov27uef2yixu766cjipfbajyj,1.14.0,1.0,3.16.9,master,3.4.2
hzvuykt442p73mio3zloptuuysnarg4r,1.14.0,1.1,3.16.2,develop,3.3.1
ica2h6z6gwwatxsh56y3jno6cqirx7xa,1.14.0,1.1,3.18.3,master,3.4.1
ie34xiaqcqoxa5dlsuf7rdkp6yg7cyjb,1.6.2,1.0,3.19.3,develop,3.2
ifpimxmuuvkvanikzqp6thbm33osfmek,absent,1.0,3.19.1,3.2.00,3.1
igekbezwwnkpn2v2u5yvjpqakpajaic5,1.6.2,master,3.19.1,3.4.01,3.2.1
ihkyhpiahtovmvuekfydgfqo5ws5hwd6,1.14.0,master,master,develop,develop
il4kd7frij5tyinq5blnacw52rvbfjfz,1.14.0,1.0,3.18.2,3.4.00,3.4
irith2ep2zohj3z4uhbiubmapeprouzz,1.14.0,1.1,3.18.4,3.3.01,3.4.1
ixb2x5htbcb6ettu3uc6dl6t3vw7hg6z,absent,1.1,3.19.5,3.1.00,3.1.3
iywcapqe5xs27r6lddr5mzzi3qua2r6t,1.14.0,1.0,3.19.4,3.2.00,3.3
j4a6irabkn4chjq5rl5d33pbc4s4pvnn,1.6.2,1.0,3.16.9,3.4.01,3.2
j72f5qtz3plq63es3awohk7zhoeh63va,1.14.0,master,3.16.3,develop,3.4.1
jd32t2f4h4ftqybnwlz23cz7v234mlk7,1.14.0,1.1,3.17.4,3.4.01,3.3
jhuiytl4767r6k5rzn3b5utcffy3hpzt,absent,1.0,3.18.4,3.3.01,3.1
jm2c4cpz5honfdakyriviwoajplb5gia,1.14.0,1.0,3.21.0,3.4.01,3.3.2
jpjpcjmjbpybtcahkmtsuht3ck7jhxwd,1.14.0,1.1,3.16.3,3.3.01,3.3
jstopond55yiycrlzshx7kijjvfizaeb,1.14.0,1.1,3.16.4,3.2.00,develop
k2drsh37hwcr25lew2vxjizjpoaipvna,absent,1.1,3.21.2,master,3.1
k2sc5yvkolujbl2llfmptcjwumnczmer,1.6.2,master,3.16.7,develop,3.2.1
k43g64jzbpssjwsgohai35gqisj3oxqv,1.6.2,1.1,3.17.5,3.1.00,3.2.1
k7xx6mx3mjmqncgoihmbr4aj6ozjpsm7,1.14.0,1.1,3.16.2,3.4.00,3.3
kej2ndf2aoyxanfzymncss2bizf4a76e,1.14.0,1.1,3.16.5,3.3.01,3.4
keyoezpuhdi2xhxwyd67lfvne666tjwe,absent,1.1,3.20.0,master,3.1.1
kgkyvljghsbxujjzipchugs6mz4aj22h,absent,1.1,3.20.3,3.4.00,3.1.2
kpry6gnoelsm2amoslt2d52czwdlzgly,1.14.0,1.1,3.16.0,3.4.01,3.3
kvylte4qs45enfdibrihucwkvtghhxcw,absent,master,3.16.3,develop,3.1
kyns7vkf5nudik4ol2e3uxghizs3xtni,1.6.2,1.1,3.21.2,3.1.00,3.2.1
l3c5qvh4dfn4juqawdemuamnh44igdvg,1.14.0,master,3.17.3,3.4.01,3.3.1
ldp7djoovlnysxhffionoszopozfemor,absent,master,master,3.4.01,3.1
lfn2fsqvwksltolytnlily24afltjvzi,1.14.0,1.1,3.21.3,3.1.00,3.3.1
lhh3r7zgksrx3cxs6lf5wweeme3kzmkd,1.14.0,1.0,3.21.2,develop,3.3.1
lhp45ax2n4tjuv35yh4puqt3z5lwpf3c,1.14.0,1.1,3.19.0,3.2.00,3.3.1
lxubnztxy7yk6gcz7rcimgrsfrtxxwqi,1.14.0,1.1,3.17.3,3.4.01,3.3.2
m2mq4t36b6k2lmzrtu4xrg4ozn7zldm6,absent,1.0,3.16.9,master,3.1.3
mknorj53aknhhnsbqxynqn3t2boxtxy6,absent,master,3.17.1,3.4.00,absent
mocqzhlbku5637v2ky4aejtmrkuzdwk6,1.14.0,master,3.16.4,3.4.01,3.3.1
mqwkdpqjqsqgsdxvk3sahphmybryn4wj,1.14.0,1.0,3.17.0,3.2.00,3.4
mra6u5h3yh26pijhqwwtpuzvqpftvfb4,1.14.0,1.0,3.21.2,3.1.00,3.4
msy352y7n6cuz7qxnjppolxgv252iiwm,1.6.2,1.1,3.16.1,develop,3.2.1
mvzrrkmcrytuwx6qyjy5vayntwqkubuj,1.14.0,1.0,3.16.9,master,3.3.1
mzfbkt76h4ilghgwi4xh73r3ver77azd,1.14.0,1.1,3.16.6,develop,3.3
n3oimrvaux5yj6kqqjsle6tg2ws44s35,1.6.2,1.1,3.20.2,3.1.01,3.2.1
nakfckwkxovvcnqzam326c3cxuimifhf,1.14.0,1.1,3.16.2,3.3.01,3.3
nay7njxb3uybmheyhjiycqxshy2v5rpw,1.14.0,1.0,3.17.5,3.4.00,3.4.1
nikbphlborobkjcfqmq3bu42jz6atd6k,1.14.0,1.1,3.19.8,develop,3.4.1
nnmnepkmpy6uixcvjn3vv5v3lffvpwc2,1.14.0,1.1,3.16.7,develop,3.3.2
ns6xt3vcgtnhmwzkof4qu6cfwaf577b3,1.14.0,1.1,3.18.3,3.4.01,3.3.1
nwzch5rhka2wfwdbolnujgocd6uyszqd,1.14.0,1.0,3.19.4,3.1.00,3.3.2
o7ayg7yjaaohyw3jfcr3kcqw74ygqzut,absent,1.1,3.16.5,3.1.00,3.1.3
oaeprwkdt5ov2dy6fq4r5kwh36clmrcj,absent,1.0,3.17.3,3.2.00,3.0.4
obzzicl4hkbbt3v7v4s4l2a3tv2nykid,absent,master,3.16.7,3.4.01,3.1.2
ocy5jpiwkooecesphvq2gwct7iww26gu,1.14.0,1.1,3.16.2,3.2.00,3.3.1
ohgym6qpo6p6flj534ihf5kp2mmvcojr,1.14.0,1.1,3.16.2,3.1.00,3.3.2
oipwk5jvjx7hyq2be222foyp4xwinkcu,absent,master,3.20.5,master,3.1
onvezqxdy5yn45zwpkevwrzhrrdphwfm,1.14.0,1.1,3.18.0,3.4.01,develop
oqbzffncduvtj2jdag5mylnlbgowrfup,1.14.0,1.1,3.20.2,3.1.01,3.3.2
owsizm6rscmcfy5g64wr6nto6mf4mjdj,1.6.2,1.1,3.21.0,3.4.01,3.2.1
p4munmywjqdwq3vrqclafek5vtzg3rtz,absent,1.1,3.17.1,3.4.01,3.0.4
pagwu24vnagvdifnmbff7kkk75n7jool,absent,master,3.18.2,3.4.01,3.1
pt5uottdpqhsxh3g73cifut3zir35hcf,1.6.2,1.0,3.21.0,3.1.00,3.2
ptz22iruxpqnkuz6d3qefptvecbvxnb2,1.6.2,1.1,3.18.5,3.4.01,3.2.1
pv66layaz4ympbyq4rdyras5gvwn7a4i,1.14.0,master,3.21.1,3.4.01,develop
px3rurlyp6m7xbuqgju4u7onh4rr7qjl,absent,1.1,3.18.6,3.1.00,3.1.1
q2zmizng4emgjh3ch2szpzxrjtfcfsng,absent,1.0,3.20.3,3.4.00,3.0.4
qbczjclefvry6m2k4sapdmjhxt5ljas6,absent,master,3.19.3,3.4.00,3.1.2
qfo5ga75trcsnzhx2m4pwyt77wsqtihe,absent,1.1,3.16.4,master,absent
qjofahtarpywgqi7yhmnkl5eyxmxjzci,1.14.0,1.1,3.20.3,3.1.01,3.3.1
qmjmfmxi45c46vjnerziv7jbq7yktbcm,absent,1.1,3.19.4,develop,3.1.3
qrc4tqwphm6emt4n4aoidsebajedpy3j,absent,1.1,3.19.1,3.1.00,3.1
r6zs7qc735wl65tiqqb2wusz6d4xe6o7,absent,1.0,3.18.2,3.2.00,3.1.1
rcuj4hbkqxz5vbiaxezcrcaemvdluods,1.14.0,1.1,3.18.5,3.1.01,3.4
rdheitsl6okpqlpfsqormn5mwpgwew3r,1.14.0,1.1,3.19.0,3.4.01,3.4.2
rk5jwevqonll5svivhar3pdxc6rhmbae,1.14.0,1.1,3.16.7,3.3.01,3.4.2
rmhgyf6pgmyaj3lszpcik6c7kety3pwi,1.14.0,1.1,3.17.1,develop,3.3.2
rn5tqs544233ha6whuly23vdnptuifx4,absent,master,3.16.0,develop,3.1.3
rppnv42f5hmmbruhd22znbr5efjlhapj,1.14.0,1.0,3.18.1,3.1.00,3.4.1
rpt2vmxhbqezprxerjmlug6urny7bw75,absent,1.0,3.20.3,3.4.00,3.1
ryh7wpjjvcf6scbb37sn56ubel7wgj72,1.14.0,1.1,3.19.0,master,3.4.1
sbqfkbf4cbb3ao4l5bnregz5jmw7iskq,1.14.0,1.1,3.16.0,master,3.3.2
sc5texawpv7jl5bsxkpccsd6vioo77qj,1.14.0,master,3.19.6,3.4.01,develop
slebqexail4it4icqnc4londjrydhnr3,1.14.0,1.1,3.19.4,3.4.01,3.4
slkagf4wl6uaudvrlalamhbocq5nimgl,absent,master,3.21.4,3.4.00,3.1.1
sqhq5gwlme3gnhqfsdseeguv44q7mabs,1.14.0,1.1,3.18.2,3.4.01,3.4.2
sr36adbzbxcpdajfjw2gv5buxai5t4ct,1.6.2,1.1,3.21.1,3.2.00,3.2
stp6iof32k36xkoencef4rwxkymf4b54,1.6.2,1.1,3.18.5,3.3.01,3.2.1
svlpgzdl5mrmtovriex6b5y3lgacofns,1.14.0,master,3.19.0,master,3.3.1
szwxlv6etoy2yk2fhjd73x4w7pkftpze,1.14.0,1.1,3.16.9,3.1.00,3.4
tfxmjtio7whfjo7wdhheupikvaj576qb,1.14.0,master,3.16.6,3.4.01,3.3.1
tmgpwompxmpzunpxcfr4ddcj5hskxdog,1.14.0,1.1,3.19.2,3.1.00,develop
tmlqmbugxfmhedjyobzmmhoj2sf33vm7,absent,1.1,3.20.2,3.4.00,3.1.3
tseo3avxiuq6tusk3bzca7de3a5elmhp,absent,1.1,3.20.1,master,absent
u2u64nuej345xz2sf32yu4rvvxrn6tjb,absent,master,3.19.4,3.4.01,3.0.4
u6ehspje4emp5ypoeciiwfy5g5y6h6x7,absent,1.1,3.18.6,3.3.01,3.0.4
ucxpoporb53k4pbb53mu6ffximurpxl4,absent,1.0,3.17.1,master,3.1.1
uirbt72ebpfykperud4ztqo7k6tbtivm,1.14.0,1.1,3.21.4,3.1.00,3.4.2
ul6juzyesbkyf7qn663he4pks262hvgf,1.14.0,1.0,3.18.1,3.4.01,3.4.1
usnqrjywdkat75jcl6yneoymsd2hpk3f,1.14.0,1.0,3.19.4,master,develop
uvzplq56p3bnkbhv25b6ezlnwfapfihq,1.14.0,1.1,3.18.5,master,3.3.2
uwys7avtuudes7gmhuhppo4nl6rg2cod,1.6.2,1.1,3.19.5,3.4.01,3.2
v2z3ipnhnje2tbalrhb2ylko7qyigeu5,absent,1.1,3.16.6,3.3.01,3.1
v5mkhvkei7d72nvji4ynzc5qevz5nrto,1.6.2,1.0,3.16.0,3.1.00,3.2.1
v6ozlejmvfojdj7omyc32vtnkh4hcbk2,1.14.0,master,3.16.7,3.4.01,develop
v6vb332jquxacbqhd734ixgxxrchuwd5,absent,1.1,3.18.3,3.4.01,absent
vm264d7qumtyds5tvltbxyiimqhwd2jv,1.14.0,1.1,3.21.0,3.4.01,3.4.2
vox6drmpqcctmhhgiiu4532y43q5njhe,1.6.2,1.1,3.20.5,develop,3.2
vwh6gcn7k5melk67wcgnobpddvnav4ae,absent,1.0,3.16.5,3.4.01,3.1.3
vxq6q6cdbtdltmu5xjas4w2tahbsckh6,1.14.0,1.1,3.16.4,3.1.00,3.4.2
w6mbvk22uistxapmqkz7tkz2oz2cba25,1.14.0,1.1,3.18.3,3.1.00,3.3.1
whgen6mvm2phpeopmn6uh7ut5k6swwqu,absent,1.1,3.18.5,3.4.00,3.1
wi7fnwq64mt2cb2oby4sbva63fwdxrf4,absent,1.1,3.16.5,3.4.01,3.1.3
wszk7jeumct4yr6ob5fek3kezlbawvah,absent,1.1,3.18.2,3.4.00,absent
wwwp5dwtmx4w35skruqermjxxktfa7xe,1.6.2,1.0,3.16.0,3.3.01,3.2
wxaa3qod7qoadyzlm53c5orpvnhg7xyv,1.14.0,1.1,3.21.1,3.4.00,3.3
wxrn3fb3pacp24dnirg2uwdv7cmapbof,1.6.2,1.1,3.16.2,3.4.00,3.2.1
x4zywhbsatapc7spx64x5ryvbjbezuur,1.14.0,1.1,3.19.2,3.4.01,develop
xa5xdxxcszrf6velrzt2wwrncrcyqijz,absent,master,3.17.3,3.4.00,3.0.4
xa6aehikkynuduht6shay7pusua3mnvt,1.14.0,master,3.19.4,3.4.01,3.4.1
xjnr7ly42jynsbte6tgozu4pzzwdv2eb,absent,1.0,3.18.1,3.4.01,3.1.1
xo23juo4d3aefaa4ccuspadrbqfwdtv5,1.14.0,1.1,3.18.6,3.1.00,develop
xrqa4adbdqizw2sa7sw4wcconsoeuxmj,1.14.0,1.0,3.21.4,3.1.01,3.4.1
xuq7ixnvimx2bivhd2e6hhx6g6zwip5s,absent,1.1,3.18.0,3.1.01,3.0.4
y3ytcc4d5g7hn5m6ei7gfugeuegdk7gp,absent,1.1,3.19.1,develop,3.1.2
y54jq3qm5gtfdbz357pom2o7wfnrul3n,1.6.2,1.0,3.17.5,3.4.01,3.2
yftvpa2laz5chvn7uslrd6vedpsrrlix,1.14.0,1.0,3.17.5,3.2.00,develop
yi2pc226a2m6my4aiuoza2yecx5bu4cq,absent,1.0,3.20.0,develop,absent
ymdibwqmi43haxnetrqippqytwgwa4m5,absent,1.1,3.20.2,3.1.00,absent
ynqdzxllcptp46iu6v4upnlqf2ijotda,1.14.0,master,3.19.0,master,3.3.2
yrnalhmvutufkm3nzagcxlyeukeoh43q,1.6.2,master,3.21.1,master,3.2.1
yuprqar3gjghd5ftbvzz4wos46kbkxfu,1.6.2,master,3.16.1,develop,3.2.1
yw3uz5v2w5utny7qy4lexrjxqzf4ifm3,1.6.2,1.1,3.20.1,3.4.01,3.2.1
yxfolxpxsiflpjcfkredbh25h4nni5uc,1.6.2,master,3.16.4,3.4.00,3.2
z6yi22c6zveoxwev46hhtwdk5itmuvrr,absent,master,3.21.3,develop,3.1.2
z7dqtqkryklga5er6yrgunl4zbihpzr2,absent,1.1,3.18.2,3.1.00,3.1.2
zhp3tffjkdoqbpiuxht5cli2pa34mrek,1.14.0,1.1,3.17.4,3.3.01,3.3.2
zic7bbexh7fh5nucbvx536kv3mn6oflh,1.14.0,1.1,3.19.6,develop,3.4.1
zl2gkzg7giuabnaao3gs5m6rnqzzj3lt,absent,1.1,3.17.5,master,absent
zs2scugyedtefqixfuirslfor62kftnw,1.6.2,master,3.19.1,master,3.2.1
zw27ijzw6wz3bphgf4sirdccd2ejpzig,absent,1.1,3.16.6,3.4.01,3.1.3
zwrmunkalgtdv3u4peahlkqbjc5cjwto,absent,1.1,3.17.0,3.3.01,3.1.3
23f5qyqvnz2fbr7oua4rilksdh4dxlzw,absent,0.9-beta,3.13.1,master,3.1
2erh75kwmvovzbwr5uqig6rigtazeeav,absent,0.9-beta,3.19.5,3.4.01,absent
2hzhky4ogtp6p7yst5prbg2iursdeqgo,1.14.0,0.9-beta,3.16.8,3.4.01,3.3
2nkyylikwpvut6nc2btoai7m2v2uvcdu,absent,0.9-beta,3.19.6,develop,3.0.4
37miiyacric2dko5eal5vpuegps4tey7,1.14.0,0.9-beta,3.14.6,3.4.01,3.3
3etoyz6fdsyynwaorhgj4to6j3cy6n2m,1.14.0,0.9-beta,3.20.3,3.1.01,3.3.2
3h2yyspqx43mlggvleap3owwigtzaizf,absent,0.9-beta,3.13.0,3.4.00,3.0.4
3lym3inqflnrfuwk3ej5pmvlaljeg35i,absent,master,3.21.0,3.2.00,3.1.1
3mkryjd7emibn56yzov4wggjhfgoqgat,1.14.0,0.9-beta,3.13.3,3.2.00,3.3.1
3sgh6ahn645t7d52b5svmlqnzlcqpzun,absent,0.9-beta,3.16.9,3.4.01,3.1.2
3vb7ojzm5pnhthxx2wtisx6cf4zyl766,1.14.0,0.9-beta,3.16.1,3.4.00,3.3.2
45dskenak2ezzhjf5yqrgidtmy2kypqy,1.6.2,0.9-beta,3.18.4,3.4.01,3.2
4glj3try5egbt2ctyex2sgfs7yamovxh,1.14.0,0.9-beta,3.12.0,master,3.4
4jjhi7ie6bzbgq5khc2wfwwpuzgmfsih,1.6.2,0.9-beta,3.19.5,master,3.2
4pu5nwhnyi7ucxqmh3z4hu2gdmxrkyig,absent,0.9-beta,3.16.7,3.2.00,3.1.1
5mlwmjtbf4bbak4xh7qxo77zds6fbfhs,absent,0.9-beta,3.12.0,3.4.01,3.1.3
5qgwnfx6rnqbqkybb2yltl2mibs6mhfr,absent,0.9-beta,3.13.0,develop,3.1.1
63gmp3dp4rjimt72nzyllcw37nvp3ehu,absent,0.9-beta,3.14.0,develop,3.1.3
64lijuuistyqzokbkt26n6kjna2kx35a,1.14.0,0.9-beta,3.17.1,master,3.3.1
6bf54hq7q44irayunfwo5pk2c7kkbvaa,absent,0.9-beta,3.17.5,3.3.01,absent
6qa22vhfx5ilwguyat5y3ukrbo3exfag,1.6.2,0.9-beta,3.21.1,3.1.00,3.2.1
6uylyrgvd75p5suoh5az3rk2powbbbjk,absent,0.9-beta,3.16.2,3.4.01,3.1
72sr6dm7fdfhtuse2nkbivaj6swzr7c7,1.14.0,0.9-beta,3.20.0,develop,3.4
74yvfbc57656hyprw4mk5jzi6uop7eah,1.6.2,0.9-beta,3.14.4,3.2.00,3.2.1
752vb6rikyvmk67c4v7vhbemmcg4pmmg,1.14.0,0.9-beta,3.18.0,3.4.01,3.4
7aofl55pxtcv5xpq62ucbjxzdwgyxe75,1.14.0,0.9-beta,3.17.5,3.1.00,3.3.1
7kouisg2esl43mzt4ejtlgp5lkq24kee,absent,1.1,3.19.4,3.2.00,3.1.1
7uicx6r3hvthdthv35b5yec2mnwo6kwn,absent,0.9-beta,3.13.2,3.1.01,3.1.3
7vwfoji4wbryymze6d6xuu7fdupwobe3,absent,0.9-beta,3.19.8,3.2.00,3.1.3
7yw2ux7g5zj4hirya6t3vz63kmyqktq3,absent,0.9-beta,3.21.1,3.1.01,3.1.2
ad4sosqetnig5hjmiyx5wleptvr7nvwr,1.14.0,0.9-beta,3.13.4,3.1.00,3.3.1
agoyyvruy7qdjsnfgwaw5zqbqevdi2n6,1.14.0,0.9-beta,3.12.1,3.1.01,3.3.1
aigpv6s7u6rx6z27yosohnrydfyttgum,1.6.2,0.9-beta,3.16.5,3.1.01,3.2.1
ailaoxcsynbmm74z62i2jppkajrqkbyt,absent,0.9-beta,3.16.3,master,3.1
ajgkpaczgysgtrjcm4riayfn6qpi4gud,absent,0.9-beta,3.21.0,3.1.00,3.1.1
am4xamihdyzkzqxxq24kjkmh4ln364xz,1.14.0,master,3.19.6,3.3.01,3.4.2
ao6j7h2p3io2y3nxcnqpwd6wur7hasqf,1.14.0,0.9-beta,3.16.2,3.4.01,3.3
ax4k5ec54hrhkd3wwtx3lyg6p5k4tibb,absent,0.9-beta,3.18.1,3.1.01,3.1.2
ay2ojkbwwatadh4dbh4i6jlg6umpyizm,1.6.2,0.9-beta,3.16.2,3.4.01,3.2
b3um4zvsmpb3gtafa632gg5lvvj7y43a,1.14.0,0.9-beta,3.16.2,develop,3.3.1
bbjhif3hz3zf4f7ojn35jkek3ut5gsli,1.6.2,0.9-beta,3.16.1,develop,3.2.1
bj7qnhkfgzcgcndcquvsrgrl4633q7lx,1.14.0,0.9-beta,3.14.5,3.4.00,3.4.1
bjb2kbed7iojb6gkgpd2gosqgqrwup7n,1.14.0,0.9-beta,3.13.5,master,3.3.2
bmcdlry2bl56xdpxf2wj4worco5zsock,absent,0.9-beta,3.15.6,3.2.00,3.1.2
bucq3v55x2f7q5xstv53mx3hx7n4qpzj,absent,0.9-beta,3.15.1,3.3.01,absent
c6rapsp4tehcrl5wwzvkdpsqievqliuy,absent,master,3.19.1,3.1.00,3.0.4
c7jhuteywooxuj3yhhptdpd6w7ijuqug,1.14.0,master,3.16.0,3.1.01,3.4
ceeoyvjdkvme7sg67akytdbifct7hz4b,1.6.2,0.9-beta,3.17.4,3.4.01,3.2
ct6n3v5vb5n2fw7kf4tncmo6jqaym4pd,absent,0.9-beta,3.13.2,3.1.00,absent
ctywmruyqu3sib3euiioer5imzydji6j,absent,0.9-beta,3.14.7,3.4.01,3.0.4
cxd2ye6hnivo2ige3f5lwupnuxldycda,absent,master,3.16.8,3.3.01,3.1.1
d3ptpjxzbbnobpvdp4z5dcs62x7cjrl6,1.14.0,0.9-beta,3.15.1,3.4.01,3.3
d4xngni5qpk7zipyhdf6f43vheq4ooiq,1.14.0,0.9-beta,3.14.1,3.3.01,3.3.2
d5ikr646ores7amy3zrzydkiccszszeu,1.6.2,0.9-beta,3.13.5,3.4.01,3.2
dm24r6mmk65nbavphocqlmmsdj73pzzg,absent,0.9-beta,3.14.1,master,absent
dt2oei6npa22qfpuelx4hus7u6oxlfl6,1.6.2,0.9-beta,3.13.0,3.4.01,3.2
dwamifs356fubwu3vb6luyypkqupktu2,1.6.2,0.9-beta,3.14.7,master,3.2
e5pyfv47iw4gawbfkxfbqbxvefq2ytcm,1.14.0,0.9-beta,3.17.4,3.1.01,3.3
fadzeeqhyueu46qvenxjzdtilov62qdr,1.14.0,0.9-beta,3.12.0,develop,3.4.1
fek6reztpguqds26dii7g7sp5yr4i4ym,1.14.0,0.9-beta,3.12.4,3.1.01,3.3.2
fgoxyfg5o3gfcsjbi65ivoi5rrsmt4cw,1.14.0,master,3.16.6,3.1.00,3.3
gachxrotvfxmx7mec72efzakj3spquor,absent,0.9-beta,3.12.2,3.3.01,3.0.4
guld3ppqqm7ondmqeqww63sodjt7qjqh,1.14.0,0.9-beta,3.14.7,3.3.01,3.4
gvtjdmnvyw4kxsaajx545asdy3w7rla5,absent,0.9-beta,3.13.0,3.4.00,3.1.3
gwmj52vgo22wlfjvlt3sxlemb3mqz5aq,1.14.0,0.9-beta,3.20.2,3.3.01,3.3.2
h2kz4z5ywudz3ka33dy7ybsvfda75otp,1.14.0,0.9-beta,3.13.4,master,3.3.2
h4cswnjoolmaiejvn2wicj2kxeqp4mr6,1.14.0,0.9-beta,3.16.9,3.4.01,3.3
imqdcxamch3jydwrxgoyha4xbsna6k6t,1.14.0,0.9-beta,3.14.5,master,3.4.2
iu3hi7a33hgpm5byk3kh2t4okpbjsh7z,absent,master,3.20.2,3.1.01,3.1.1
j7szfkgywn7wuh57yeafxirwzqrbsak4,absent,master,3.16.6,3.3.01,3.1.3
jqw2ewv4idyqwn63fqjw7jeee3kfjnjj,1.14.0,0.9-beta,3.18.4,3.4.01,develop
k4qrzc7o2l2qcuqejm3rga4s3uzekpx4,1.14.0,0.9-beta,3.14.6,develop,3.4
k6vtwvo3bet3vvpcw3duql5ojqpy5vwk,absent,0.9-beta,3.21.2,3.1.00,absent
kalvxymvshivy7tbhuyo4agzys6noo3e,1.14.0,0.9-beta,3.19.4,3.1.00,3.4.2
khcoy5ydqp273unfdpv6bc3q2lw4sn65,1.14.0,0.9-beta,3.15.7,develop,3.3
knd3vyxhsrhgosaww752hev7hcljnbsc,1.14.0,0.9-beta,3.13.2,master,3.3
kpsohmoju4feuy5mz6fos3kbjgixt2bt,1.14.0,0.9-beta,3.14.2,3.1.00,3.3.2
kvtwvnixnv3v3wmuzktt5tew66aa7jbk,1.14.0,0.9-beta,3.15.6,3.4.01,3.3.2
l6c5dgegjrq3huzzqk2m2gxkqdaztith,absent,0.9-beta,3.20.0,3.4.00,3.0.4
l6kuyhsco4kxqf7vzrznmk2verow7mbs,1.14.0,master,3.19.4,3.3.01,3.3
macnbao2dd7qqt5tmjuhbmk5oz7h4auy,1.14.0,0.9-beta,3.13.4,3.4.01,3.3
milib7u4duzbdqap27qdto2zqoovqwrd,1.14.0,0.9-beta,3.21.0,3.3.01,develop
mkwgjm2cxnymquf75koftdhksc3fkwjs,1.14.0,0.9-beta,3.19.6,3.4.00,3.3
n3zyagdxm7fqsgz33g4obdhd7qtc57n3,1.14.0,0.9-beta,3.14.6,3.1.00,3.3.1
niykyqygukdoqmq3fsjmo2ek2hz5ctqd,1.14.0,0.9-beta,3.14.2,3.1.01,3.3.2
nj3ghlymmmhielpsq6wqv4aotidpg3xc,1.6.2,0.9-beta,3.21.0,develop,3.2.1
njqn7kqicifp7aj5zrb7ic7l6dythlyb,1.14.0,master,3.20.0,3.3.01,3.4
nltntjf64qm6s3q3q2zght6nhtnvlg4s,1.14.0,0.9-beta,3.12.0,3.1.01,3.4
nq67t4jydkrto52nkqiwchbrmn5gwkdy,1.14.0,0.9-beta,3.21.0,master,develop
obm4oeyujp55lygkr5t3jeahkpudftw6,1.6.2,0.9-beta,3.12.1,develop,3.2.1
okeptvurym45semnftitcgmsodplnk5c,1.14.0,master,master,3.3.01,3.3.1
olhhrwekkkalcpt3nn4tewc25hvt2gmh,1.14.0,0.9-beta,3.18.6,3.4.01,3.3.1
olmi2vvb42lw5osifyc3bpupxw37r7sv,absent,0.9-beta,3.13.5,master,3.0.4
omdwur2fzhszubctsbwjs5hvfkxj7mjk,1.14.0,0.9-beta,3.15.6,3.4.00,3.4.2
onj6pnqoobaoedhwo4jkchk4wg5csrcp,absent,0.9-beta,3.15.3,3.4.01,3.1.1
ooemkpssgxvacqc2phsxi2pjgyul2edn,absent,0.9-beta,3.20.4,3.4.00,3.1.1
oq2656amsnthbsy7msp4rbbyrvj7nu53,1.14.0,0.9-beta,3.17.5,3.1.00,3.4.1
or6ebudfzfhqriz7nzvhkow3ppo3sme6,absent,0.9-beta,3.20.4,master,3.1.1
orplc6v3fw7t3nkcbjqn46uur4auoxpi,1.14.0,0.9-beta,3.14.4,develop,develop
osmuy3njbmoezzgjooco6phiy237sf3s,1.14.0,0.9-beta,3.16.0,3.4.01,3.3.1
owtej7xhd5w25fr7o6fcslhgf2xvmqim,absent,0.9-beta,3.14.1,3.3.01,3.1.2
pbt3wgh64cyx6nduayfll33k2tblg3vx,1.14.0,0.9-beta,3.15.7,3.4.01,3.3.1
pdbfnd3pmugewhwsbxshozi4i4wiziva,1.6.2,0.9-beta,3.17.5,3.4.01,3.2
pdm3svbvmzvyjq2d547gny7qsog6rfcu,absent,master,3.20.1,3.1.01,absent
pfi3ysojhsbh6nhhpcqu56l7umj7bmov,1.14.0,0.9-beta,3.12.1,3.2.00,3.3
pimf2uh7skvwqhdrpgq4gchxbuzlj2bx,1.6.2,0.9-beta,3.13.2,3.4.01,3.2
pmtxvlg2w25iuoxvbchdsscsgvuipwuz,1.6.2,0.9-beta,3.20.4,develop,3.2
ppqgorodprajkantkveojze5hqwthfqp,1.14.0,0.9-beta,3.15.6,master,3.4
pqzqkyx2fgfwy5vxo3ke7zicv6vwdgk7,1.14.0,master,3.16.2,3.1.00,3.4.1
prqjyvlcpabzmkkfmksa3zh46sot3stw,absent,master,3.16.3,3.3.01,3.0.4
pwp4lbu5o6xikdtxu3kmogbqsdng2low,absent,0.9-beta,3.14.7,3.2.00,3.1
pyq3mtiiq5wh2qxfxmdfvgygahnpaql6,absent,0.9-beta,3.19.0,3.4.00,3.1.1
q5l5g5er6n3llptzlvo55vvtejtj4ece,absent,0.9-beta,3.16.6,develop,3.1.2
qanzhhu7cqo6vtfhzoberzi3ormtxwa4,absent,0.9-beta,3.15.4,master,3.1
qcirs6ywqg4mgmenc4naxszpnezyau42,1.14.0,master,3.16.9,3.1.00,3.3.1
qfusubgsi4l2x7bu4lp3lnpusn5fz3rs,absent,0.9-beta,3.17.1,develop,absent
qgst5f33ruw7etdy76ldreycsvj6zfwj,1.14.0,0.9-beta,3.16.5,master,3.4.2
qtlto7zrdhvnezc4oy4bqk7pcq2zvmmm,absent,0.9-beta,3.13.1,3.4.00,3.1.3
rmao6qzncs6o23qd3fevdnrgjleq73vp,1.14.0,master,3.20.5,3.3.01,3.4
rqh6e4qlnus2qqqnvrayxxidlxk5ymzz,1.14.0,0.9-beta,3.15.5,3.1.00,3.3.1
rs5svjd3h25obooximowxr3c2xg4xron,1.14.0,0.9-beta,3.13.4,develop,3.4
rscmtbnzzwhg52locu5ewstgb2q7qepi,1.6.2,0.9-beta,3.19.3,3.3.01,3.2.1
rsnoyd4xw5soarts7hsh7cthx4qrd7mz,absent,master,3.20.3,3.2.00,absent
runphmlme44k72mky5i4e524ynoeng55,1.14.0,master,3.16.6,3.3.01,3.4.1
rzwjj2mfmqtlbp3fhhcjt6edn2u52wwc,absent,master,3.20.5,3.1.01,3.1
s7ny7szmlqhkpom7rhnhtjzq3vitx6lk,absent,0.9-beta,3.18.6,3.3.01,3.0.4
sfs5quzrpncw54gaqraj5yaf3bj6kqu6,absent,0.9-beta,3.12.3,develop,3.0.4
sksf4yi7rwxiqam4bk67lyp7awmpyuvf,1.6.2,0.9-beta,3.19.1,3.4.01,3.2
sryjylznb64ms3komppxyld4tubmf4e6,1.14.0,0.9-beta,3.14.6,develop,develop
sw663w5plr3k4bxlxy4ihb4pzmf5dqlq,absent,0.9-beta,3.12.4,master,3.1.3
t4phepdcnauhrppwj5zebxo77iz3pn52,absent,0.9-beta,3.15.1,3.3.01,3.1.3
tm65bq2pbhg67aslb3aqjrobwndsg2rd,absent,0.9-beta,3.20.0,3.1.01,3.1.1
tn2x7eatgxhn5it2d5ckj4awkax666q4,absent,0.9-beta,3.18.0,3.2.00,3.1.2
toutgghv3l5vsdtr6e2qnam6nvrknzdp,1.14.0,0.9-beta,3.16.4,3.1.00,develop
tq7yuyg6cwltu2l3ff6s7zwazew7dgeq,1.14.0,0.9-beta,3.14.3,develop,3.4.2
tt3cghpeqwvs7c6e4a4w5vwjuafcgcei,1.14.0,0.9-beta,3.18.5,3.3.01,3.4.2
u2krye4oivvcgf7iggmnlhdbncuhplox,absent,0.9-beta,3.19.5,3.2.00,3.1.1
unqmnjfjlrq2266ucnq7kpegvzvjjwk4,1.6.2,0.9-beta,3.19.4,3.1.00,3.2
updrf3dqb5pmkjhijk4ubtxvg6oglyhz,absent,master,3.18.0,3.3.01,3.1.2
ursaamazzderfvvmyyjxcrhtz7isvyla,1.14.0,1.0,3.18.6,develop,3.4
uutncyxj4bsezxb7papiih7fnyrskihu,1.14.0,0.9-beta,3.12.2,3.4.01,3.4
uwy7xylqcyhoafbrnjaktxra2y2h3ort,absent,0.9-beta,3.14.5,develop,3.1.2
v5ee4vgi7hzujstoionrgfkk2opul6ka,absent,0.9-beta,3.16.4,3.1.01,3.1.1
v7bnv2vsjop5wutgicfyn3lblpc3jf35,1.14.0,master,3.20.1,master,develop
v7n3j6q4lmw7hoi6za37m36nvtmsclpk,1.14.0,0.9-beta,3.16.6,develop,3.3.2
vbuxirf65sgbspovfhnk7mb5jn3hphxg,1.6.2,master,3.20.4,3.3.01,3.2.1
vddtrcsv5hhum7pduxwewkdjiscktgls,1.6.2,0.9-beta,3.12.3,3.3.01,3.2.1
vigzgm26zhzg7jn4hdpkjmtq3nvtaefg,absent,0.9-beta,3.21.0,master,3.1
vrm4vkgscmmraihfhvcfdkyaadn5l5q2,absent,0.9-beta,3.15.5,develop,absent
vspvtwotvzw2xmnnezma5jqmtjyn7yzv,absent,0.9-beta,3.15.0,3.4.01,3.1.3
vznmnmmlkubgnmuktadilotnyezyqkak,1.14.0,0.9-beta,3.15.7,3.2.00,3.3.1
w3qxux4qst3h5wn47jktgftxnrswkp4c,1.14.0,0.9-beta,3.15.1,master,3.3.1
w7lj7anmc3iwtd5mfbz4cpbvyqdm6qtl,1.14.0,0.9-beta,3.14.0,3.1.01,3.4
wacfomligi4xmzuh262iqd6qrrqdqzvu,absent,master,3.20.0,3.1.00,3.0.4
wel2b2gpsfhdmz2oywwoop2vih7mzorj,absent,master,3.17.0,3.1.01,3.1.1
wnpspfwolwbrhoktktderwq7sxhdmcwv,1.14.0,0.9-beta,3.21.0,3.4.01,3.4.2
xess2kddoiphblhbu7s5xrmbv6n4zmz4,absent,0.9-beta,3.14.5,3.1.01,absent
xmy7qcsqcf6y5f5mzb3lwlkwvyyxngf3,1.14.0,0.9-beta,3.17.4,3.2.00,3.3
xs3epap34blipta2m5ryn5al3azhkzwa,absent,0.9-beta,3.12.3,3.4.00,3.0.4
y4frndv677bddela5ieduzsbc4zweocm,1.14.0,master,3.19.7,3.1.01,3.3
yifle3snsg2o3lcrqek4nhi6eczkpynr,1.14.0,0.9-beta,3.15.7,master,3.4.1
yizsirfugx7lwsertrmghcg4nvwjz7iu,1.14.0,master,3.20.4,3.2.00,3.3
yjk7rslzu75xga2yr5r443ghn5d73w7c,absent,0.9-beta,3.14.2,3.4.01,3.1.1
yqy3bwrqgrw3i3ruusu3p7qss5k5kwff,absent,master,3.19.0,3.2.00,absent
yrtc5ueveatk63otmdnocgks4gojwvlv,1.14.0,0.9-beta,3.15.6,3.3.01,3.3
ysaeyldjdxcbcj3v3csmi4jgpzne46vx,1.14.0,0.9-beta,3.16.6,3.1.01,3.3.2
yytz4xwzesi4ca34mzy4g7l7atmj5g7r,1.14.0,0.9-beta,3.18.1,3.3.01,3.4
z3adzg22cflzjxphvx75vzy4oojorvuu,absent,0.9-beta,3.13.3,3.4.01,3.1.1
z6xmvek5m4dnratwk4r663kktml6coie,1.14.0,0.9-beta,3.13.5,develop,3.4.1
z7ywntxpd5cm2yrjk2iaiyiu7d4j4esw,1.6.2,0.9-beta,3.20.1,3.1.01,3.2.1
zmmvillnw4ktkk52bvkkvl4l22g7fggx,1.14.0,0.9-beta,3.14.2,3.1.00,3.3.1
