,camp-version,lua-version,axom-version,umpire-version,conduit-version,raja-version,cmake-version
53wumx5izjys7d4zkjovgzu5rfevm6vc,0.2.2,5.2.2,0.3.3,4.1.1,0.7.0,0.14.0,3.20.5
6tuf3hufjwoyjg4pfno2x7jeasju7bvd,0.1.0,5.1.5,0.5.0,5.0.0,0.7.2,0.10.0,3.16.9
73wldrsgawh4jumqz4rifmx4myjfmfqz,0.1.0,5.2.3,0.3.3,4.0.0,0.7.1,0.12.1,3.15.7
cwckzhhj7pyzesjk3tt526smem75fcua,0.2.2,5.3.5,0.3.3,3.0.0,0.7.0,develop,3.15.1
dhm3dyyzcgdcyp3cdex77xrh43a4zmob,0.1.0,5.3.5,0.5.0,5.0.1,0.7.2,0.13.0,3.21.4
25rdd4rpewl5u7wp6q4u74auo2zmr5bb,0.2.2,5.3.1,develop,2.1.0,0.7.2,0.14.0,3.19.6
2uwqqcjaz2csrwklkixakovmrq4jknru,0.1.0,5.2.0,0.3.0,5.0.1,0.7.1,0.10.0,3.16.8
3lzwu47ugnzxeypydgieasgs7rxl3qkb,0.2.2,5.3.1,0.4.0,2.1.0,0.2.1,0.14.0,3.16.4
3xjhp6tsgzimug6tiiablgevyg7d4euk,absent,5.2.3,0.3.0,4.0.1,0.4.0,0.10.1,3.19.8
57ye7byiersgtahnspqd2umydn2zcpkh,absent,5.1.3,0.2.9,4.0.0,0.7.1,0.10.1,3.19.8
5djzgrqd5ar7k3r5pfbqpv547pxi4sil,0.2.2,5.3.2,0.5.0,4.0.1,master,develop,3.20.2
5mea4et6jfvqj3exxpibggrq374v24hn,0.1.0,5.2.4,main,5.0.0,0.7.0,0.12.0,3.16.0
6kufjelgo3gkvyrpmn7k3brc56rffev6,0.2.2,5.2.2,0.5.0,4.1.1,0.7.2,main,3.17.4
6rrvlzucv65tg6ewa4iebpad6nuyugq7,0.2.2,5.3.2,0.5.0,4.1.2,0.7.1,0.14.0,3.19.1
awwlkboc6aopcxeonbbdqfd7tmzcw5an,0.1.0,5.3.4,0.3.3,4.1.1,0.2.0,0.12.0,3.16.3
bq5fattzvpa74pnmgwle45l43couvxtb,0.1.0,5.3.5,main,4.1.0,0.7.2,0.12.1,3.18.3
bt2iriewj7ypctl3pteljxv2yvzwxsav,0.1.0,5.1.3,0.3.2,5.0.1,0.7.1,0.10.1,3.15.3
ec3ioojwydawvl7ek2gpsvktsrzhpoe3,0.2.2,5.2.4,develop,4.1.2,0.7.0,0.14.0,3.20.2
edbi55e6uq26l372tqmivsl5loty66k6,absent,5.3.5,0.2.9,2.0.0,0.7.1,0.10.1,3.20.2
gcrynku3gtsg4ggukxytuoarbvxpxwai,0.2.2,5.2.4,0.5.0,2.0.0,master,0.14.0,3.20.0
gdnuiva2ynfdexrhnnkqohficon5fyhp,0.2.2,5.2.3,0.3.2,4.0.0,0.7.1,0.14.0,3.20.1
h5fxypc4w4mplcna5maczlwituwqygac,0.1.0,5.2.4,0.3.1,4.1.2,0.2.0,0.13.0,3.19.6
hcggge5b7q6dnfksj7e7j3ctxy2soxtn,0.2.2,5.2.0,0.5.0,2.0.0,0.7.0,main,3.17.3
i3z4o7i27tfkjkhppnxwpokz7tow72q5,absent,5.3.5,0.4.0,4.0.0,0.2.0,0.11.0,master
ia5szrr2vured4bhwvscrseh3xkhqsh6,0.2.2,5.2.2,0.3.2,2.0.0,0.4.0,develop,3.19.8
ievv5skwmykugz2r6f7yhcpaqdg7rixv,0.1.0,5.1.4,0.3.1,5.0.1,0.6.0,0.13.0,3.15.2
iuodmkbgaoadij4wda4lzg4xqindmk52,0.2.2,5.3.0,0.3.1,4.1.2,0.6.0,0.14.0,3.18.2
jgiiopnuegz5nawtyyabu5ysv4skqbxo,0.1.0,5.2.4,0.2.9,5.0.1,0.6.0,0.10.1,3.19.4
jle3zx67o2wvttak2gh7okmfrqxouee4,absent,5.1.3,0.2.9,4.1.1,0.7.0,0.10.1,3.14.2
kpmbwtxs6e6oassiiwatkfyqpu4i5izv,absent,5.2.3,0.5.0,4.1.2,0.7.2,0.10.1,3.19.6
l63lujuxx3t5tqncom6bsqpn5fgktdwh,0.1.0,5.2.4,0.3.0,5.0.0,0.7.0,0.13.0,3.14.4
mytgrk5rgvtqgxhcs4cbihtlawtvta2v,0.1.0,5.2.2,0.5.0,2.1.0,0.7.1,0.12.0,3.18.2
n75q2oza25rrttqzo42jkb5ptw6xdsza,0.1.0,5.3.5,0.4.0,5.0.0,0.4.0,0.13.0,3.16.6
nfien3f3pu4gtb7o77q2hbsacitsjkon,0.2.2,5.1.5,0.2.9,2.0.0,0.7.1,develop,3.17.1
nkmzpbglh3kkmw4bhr3zvt4ej3x2gixh,0.2.2,5.3.5,0.2.9,4.0.1,0.2.0,develop,3.18.5
nubsp4yt5awsatpal453puhpiqpu7ptd,0.2.2,5.1.4,0.4.0,4.1.1,0.7.0,develop,3.15.4
o2bygabu22xjs3an3lxb5caqavspoqxe,0.1.0,5.3.4,0.2.9,4.0.0,0.2.0,0.12.1,3.18.0
obyszidmg4hwpe7x24hd4qeoeytflql3,0.1.0,5.3.4,develop,2.1.0,0.7.0,0.12.1,3.17.4
ogqdkzs4putbbdoui2iy76owovforqyw,absent,5.2.0,0.3.3,4.0.1,0.4.0,0.10.1,3.20.0
powzep4r4syf4g4eknyooxflaupy4ooo,0.1.0,5.3.5,0.3.1,2.0.0,0.7.1,0.12.0,3.18.5
psgnxucxi4l6fdwxfzsnbgnsyoyiaov4,0.2.2,5.3.0,0.5.0,3.0.0,master,0.14.0,3.16.4
q3mvlvbgp3h4jjaufdzvf7767vttkpz7,absent,5.2.0,0.3.2,2.0.0,0.7.1,0.10.0,3.15.6
qovb2zayxb575kcu5w77wpemygqwe4hy,0.2.2,5.2.3,0.3.3,2.1.0,0.2.1,develop,3.16.4
qqlisbgetr3aadhnpozbr746skdeln6b,0.1.0,5.2.4,main,3.0.0,0.7.0,0.13.0,3.17.4
tcpsmwiqbnqh2giq3bder2svaqjl6t76,0.1.0,5.3.5,0.5.0,4.1.0,0.7.0,0.12.1,3.18.2
tfiabpieoyorvx6n4s4qjq4j36itl4nf,0.1.0,5.2.1,0.3.1,4.1.2,0.6.0,0.12.1,3.19.0
trt6lm2tnytkjaexwd47qxbhwzhwuhpl,absent,5.2.3,main,3.0.0,develop,0.10.0,3.19.8
vmhsaikr6z32eabml7cqqqgyiliu6szb,0.2.2,5.1.3,0.5.0,4.1.0,master,0.14.0,3.20.1
whrprzg2o77fqweqhtiqkiucls5nfjid,absent,5.1.5,0.4.0,4.1.1,0.7.0,0.10.0,3.18.0
wrvnyru7qvz5v6h4sinvcl6gqi7vdra2,0.2.2,5.1.3,0.4.0,absent,0.7.1,0.14.0,3.19.8
zd7cscfpx3ih2fhtvw7a6s3zac5kdyoi,0.1.0,5.3.5,main,3.0.0,0.7.0,0.13.0,3.16.5
znpn5tisurluuev7vjunt4m7dkzyxr2k,0.1.0,5.1.5,0.3.1,4.0.1,0.7.0,0.12.0,3.16.9
zuedqoqnhfvhfyn3pkd7qnthbgen2dum,0.1.0,5.2.3,0.5.0,4.1.2,0.7.0,0.12.1,3.15.5
