,cmake-version,kokkos-version
25smglra6ejs64nhm4ux2pmbnoavcaew,3.15.0,3.3.01
2aa2adrzfanc6cvwtu7eqous2b64htf7,3.19.5,develop
2b5m3ug42xxkaddengujslyyb4y4ckx4,3.13.4,3.1.00
2ejrvjyevs6b4foaepuwsnp6oocyuscg,3.18.4,3.1.01
2hqetpb42xntrdenicp5lxny3imxl65x,3.14.3,3.0.00
2iydnuojtaxhtwjl2bsorolykawgem3c,3.17.4,3.2.00
2kwe7cgjtmv3tvhea7j7cgysvkexypjj,3.11.3,3.1.01
2le42aipxvbgztletamyzcvtkgpxc5d5,3.15.2,3.3.01
2msk57eb2mqqqgc57g5vqk2nic65q4st,3.16.5,develop
2onmvohycul2z6nn333tsq45p6uyyvr3,3.20.2,develop
2s372lgvw3dghfwldjs25v27mmgf7hk4,3.10.2,3.1.01
337kiihstpsizjxbvhmdlqr6axt5guy4,3.18.4,develop
375j3r4qkb2q5jbkbgwmaegqnuq7nir7,3.19.2,3.4.01
3bakxjrv7ruqtnd5qcqh5ryywhvkgsxx,3.19.5,3.0.00
3d33rosd4qkxz6jvwxwnzuhzi2tjd5fd,3.17.0,3.4.01
3dgqpewvkdc2nmskb46mygzuuznyvpyy,3.16.4,3.3.01
3eewwvlor5dn5z3e56ydpklv3qcq6rsw,3.19.2,develop
3f263xcojy6nyjfsz5i5m2touocrg3s3,3.19.6,3.1.01
3f3rpcmceawgztzthlxgx76in3hna2hq,3.19.4,3.4.01
3hzo3yupiyurzib37z6c3rbutezfn7yw,3.21.3,3.1.00
3hzxsi73nnh3l5z2eun2ulxpmwd5xkit,3.10.3,3.1.01
3ip4vfjfmoulrsinneix47kcjnv5t4cg,3.21.2,3.3.01
3oziouqmrhkq3dzmygog67ek7mulo6ew,3.10.0,3.1.01
3rw7u6sqesnphj5s22sie6vxzlgafxbw,3.12.0,3.0.00
3uhunkba7xfktest6mu3btbws3s6yggv,3.15.4,3.1.00
3uo6b7kbvowzo3lqde672f2gx3i6nccn,3.21.2,3.1.00
3vffrrgmodkxoizcxlcbnoqzuecijy5i,3.12.4,3.1.00
3yr5emuzu5dzgpkm6zwpc5bm3ba4go2u,3.19.1,develop
3za5rx6c6so6dqvafrhic4ukwudpt2ee,3.20.2,3.1.01
3zfy7uzsjoiy3fqvwgjjrqdwau4fxqcm,3.13.5,3.0.00
42swm2f4mqeit4xpoajohsfhlbhf2ohg,master,3.4.00
43gz3yqgd2ue5schvba364kmave2evwh,3.14.3,3.1.00
43jc2tymanbpw5rdcwfwqm7u5llblpk3,master,3.1.00
44hlkdhabungxlndtun44uyoemmqtot7,3.19.0,develop
4aog7hod742rka2gyseoccrewqetjuhz,3.11.0,3.3.01
4dlhsiyejp6wcj7rzhqwqf44adbfs567,3.19.4,develop
4hgmfv4bn6plj54ens7zky7umoxcptwl,3.16.6,3.4.00
4lcooxtzkwbe53wkgp4m43g6x6goy5xx,3.20.5,3.1.01
4leps2xy4ew74hwldjk6ellhq6tusfis,3.20.0,develop
4orrwaafwgwym7x4hc6xzywe7z2ccbcx,3.20.0,3.4.00
4oyhe2zmluldk72dhmgrqf5am456qsap,3.16.6,3.3.01
4pruiwjchs5zazxcqg7cb5idzcsll7hb,3.15.6,3.0.00
4riflg6oykyw7isoofnoftfahounnjnj,3.10.1,3.1.00
4v6a4iqz7khx45b6jzpbu4wn7j773roo,3.14.2,3.1.00
4wmdvwuh5yv4iyfddal5m5lacinllqjg,3.20.2,3.1.00
4zlncnjzcobzl3qmj3xfjh6gkev27776,3.18.2,3.0.00
53eawyosj3tvzug5ikcdrs3qi6xtykoh,3.13.4,3.1.01
5gowtranlif6o4ve24zqm7rahfi75r72,3.15.4,3.2.00
5iiuszmsri73fsgugfcoe7e72cjkcfzy,3.20.4,3.4.01
5jezdlqsm73acd6jqy3w6woe6lenbbdv,3.21.1,master
5l5ivkxfc3n2ozeximhv3a7m5ue3dbro,3.15.5,3.2.00
5nlw4zloqdqniv77j6ymva3e55huaje3,3.16.9,3.1.01
5pwtqgdolaffluuapom2b7roigyulyha,3.12.1,3.1.00
5uhbdabpvmzo34u6y6muujtywyqrizpr,3.16.8,3.4.00
637ypptwizhx6dftiuuatyyrhfhnkbcv,3.19.3,3.2.00
64mlayqfo2bjo2b7mxaftqm2wxiqhhpi,3.12.4,3.2.00
6bstkhe22hd27wp6xfqmwnmq6jqvaaxh,3.17.5,master
6c6mi2ns5enfsuwguiqp6oe76ryuzbhm,3.19.7,develop
6ggtvtwiqmgdhwdhbccufmchon27omya,3.19.8,3.4.01
6glgi27pbmnmdzanbvrovhxpdaqev5sx,3.16.4,3.2.00
6kmvxwe27ihhmrfejthlinhxu3jitgja,3.10.1,3.3.01
6mwpaxqbdypspxxswscwdxve6dkdkv3e,3.20.0,3.1.00
6ofekkgpu7i3fl76amsnymovt3onpe4e,3.19.2,3.3.01
6pdax52xqd2oiu7hhr45x5rbfougnztp,master,3.0.00
6slrzdsv645glcnaqjnkr7if7ekngxmt,3.15.7,3.0.00
6ukzowauvqhq4rgc6o322k323shqj5gm,3.21.3,develop
73rysfjf432pseewy4c2pcejsvrrrdst,3.16.7,3.1.01
73tkdnwlzssougi6mqhjlx72ym7jqljv,3.17.1,develop
757k76wdlc5aj3dlph2utajv5o2qnbw3,3.16.0,3.3.01
77cdchoeqe2xnvpvnktni3ricf3s4uba,3.19.8,master
7fjfwcevabevonr6d2agoh37syjooeat,3.14.2,3.0.00
7is4hohyntfpzom37riw2r557kkfmznj,3.18.2,3.1.01
7jqin4cdoy56xxe4za4c32kpfansya4i,3.18.1,3.0.00
7mvnw7tnsvoncfl7llycsha542bwoki4,3.12.2,3.0.00
7syxfuihmrdch4c3bbn5rdd474qdisil,3.21.1,3.1.00
7u67pq2xgxza7kdm6p3ufyl6wmrrjba5,3.15.1,3.2.00
7xer6hxakxha44oxezwltnz4vum66ude,3.10.3,3.1.00
7y66iq6xhq6pbwqj6apghx6mojnwx7am,3.19.0,3.4.01
a5xoujhl32e3vexy6oo2ifvdzob5w46p,3.19.6,3.0.00
ahqac57gmbcmcw776qpeqkf45t3pp7sk,3.22.1,3.1.01
aiv2i2adfjrowfjl6ze6cbbtrrotcjby,3.17.5,3.3.01
alcrllh2gtviageufezawixs3bdblim3,3.11.2,3.0.00
amz3xgjdhjzotj6xygiykxz7yhwgmk74,3.20.0,3.3.01
ap5vhg6dksuokopnphzov2y2cbsioqgn,3.18.5,develop
aq5v2m7yp7obmvcqwy3sbbm57fcmf2wf,3.15.3,3.2.00
arrsmu3hs3zch3cppotkfhgiqphptzqn,3.19.3,3.3.01
azqj34fjunk7howkzzhbcstsxfwpbv6m,3.18.6,3.1.01
b4hp6wsguuqx32dte627jywojbd7zmqu,3.16.4,master
b5sseemzy4ixbv6ebuz4xtqips3tpdyl,3.13.1,3.2.00
be4he33rlewr5rbynn3hkydbipwpgwxf,3.20.4,3.2.00
bfw7xf4ltkn4whh65uv5btnfz6c67p5c,3.19.0,master
bi665tdgtacjva23wwz6kkekiy25zlts,3.19.7,3.1.00
bjj653bht6rsgnqs6grrwpqsellebqsa,3.18.3,3.1.00
bk3rzw5bpblzmsdl7n6i6jnqe33rtpl4,3.17.5,3.2.00
bkk5f6moizoqksmp4sibig5awj2cfmux,3.21.3,3.0.00
bma2ebxpqu2yr6rwyaun6xmtwftaqsly,3.16.5,3.4.00
bn6vqhxsb5az6zhszqnfxwqpcsagelgd,3.14.3,3.1.01
bnxfnwjgxrb25byrlchbvkwpi3mmuvz5,3.18.6,3.3.01
bucwouru53rz6ged6vx7dtpelbx7zz7d,3.14.6,3.3.01
by4emuet2j6h6ednwqmw4zrljnykqxeh,3.15.0,3.2.00
byd2ngjj5h72rzvfcett6emn5bzyi7zg,3.15.0,3.0.00
bzfrri7pxe2uwdgh434gbb7iinjqhzux,3.10.0,3.0.00
c2qqyodjkiri7lon3apvovxgycgxkdar,3.17.3,3.1.01
cawmolnuwu3kthb3jmpk737slsebiyex,3.10.1,3.2.00
cbtv6wwg2rmx55xrw2jxnvjhv3md62f2,3.20.5,3.3.01
ccu22qiihc3zaybbva3fzhgwtricp5mo,3.15.3,3.1.00
cgodpemgfuchjyzctmtqdzyrqcvqaqyl,3.17.4,3.1.01
cgohnf5ehsyfmcvcbxl7kybbezojorpp,3.16.7,3.1.00
coqma4ttfuuaw22o4nsc4gk5da4n6swm,3.12.4,3.3.01
cos3s2lkodahb6kxtuab2h4whbifax4j,3.13.2,3.2.00
cqjrgkunvmtc6nfbimgab4zp2genmb3h,3.16.5,3.3.01
cr6rk3d5pwbj6mzpcmtyasgyejypopjk,3.18.3,3.4.00
cuwhlkcproimgmiast3rqiqofyzfxv25,3.16.7,3.4.01
cvtxzlybtdnvxa4fwfb7nowvsgolfvwp,master,develop
cwusoz673tvaxmuarj3nr6dzojxasgwu,3.16.2,3.2.00
d4ewpqb2rrxdqjt6tyca2yvi4wamqhmz,3.18.3,3.3.01
d6uo4ucwkkzxkgepyfr2amom4wqxkcnu,3.19.0,3.2.00
da6xoyor7ddacgd3z5ircpgpv6mgdvpe,3.17.0,develop
dazx4gbkom2zzbqcpcabbpfgvuderhsq,3.13.0,3.0.00
ddiokdhtynqt6rkbq6srdmtppv3634in,3.20.3,3.3.01
demvwovebzve64r7xdrixgcwmpulz5yh,3.18.0,develop
dgsxv2gbuxuyanjw3xrlsp6qjpgpym5o,3.21.2,3.2.00
dgwr5bnwmxiwtmulmrl2kjn5arzmj4px,3.21.3,3.3.01
dih3rcsz5axzzi4x3ch72pps4owva2ke,3.14.4,3.2.00
doq43eg6zzshlbcm2uo7onfn4dbc3j5t,3.14.4,3.1.00
dqb6ku5wo5qff542mqubcoxkwpb4km7p,3.19.8,develop
dvle27dpnde2zt6qzigy2u3f633w4j65,3.20.3,3.4.01
eaqm2ub4h4rlijsselpwgxhpaerern62,3.16.1,3.1.00
eegooy2gzm7s7veghef7tl36z3oziku6,3.10.0,3.3.01
efu32sbgjfeyrncl2wwhoryyal63kxyd,3.10.2,3.0.00
ek3dxmx6udidtomz7adxcmlrwq3nwtt3,3.19.1,3.1.00
eob5pvj24c242hfgkpwm5lvx6k3xpp6u,3.18.0,3.0.00
er3gpddferozastoegvfr344t2ed6zwe,3.21.1,3.0.00
ettnsql6s55u7ep3h2j2mz7y63zgy52d,3.16.1,3.4.01
eugx7wz4tlelyzz6xfni3tybjwgq2ki5,3.15.1,3.0.00
ev5d744g3jzftl3b4j5sx563q4l4tp72,3.20.2,3.4.00
exrnmfyb4la6wip3uyfqesbhox5tvffu,3.14.4,3.0.00
f4xptzesw7kwgb6dfvwpyqwkhu7fnqwt,3.18.1,3.1.00
f7v73fo26mktdydu3lylvflfsycjl2mu,3.15.1,3.1.00
fark2muf5tcig5gsmictntqplc2l37db,3.14.0,3.3.01
fbmh2lcizq6glkw6rchy4ahsi237eitb,3.12.1,3.1.01
ffl5ky22ttclqvyoz6wtapsxwx2gwm42,3.17.1,3.3.01
ficufzhffdo6rg7ihkwooi2odekxxkiq,3.20.2,master
fk5r4qob63yu5gnmwsisk7jjgpnvtydx,3.16.9,3.2.00
flkfdwehmgnb4kycvsaecxo4hljjz4ct,3.11.4,3.1.00
fmb5h3kdrye5ixfl7h4evzylt5qz3nmk,3.18.4,master
fobxs77yxwnzfeb3bwv5tmay6cm5wevv,3.17.3,3.4.01
fpont2ltabtrth7qdoavc5mfuvoxzcp4,3.14.5,3.1.00
fpvbfy3mfo2myitkbt3dhdtdtvnvmuy6,3.16.2,3.4.01
fqhtdudbvt2kfvajrzytvzqfdxtm6eaq,3.20.5,3.2.00
frzptpsge3aqqm4zpwey5vw2bpww727w,master,3.4.01
fs7ajcq4hqhjfq5hzwzr32nor7g7rn7u,3.15.1,3.3.01
fsy6wqzc5dzy5mflrfzvo2oisiy4ouyz,3.14.7,3.3.01
g3vb6hzfm5zkanjmzy36uvtjubzvag2f,3.12.3,3.2.00
g6fqnrpl76j2fqi4u2j4dskv53gbdeho,3.17.3,3.2.00
g6geoxspduoabbv4h4safvsv2ddoj5cs,3.18.3,master
g72yqz75ozdpg2s3w5velqr32y3ncwza,3.18.6,master
gef3svghbx3lz24gguwnv7m43h34mbry,3.17.3,3.0.00
ghsrqog3ocvfz222h67j63jpthvujgzm,3.19.1,3.4.01
gkapxito4iozdcywexxwqmtcnccrhrei,3.19.1,3.3.01
gqyd3ms2oqljvieijkus3s3wct5g7fjv,3.19.4,3.2.00
gzui7rq4uree6bpboqoy23id2cy443vr,3.17.1,3.4.01
h7yg2sibjrn4iguxn6baradllfoctesv,3.22.1,3.4.01
hsy2j4kqvnw576jeqdrvvq3u4b5wy5mk,3.11.0,3.1.01
i2knx7qvnywjqlf3pxjifqdh7jq2pmxs,3.14.5,3.1.01
i6du3vwumaafsrtyfj63sic3v5dny7z2,3.19.3,master
i6y772tyt3lyd4vfkhzcvtqybjoneu3s,3.16.9,develop
ia3wnsupws7txoy4wjdh4jahmj7cfdec,3.18.5,3.4.00
igzdwjxb7cwcwrz2wkumon7dc6wgd6cp,3.16.5,master
ihtexw4grdxjberrfzyf6jupcokdtx4q,3.19.7,3.1.01
inxu4qxlf4e4ov2kvti3bafaxmdulcer,3.18.2,3.2.00
ior7k2jeju2onhdjpx3r5lyptnel4bgm,3.18.0,3.3.01
isxff2jg3xoauodtqnomp2u42hd43y6u,3.12.0,3.2.00
iuyxz5dioxoopojwa773tolddl6jtszf,3.19.3,3.4.00
iuzoxsu3peyyqdhqxpmx3ureidirdith,3.18.5,master
iv7svcq2ow7qzugi64zvw6ttf4wjwxtl,3.19.7,3.2.00
ixocde7gpp66ndifvd2z6jyfryevu7r2,3.14.1,3.1.01
ixxpnedlbgsfqstbo777zvexzbsdfgdk,3.18.4,3.2.00
j45bioxnjl3fblblhq7lb6kxbhezrjm2,3.16.3,3.1.00
j6koxqn7jdalep2zdisduoqbafw3wv4t,3.16.0,3.4.00
j6vkueaorad7ea3yyxl6tozwpawsxcrx,3.12.2,3.3.01
jafdmzop4442namqh5gxgkawtfobylkz,3.20.0,master
jaoikzcnuucxsdzwdfbzr3a73sxffux6,3.13.0,3.1.00
jeejk2nuh5pnp7ccass72psqqqfpkevr,3.17.5,develop
jhh3jqqtajpzi2buz4flcfxqfhv4hg6d,3.13.3,3.2.00
jll275gr6647iwekx3liwkdnm6c7qqcd,3.17.3,master
jr74heu55isfzic5e7xrjxt76js4brgy,3.14.3,3.2.00
js4nahopfgjin7jcbcsbso2abcaaowwf,3.20.1,3.2.00
kz5mbox77jdloqbnro2pqmqhjam5kjch,3.12.3,3.0.00
lchwfthq5wudckez5jqdlirjdtcfkan7,3.15.6,3.1.01
luowl2tv3be2rwh5ewdmvyt636u2dpg5,3.15.3,3.1.01
luvmvyazmprx4ykosr2o4oga27x57e6t,3.18.1,3.4.00
lvgczz3r4ehii44miwkfesx57xezto74,3.18.5,3.4.01
mbegusut7g6x54a2ug557yniowmc5ryx,3.14.7,3.1.00
mfobi4g3ya4wt3hk5b2nksk7sphy5p2p,3.16.4,3.4.00
mgng7sgjfzqe2kpkju5xx5nrxckk5p3u,3.18.3,3.1.01
mgou7v63r7zgk52wlbpilw3m6tlgjh24,3.16.1,3.3.01
msuq5nhy24zi7cg75bc74rcd2znjoczz,3.19.2,master
mvuq56jkty5cvbrketfqpn4klsifqhow,3.14.7,3.0.00
n6nbtrf6tu5ge4omdjlado6uyuww66fk,3.19.3,3.1.00
nh6b6fy36p57scg4szb7ab2sd6rii7oi,3.19.7,3.3.01
njfxubb2hdnprwfootpmxmslj2qpftiw,3.21.2,3.4.01
nrvqovfvagso5kafsl3t4byyrlvltp6k,3.11.2,3.3.01
oxu54cexup5tjtobbnu2atg6mesg5iwk,3.18.6,3.4.01
p6cz5y2fz3rasdfxngmi5ao4d3poi7e2,3.14.0,3.2.00
pmcvk2lywt3y6bqobd7epadc3bjbd24k,3.16.3,3.4.01
pwsegdqbcbzgno7c6lkiuzcpkrmz2uzl,3.17.1,master
pyf4763m72nmtdpory4flqjhqkx35cp7,3.11.3,3.2.00
qjkp43642lkkehihrwp2fprtmp34rx6q,3.16.6,master
qlc35nnpxhslhkp4lurcoe6lgpudp5wz,3.13.1,3.1.00
qnb5liya6hvcak536z3eglhcyq4zp4yu,3.13.4,3.0.00
qoa3son75eeogwnuviuadhsmeb4c7o2u,3.16.4,3.1.00
qsg7kmgu7wtimv4fqoqobostwzrxrgqd,3.19.8,3.1.00
qvxg577vdntdhw7kffvk57o56p3wahlm,3.15.7,3.2.00
r74msox6uruczb5cncndymiqc3lfqf7x,3.16.1,3.2.00
ri77m233xnknlffd4nhwrldv2iti5nyy,3.13.5,3.3.01
rntftk62prrr3ehsdhctg7ozqjrgh2wg,3.11.0,3.0.00
roh444kaopbnnr5nno5g32cvnxca4y5f,3.17.3,develop
rphmtczplrlzoqedukd5fx2rkegytq6u,3.19.1,3.2.00
rwzh4zlqjpr7kzqukttjxs6mklf2uycr,3.13.0,3.2.00
s3ib64myr66ndjkmvehocn5gxoz72euc,3.19.8,3.1.01
sevsvr5vmayknln3byr246iip3bd4lrr,3.13.2,3.1.00
sizdhnlehk4gykmpszxzcpgjhta6dxct,3.10.0,3.1.00
sn6pzzy2b5zij3ymu3dzznknnhjupyjp,master,3.3.01
sosy37gzh4o55ye2wdjrobjo5k24rzew,3.15.0,3.1.00
sqy3zq5mkbbuftol4zrw4mlzwv3k7sjx,3.22.1,3.4.00
sxi3pfr6zrl24ar3myqmwnasvuygouie,3.16.9,3.4.00
sy6wbob6yfkstndooskqltsvsxn2n7n2,3.19.5,3.2.00
t74vy3gtxbizurpagqa4ldzyexd2uqgj,3.19.3,develop
t7hyc46sc7bpriosoy4tt2h3dxmw633b,3.18.2,3.4.01
teih2nsavj3dwp3yyfptpapzb2yyvxr4,3.19.2,3.4.00
tfwybcyitvvl4g5haugclkqbzzdy6b3a,3.15.4,3.3.01
thchy6sqdylghxa55qtrpjetxphg22s7,3.15.2,3.1.01
tlnirxjo4rly3mduvrt6wjvj3axhhhvj,3.10.3,3.0.00
tpnm4kwa745sz2yywdc4nuz4ytxrnmfa,3.21.1,develop
u2wpqirkktxyasq5dhg6e4yriolcaout,3.18.4,3.0.00
u43m3fqbty7cujvtqvhjz3qs7zpkadlv,3.15.2,3.1.00
u4vvxwuouv6zw7tokae6pbj7xnpismmk,3.12.2,3.2.00
u67473bu2hsgfpl6t5jpub2v4gqyhkfz,3.16.8,3.3.01
u7pmctycycoljgbpbfmedrleg3g3iwv7,3.14.7,3.1.01
ugzcdbhywzyv3ivnrufsr2dtvsxtkogt,3.18.6,develop
uitmkh2fu7sybbbpdalp7og5kgbyirs4,3.19.1,3.1.01
ujw6rverxffwubskepyftws2eo33zide,3.14.5,3.3.01
ukfvexvzifimkvs6mscntesfxow7hl4c,3.13.5,3.2.00
ukq7dup2tunc2tmm5gwgyiwe6twifrqq,3.16.3,3.1.01
usoadb6wtgnorcfr54bxuojs2jjmxlpj,3.11.3,3.1.00
uw52en2ypp2f62tf3ahb24mg57blnmp3,3.14.3,3.3.01
uwkdeaunx7kmzeun37wn2uth3kylrres,3.20.3,3.1.00
vetoapua6v6e4rnpdqlrybteg2jigdjj,3.21.0,3.2.00
vg32wfyittgqknayc5tpwvlts53nxma5,3.13.3,3.1.01
vivfwfn6y3qkb2cnm6jvkkjr5nmprude,3.14.0,3.0.00
vl5r4d4gze4ds7irj4wetvd36c63iixk,3.15.2,3.0.00
vnyx5yvwxteytzvaeqmuq6ugbsbwssbg,3.11.4,3.2.00
vqem6jofqokvs6v5intqfoul6erj7grt,3.16.0,3.1.00
vrrmfkhgmissy5hfzpmrmi6f3ui35hr3,3.15.4,3.0.00
vv2li3z5hjealf27son7t3iqkjw4cz4r,3.18.0,3.4.01
vw7t6pdg3n55xjqqgdp7usrn5vnieomk,3.21.3,master
w4qmumympvxqs4czw7y3dq3jbfgmqfqq,3.21.2,3.1.01
w6466adzvbbcoxsyw4f2sk5y7purnwnm,3.13.0,3.1.01
wbvkr3bud44yp5232uoj7ritarh4lb7h,3.20.4,develop
wfsbqsp2ci5c5pyud4z2k2adzq2x7kdn,3.20.4,master
wifh2atgddycvk4gyrm3twguixhcln5y,3.16.4,3.0.00
wlrxaxzyzh7qeim2gm4jrydhb4ckgtie,3.16.0,3.0.00
wrxe35usmknxo5uqnuzapinzcjhztip7,3.10.2,3.1.00
wz3gu3y7qrpy2ckv6bn7jzzdkfos3ybq,3.13.3,3.3.01
x4fc2tirtpqycqoalitlr7utvtrotxir,3.19.6,master
x5ce7qt5degh4txmti6rbbf5lnd52eds,3.16.8,develop
x7bzb4yru5v5v2mjhdznqfynhrvenxoz,3.20.0,3.4.01
xgeliq7ekkysgpngozsj6zpemgf5kjwa,3.20.2,3.2.00
xiqbrnkduashjeakgrpkj7rhlyp7qang,3.14.0,3.1.00
xkegoci7yooq5cn355exduhwqr3ulmvl,3.19.6,3.2.00
xl43astlqskv4gem5ld34xh7cscdqkhw,3.15.6,3.1.00
xldr4lpoxqhz2nfci7yqwdl7kp4mqwyd,3.18.5,3.1.01
xliutrqbdp2modbv5qny24qisopesnv5,3.11.4,3.0.00
xoz3y3esirbqvcxgray3uhzq6lnrk2cy,3.18.5,3.0.00
xpwtaycl4usbz6xmvy3o4j2jyn3524z5,3.18.1,3.2.00
xv2pylvtys3fqvvxui5f5s5x4ebnshtp,3.17.4,3.0.00
xvejpb3ofobyn5mmfzuopaeljj2cm5wi,3.11.0,3.1.00
xx6idvpyqrfaywdyabhockg72zze5ilz,3.19.7,master
xxgma3hoxechguriifj3cr2leeiitvyn,3.19.1,3.4.00
y4ek3o6fbhiuq4v44suykrw67gt7xoc3,3.20.5,3.1.00
yjb62m4h6csybjfhuyjkzu4wx774tlxt,3.18.1,master
yn7b2dsaxkmaukxodcgvwpstcdw3kih6,3.19.2,3.0.00
yzk3isuxphgprgozt25g3bbt6xgvp4wt,3.14.1,3.3.01
zdohrxfxhrnyrbl3mpb5sa2n7guwhwf3,3.21.2,master
zgkp6aiyv7povgxtezkrgkgdlfdgiff3,3.20.0,3.1.01
zhygi76rg65ruphlm7tj5ai5zm2bvhbj,3.21.0,3.4.00
zigahcieltadelh3uykzhxz4kakw43ab,3.13.2,3.0.00
zn3m7m66tcya34ll3anrggyqxd2hzaq6,3.16.4,3.4.01
zp4irow2qv3mqvdkqkyhqf5scxbys3qn,3.16.0,3.2.00
zpp2ulakcaozngmgqncgwtqwxwcj5ggp,3.19.2,3.1.01
zvc75gzy2ylh6anbnmzrsvxmbsxxfdad,3.18.2,3.1.00
zyctcsjucvyfjk43fv4y54qpibc42xxs,3.20.1,master
zyiqfshzhdxhpy3un2yywtfhx4wyu3jg,3.11.1,3.2.00
24ssxcmbew5fsb7vfl4h4tvvg3r5lho7,3.15.1,3.4.00
2gu2rvzb63pn5kea4c3nfgjjylh7df5y,3.18.5,3.2.00
2j4sqk6m6owwxwn3wefy2j6jqggjc4gr,3.14.7,3.2.00
2ktjajdy4tsswuarltcaw6suf67fspac,3.12.0,3.3.01
2ktv3o4wmq6tbw3lkgkrmwshyd3rcmmm,3.13.1,3.4.01
2liv36ipnc6mjnfft2w3haqvaxhe22uc,3.14.4,3.3.01
2qk7jfbe54xg62lkzd2potgysowcwhsg,3.15.7,develop
2yi2z2oidkf6odv36fxwb5ifqygh7lnh,3.15.5,3.1.01
2zgkjjmr65yyhxnmxz7gbio54etkl77m,3.14.6,develop
3bvgytqvguuef2lp62djwj45mb5zqghh,3.14.6,3.4.00
3dk3xqqaehgodcyz5s643lswh5o4qdtk,3.13.4,3.3.01
3go6j32s6xxctvmoc6uoxaim4c7q7aga,3.13.5,develop
3ohvqpfxxgwgzxzdnlc4ej4a365pdyw6,3.17.5,3.4.00
3oxru26ytigfes5bqpnpbc4opstjtkd3,3.18.3,develop
46yfy4ntvumhns3maxh3xylmtl4dx2sd,3.15.6,3.4.01
4cwkp7fmngs3j5um2rgryuvwdq23c5g2,3.16.0,3.4.01
4rbtjwxpak5rsihzs47sq4on4yda34k7,3.15.0,master
4vwppghzj5lu6fri4m4yif7d2xicw7oz,3.13.1,develop
4wfxwlpgconom656wjknmhhs7aphy7lj,3.15.4,3.4.00
5nn43dblmtgnez2w7cky2v2dzmi225ge,3.16.5,3.4.01
5of7fbdavekmrbjf7h5nurmnotnrykse,3.18.6,3.4.00
5twm7eeqymm4n7dva4wdfaazhm74yovd,3.13.5,master
5vt6yaguqm3tqxg4jh2fe26xcjxwb725,3.16.3,master
5ysdgcujt6knmaed6zdvt7oy3auqkgcq,3.21.0,master
64a6a7xekq3ovjg7nz74y5my75zclorb,3.14.5,3.4.01
6g6427z7lw53msf7grvjbxf3dvxoqu7j,3.12.2,master
6kr2ncmukyuyszyfvwbysagrtaygwa5d,3.11.2,3.2.00
6rs45k73c75cjak4z4ctlqrkmoczgptz,3.14.6,3.4.01
7fv23reqxdti2g4qa6zzp5t7zafkfvah,3.14.2,3.3.01
7jegozd4q4tgcn3ql4fim6mhgcjzup2n,3.10.1,develop
7jirip6uczimwyzlxtzewx7yg3g5sag7,3.12.4,master
7kahh3ocsmjidtvbke2jmbpliga7542h,3.11.0,3.2.00
7llhksvxdzl72xk636iatzdbmbw2f356,3.13.4,3.4.01
7rgmcvsgq5l4n6eldy2vinkian77sgvo,3.21.3,3.4.00
afnr262dlz5ltjo5pe4dfpdhpva7my3a,3.14.2,master
ajqd4hj27ghyvi4k3co43brtx2426leq,3.12.3,master
ajzcpnyrx2t25oxrnzgz5jebbylsk3ny,3.15.2,3.4.00
aqjbw4sbtiroknxidkposkqpxf3soyks,3.20.2,3.3.01
av7okf6cclkzd7fthrao4agg6ivsz7a4,3.13.2,develop
aztv7bwhcwumw3pek7ixm4z3kivfsuh4,3.10.3,3.2.00
b63bcnvhi5pe42cgd7hiezlc2s2yjsb2,3.20.5,3.0.00
bdc5dsn4kanjci4xh3qlnpj3ls7jpo3z,3.11.2,3.4.00
bocbeponosxwtygmgmbdral2eitogp6j,3.20.5,3.4.00
bpjroxel3zstjomle666azxlipiangp2,3.13.4,3.4.00
c5sfdsvxey6fzauspqpeztq2szkhd2iy,3.15.3,3.4.01
casamlh6wxquzk5yqrae24cwsi7q4pfv,3.18.1,3.4.01
ccgsoebacs7gk46fqeyrhglpp3ot7xqi,3.13.2,master
cewju3cjjvj2k2kqxykx5inmhykuklwn,3.12.1,3.4.01
cipvlnjh5hwqxtuantp2fekgmnm64rsp,3.18.4,3.3.01
cllk3or7srx3th2a7xrsnq3km22uqhom,3.12.0,develop
cly62ccwwnccxf3rl6cgwp6aopy5feyl,3.14.4,3.4.01
crx7a3c5tve2fgl4f6rexdfiqgwumg2x,3.15.4,3.4.01
ct7jucypdrkwi4f5avbbndvpbaw4hmkm,3.10.2,3.4.00
cvlwwjzxicvueqw5td3ixvivo4cd2dxn,3.19.6,3.4.01
d4s4da5fdghnp45tssxzg5z3ctqdikxq,3.13.4,master
d5spuyvxsxgqjck7puzfbrr23xwfyd53,3.14.0,master
d7ea36ye52zkzteoby5bieygyf5fihiy,3.18.2,3.3.01
daly776ainqneuoqxez7ayuzmupu3nc2,3.14.7,3.4.00
dfzbw7nw3ch6z2tlcrspsjo6tkjrp7rx,3.16.2,3.1.00
dgtfyqthw4bkm535sg7ag446wjn5ysst,3.14.1,3.4.00
dkv3zitypnysu4seathnjao5pidvksod,3.14.4,develop
dn3vbelniraqivruau76vytgiqnmtkwn,3.15.3,master
dtg52byzq7s2c53gnaxyibq6idazafhq,3.17.0,3.1.00
du7zsqcehbr7no35ebmoo3duyb23lvjq,3.13.3,develop
dz6tcficdy3u7mtbyhphvzaudg7ksoje,3.19.4,master
dzmkerbf5yunkqt6p6ha5tzsvktyw45e,3.13.4,3.2.00
e2xoigrum4vtg7tl5sfyjqpucpmclnkn,3.13.5,3.4.01
ebx6tqi3uhogf4x3uyishtzzpbdl3jjj,3.21.2,develop
ej47wamjgexwovq2xejww3cgk3x5zshp,3.10.0,master
ekcmsms7abrnwfyo3a52udrsfhllajmw,3.11.0,3.4.01
elq4gwewdxadn3qxwajn6h5w6ulroerv,3.20.2,3.4.01
enuyhop42jnksqqgazobm2bmhkgyycyo,3.10.3,develop
eq7vuz5evqtnv5arj3s6vltfckv2y3ju,3.13.5,3.1.01
eu7pkwlgcn5ay55lcoct5444s4maixws,3.13.0,master
euvl5ey5g7x3dqfmlavuokzcxzvxhjho,3.11.4,3.3.01
eyfqha5gcvvsgib4rkwartmqqgo7owlz,3.21.0,develop
f2i32ukahhxjqntpkcznetlcm6t7o43p,3.16.7,develop
f4dltzsvnuca43ovuacgjlhdwslsaqam,3.20.1,3.4.00
f5ycsnymriztacbiokum55vpiaqntztw,3.15.4,master
f7lnahortklvo74k33tg3i2xvk7saqwy,3.11.0,develop
fb6xztfdhbdloiziwykfwessgl7j4wc7,3.17.3,3.3.01
fc2xit3lwrvvtkgeev7kcdcg5gpgprmz,3.18.0,master
ffjbdtnykpi2chkgdbrsan3meqkg6org,3.14.2,3.4.00
fhbtbwpkzpeonuierwsgq3tt6n3b7wd6,3.12.1,master
g2jwsslgz7vfcqp326olzbnd2ngbqzin,3.11.0,master
g3zt5yz7fcpwwrwa5mqf4k2svpjbwjtb,3.15.0,develop
gb5lny23ifahyqgy5ncl54hrm2pqkguv,3.19.6,3.4.00
gc2hpn5s4jhgyanymxfowvsb7jm7ygmk,3.12.4,3.1.01
gc3kckf65ygbnymycfuk55h7267zqilf,3.14.4,master
ggeb23plrqb6ly3jegk4hhhmrr6kw6fy,3.15.7,3.4.01
ghhdznsscaqfrbyvcb27jgeglns6xx2q,3.21.1,3.4.00
gjfg5nyws3cmqtzntnpc7cys2lhjlqxu,3.17.1,3.1.01
gl4p4w2jqglzpp53ps7j2tqvfq5apcou,3.16.2,3.4.00
gr5gjk54n653glmtannegyb3ecieafse,3.14.0,3.4.01
grn4yscinzfc6zbcoh2orcurlq43lmeh,3.17.3,3.1.00
gse2dnidgeq3kfiqptrupaqgzct523zp,3.14.3,3.4.01
gthspsqbydfd742au7bjr3kdi6k3boro,3.21.3,3.2.00
gzhcvydjpcr6wbjsv2fgxxjo6hcnkajr,3.13.2,3.3.01
h2l7z6wdnmuvaxllj7nz6bpe7zg7jqyt,3.19.7,3.4.00
h2neiey3dvruihf3u2qn7gaf2eb6usba,3.15.1,3.4.01
h4y2sfute76p2x4hrypr7cwkeysvzsl4,3.11.3,3.4.01
h574w27avmg6wkpzkcidwa53wflmofjc,3.17.4,3.4.01
h6qa7zccft4deytt2osjb7orka264nop,3.15.0,3.4.00
h7nfiwgi7qy77psptan6jientwob5xsw,3.11.2,develop
haaiufpsa44ftobg6wo37jji7ogwmzjk,3.12.2,3.1.01
hapfa5rs6tut4hopkgqwlug6cn62qyqd,3.18.0,3.4.00
hc7ncyiapsbozpf7bmbcjpdluxlpninc,3.17.5,3.1.00
hdid2bg2hikqq3zjzmdlonxxigcxdotr,3.19.7,3.0.00
hdx3no7dcn3tscfvbxskedvpfrxsumyp,3.14.6,3.1.00
he2xm3kc37lammkfum3iq3jrvgijo2e4,3.15.5,3.4.00
hhr3n3z7q2sxjs4frgcgbat5pnijo5r7,3.16.7,3.0.00
hk5lfxyaiqt7x4cg3wnkmnlp5wuz2loo,3.18.1,3.1.01
hq67ye667upgp2xzpjiypm2xrsrymcbd,3.17.4,develop
hqjjgwiwm4tlp3wuscp3pidtv6wp7kae,3.17.1,3.2.00
hsvz5ewhmewvzczbmoc5gv3eden7s656,3.14.1,develop
huwp2qscwev5h55hza775ianwuvgbpmg,3.16.5,3.0.00
hvq7dnpa6umgmkk5sxwtmh2nsna3n33z,3.19.4,3.4.00
hvxsutbiqh5nhsn52ou3h3yuwkcfounr,3.13.2,3.4.01
hx3i4cwjfsn3gmfo2ud7mmi3pxqeex47,3.12.4,3.4.00
hxfplixowrmfgvwmgrcatu3xh2vnxdqw,3.11.2,master
i2qjiqd4u5fo777k3tft3fziqib73xeh,3.20.2,3.0.00
i3ksmnfq2a6uwc46afxunrwpswazbqq4,3.16.2,master
i3ms4mxwexlxo7gkbaa6pkdwzjmep23h,3.11.1,master
ixq6d2lnnjzovyaokdovpqyy665aoi6w,3.16.3,3.3.01
j5xfn47p2m5q7merzhjelquinvjdqvcb,3.21.2,3.0.00
jf6wxs3z7bwu45p2qqxwfyniyqamftv6,3.22.1,develop
jggb555u4npeupb3zlm2yq4lbnimsraq,3.15.3,develop
jkppdrasyfomp4cokljkeu2j2uyzb35v,3.13.1,3.4.00
jld2bph3rvkpd4etwtl5omy36rrvv5t6,3.22.1,3.2.00
jlu6fq3t4mfgtp4rv4qtm4sl2lndsydg,3.22.1,3.0.00
jnip4effunn6jwl4xai6bipoqq6nt2gn,3.10.2,develop
jof4w4vi3nblwouktwkzcu6jeeojyya7,3.20.3,master
jpyv7w5ccpszxohgnxhrrbgzudr5xmmz,3.15.1,master
jrk2abqvfwjaskjurhnbg6uyvm7idzm5,3.17.0,master
jrtyabpbwkog3354i3q557544yydzjlu,3.11.1,3.4.00
jrwsq66xlfvto2rcoo6x2hmzxmytxn5i,3.16.2,develop
jsngdjmejfwbmkmsmrlgumlsuscjtllj,3.18.2,master
jttb2hymdedtblqbzawuktqdqn32lhdi,3.21.0,3.1.00
jul6btcflfdnyq4uipoa3p4wo6ham36d,3.19.3,3.1.01
jvujit2pkcmppyal4kfmdhebsgo5rzcp,3.13.3,master
k22hgmorcjgikxljk4j4ekghy3pgsusb,3.19.2,3.1.00
k6irep3ziuk4olwi7uafhsr7zv3i3rxm,3.15.7,3.3.01
k7b6ch2c6pjp4lcvje6lyfwugvewyy3s,3.15.5,3.0.00
kdjbgbbq536ypouyluozq3lrbmlwdlvl,3.12.2,3.4.01
kfwu4efqgzwwh3ob7zpmh4txr3fhnuyx,3.11.0,3.4.00
kfwvnafca23iqwlvaag4gzwwjgwaxwka,3.21.0,3.3.01
khdk627wkuii4ujcomog65z4lgam4ikm,3.16.8,3.2.00
kndc3w4izuuifi2deazmpiffcof7h4co,3.18.5,3.1.00
ks6epjbdptv2iymmnadpecuyqedgvj2q,3.21.0,3.4.01
ksluc4bj6ul27jdej65rpojeakz6i3qm,3.12.4,develop
ksop5uygfb5brjpfiodtnazotpt6fakf,3.18.6,3.2.00
ktt7423mgcnjqzkorm5g77suuszq3uld,3.11.1,3.3.01
kuixsziwer6isik3pwhpf2xpp6w26dqi,3.16.5,3.1.00
kv5q5pgnhnwiimww4snu2l46plcvcrfh,3.16.8,3.0.00
kzr7w7qq5tzvfcrt4ufrkjnaifaj3lxs,3.18.6,3.0.00
l4leww3kmct4vrqg7ln7m2mwmcstx4ed,3.22.1,3.3.01
l6wz5w4c337rtcxugc6yccbnq3x7ivwp,3.16.2,3.1.01
l7p7aen4ulb4hpfizfrzzhfmj7rnnfg5,3.14.1,master
lahg4sqchvroic5m4ji4zrlcvvwkahuj,3.13.0,3.4.00
lbxppee77llv4lklboap6jgh2wyaobjo,3.14.5,3.2.00
lbywf5efxzu7p7x4hrjuf5ai66hmz2zg,3.18.0,3.1.01
lfjpue5ylgkhhjux4hhutxwp6k6zthpi,3.16.8,3.4.01
lgrky3mko6jnm4iargfs4ezs6xirpvgz,3.16.8,3.1.00
litvgacqjsyds5u3lplqeumcoat5p2gm,3.15.2,master
ljmin4fhdnbrlr76ibl4k7pkj255dwli,3.18.4,3.1.00
llmjtaoagublpsioczxvhpgjkziigkja,3.17.0,3.4.00
llnewqiv3v43x7tmvtybpulptwmxfq4f,3.16.9,3.0.00
lp5p2vezqttecwdguz3p6wjgrucd5zhk,3.12.2,3.4.00
lqlp4wuakcjbrp53ywnmireszgnrpqtv,3.19.3,3.4.01
ludxbpimhgnxi2cyb23v26hbzemgwn46,3.18.0,3.2.00
mzjyzdvqj22jern6efkj2hv4dsmue5pr,3.12.1,3.4.00
n2gjvzltztg3zditx6d55vgizbhd2uib,3.19.8,3.3.01
n2wqdau5r2fzu3bajj6ez6jzruasamog,3.10.2,3.2.00
n3xdiyt6ja2r2wiupckaiwoq2tdp4yo5,3.14.5,master
n6ijvxyr7rffvtk2wdaneqivibk7ajqf,3.19.4,3.1.01
n7zlaspxt327vhklycawwrifb5xhah3w,3.11.3,3.0.00
ncq6syp336fmatluqjaxx3ihilmg34fg,3.14.1,3.1.00
ngcrxi2cyej6dlwemmt7xl3qrufihzwh,3.16.9,master
ni5ltbq5huywe5gtg3p3sbn5rfl7y2vm,3.16.1,develop
nkjbiimdn3yqqpoqu2mzgbcrelthm2yx,3.14.5,develop
nmulw4waioxfrtoqazvlijbetpawirql,3.16.0,master
nofsprbnruwzq4ys6hkgo63rb5m4lvly,3.16.1,master
nts2k5j2nay3xuqatchgjxd4qnhlhiav,3.16.8,master
nuzqx7d4n2tpebxwuqs3lhinq5cybmxu,3.20.1,3.4.01
nz53jkuun7si4kbubj76l473vm2qg7b4,3.15.7,3.1.00
oarexfqsu4pxchby4waln7favqsmg4z4,3.13.1,3.1.01
octtppvbe4mdtnolxaqig6laieolkeab,3.21.3,3.4.01
oejhj4c5lagw2diw5tqrnup3pk7iwrpc,3.19.4,3.1.00
og364ehnv6k7zych4jtbt5myvt2akwk5,3.13.0,3.3.01
oieo4ej2sbabzae4db3ud2btq77b3zic,3.16.0,develop
okjtjhuziu5rnvhxary5p4n3ahnvqf6t,3.14.1,3.0.00
olg3tffthrjrlzpbnmz54s4bkkv5qeg5,3.12.0,3.4.00
oqwa3jr4ldio2765i2wecze6zqnhksav,3.16.6,3.4.01
orjb7yrs3me425tbescxide5wjkr4g2h,3.19.0,3.1.00
otvd4xfy7ejtxfgyswqvakvuiesx62vd,3.15.7,3.1.01
ouiu7v4ea5t6ryv3iq6uuyojfyd5r7if,3.20.3,3.1.01
ozttd2h6mmv5uazri67u4vr2wtgk62xz,3.16.9,3.1.00
p5dvubfqglan3t73fsuogtwjlbonbjhr,3.12.0,3.1.01
p6qltkwld5zfoensmjx5rsfs5yi4bshs,master,3.2.00
pdwnpx6hi6v7a272v7wnlwbuomvw2wb5,3.13.0,3.4.01
pe64iq3hzdowjxzl7cm363dn5nim5ly2,3.15.2,develop
pf7za5shnvxpj6twaehcziv6ljhsfxqm,3.15.0,3.4.01
pfh643cycmnoq2igz7db2hvd5cmplfdq,3.17.5,3.4.01
pha37nnxedcqimzhozhuzzxrjhil3dvc,3.12.3,3.4.00
pihqf3ozzhwpyuls5jjscgacvnajwhia,3.15.7,3.4.00
pkwt7erubta4ji5pb4mrnjxu5i5nfsa5,3.20.5,3.4.01
ptfepw6ktlfymrqdaphpoisugsgqeedb,3.17.4,3.3.01
puvhgt2fjiznjxcxajvhuzexrvjuazwb,3.17.0,3.0.00
pvfy27gyfrbtesduumlp3r37vlwuf7pi,3.13.3,3.4.01
pycmnhaxathgkgxh6kckfnv6rigyf4o3,3.18.3,3.4.01
q22733rvaeukhljxh77wdqskxi4nmrvd,3.15.7,master
q3avfefwxrk6axcosmsexcvcl76ramut,3.12.3,3.1.01
q3kp4nrhyp6nztl3eyxjvmmaekdxabl3,3.19.5,3.4.01
q3stzv7x4p3ruw55vaqchytivonzpiis,3.14.1,3.2.00
q5ezoct4lnfpqoanzhs72hlgq7wjcddj,3.14.3,3.4.00
q5tp6clguyjr7otbq657xiyvyfnmc6ug,3.12.0,master
q7hqj6lqcafjpp3ik3dlcholeaznhpin,3.20.1,3.1.01
qajhdgib2aafrhquxz4dcc5xx3m3mjk7,3.18.3,3.2.00
qcfchnzxennqudg5zirjpzvgpp5rgxqs,3.18.4,3.4.01
qdvodwlz4tl4k645weaoaxrf6yx2s5tp,3.20.5,develop
qfkrpwzohclbu3imeg4nxszmfeuqk5ml,3.14.1,3.4.01
qfpitbg7kdsdrzzkn5qvdaquhn5z5wth,3.19.6,develop
qgrlfyvwhjny7ralxndxagx5vgayy5bs,3.15.6,3.3.01
qhen3h5u6jb6volvinlpygq2geev55ve,3.16.3,develop
qk3qvm37fxwtknn3gxniwlu6k223yviz,3.14.2,develop
qklt7resfknaej24x776fortrftbix5s,3.14.2,3.4.01
qlqf4mbj2ncgbaxaqyryz52oh2r2snxl,3.11.3,develop
qwu7y3sgffyy2t3fypn37dhmtc45n5oi,3.10.3,3.4.00
qyepztylcihv3zhk5nh6xkmp44hvebnd,3.11.1,3.1.01
qzplpkvyjy2sn5qzmnhjyufd2pxctbrc,3.14.2,3.1.01
rbimu4eugua4k4paf3vgv3omooffjzps,3.18.0,3.1.00
ri6zvywsrnamx3zqce7zb3e3astawzkv,3.16.9,3.4.01
ridapzjywlyfsfat5k4pyegq5nr6nr3b,3.13.1,3.3.01
rj5enveu4md2vobjprgfsavbfomlpmg7,3.10.2,3.3.01
rocmuezvptpzfwt2odb6lwcva7hk3vg6,3.16.6,3.1.00
rpvwglgx3lpflytzoii2wznlx2ksex6i,3.16.3,3.2.00
rqbltm33rkbstqkinicxifu3vlerhanz,3.17.0,3.1.01
rqv722dx3zhpj3fxoumnogwkwboz2jz4,3.15.6,develop
rsh4tb6oxy2mvy4g37zupcaqm75ye6nk,3.17.1,3.4.00
rvdedvp3yhysmmmpyde5jfnplcixz4iu,3.20.0,3.2.00
rwjqo2zdv3eyfguffzqqji2g6bqsw5pa,3.20.4,3.3.01
s255vnfn6lcbeuh3srb4npzbuh22aztl,3.20.5,master
s4w76ebfpkxozac3by3axv423phhzjth,3.14.4,3.1.01
s5qd5c3ya4v2iijeaw7nmgpodzjvuofa,3.17.1,3.0.00
s6pcp5xd3q6ethpuox3gtdppshyijlgo,3.15.6,3.2.00
sg2mtbixo5f2d5i6ng6chsyzogdm3yqj,3.14.7,master
sgy4kifag5r7mnzhndthrkw34zvxph73,3.13.2,3.1.01
sld7xwj5klizmlslyt4nfxw2zf4pg3dt,3.16.7,3.4.00
smywsl6eplesmd5w7hl24vibv2g6sqkp,3.11.1,3.0.00
swsbhqqrwqz4hpdqviyouvgunmo4kogo,3.15.6,master
sxetii5zvd7vkawu6x2zkfalfhyvhnc2,3.11.2,3.4.01
sy65nnvgy2yuyeu537zspr5ynz62vtkh,3.10.1,3.1.01
t3mbppkkv4vbut6auzymq3vnkxr3ajyr,3.15.5,3.3.01
t7stxbfmrowvx6wnmdorygrla6mnxfqs,3.12.0,3.4.01
tcpgfaa2ytb2hibp2swv2qczn3px4hf3,3.19.8,3.4.00
tcuuhdv2k55ytzyznynrueqgpo63ldwu,3.16.2,3.0.00
tf7ttr2ahfo26rfyk2hfixy5c7en5mdn,3.12.1,develop
tfrxuggihafdgivz4lvb66yopofywdtt,3.17.3,3.4.00
tg3vlyrykqgp3oxbgalow6mknn77dias,3.10.0,3.4.00
th74t4mgbuxgv2vlyzpfguiucu33cwyv,3.19.6,3.1.00
thxx3cmhwlezwk2nfkak2ygbjajtoogr,3.16.3,3.0.00
tktscirarwqkcb7lrwcwppcotlfgrmsq,3.15.3,3.0.00
tlhnc5aedx4ejzdyfmtrtdywuf4otoju,3.18.4,3.4.00
tm62zn6taszcid622fklkmazgwwegkek,3.20.1,3.1.00
trzcytugun5bx5oqia5jyyukut3espdo,3.22.1,master
tx4zoq3vxc5fbvthtotcxs4dsdn4eyxk,3.13.1,master
ty6eqi557h6ejyvl533wlhluv3g2l3sx,3.16.6,3.0.00
ueropyis6z76textuguvfw7xquwoidmu,3.14.3,master
ugklem6rxca6pvmdovrr44qtru5c647s,3.12.3,3.4.01
uomxdkazaey3cxgosini5dy37mvp7p5f,3.10.1,3.4.01
uoyk6f7bne3ozshejxru3u3r7d5bk5uw,3.19.0,3.3.01
uqichh3ij77rffn7xrlzgrzw73fv2met,3.20.0,3.0.00
uqjexelldunu7rmnw7zfytwlxupogouj,3.12.2,3.1.00
urkrwc573gnbal2mhpslme6ebeirm3l7,3.14.0,3.4.00
uubtnk4eppaam3ddvxfc5n4vtxh3jfyj,3.16.0,3.1.01
uusuppib5yscrsjnfvwp76zatyalhq54,3.21.1,3.2.00
uvef6bmr6okjhi4rj7trmv7sqaiq7tpx,3.15.5,3.4.01
uvmidrjfsmn6c2uq2ucycg4k2iifordo,3.13.5,3.4.00
v3hfvlnxhm7vx7q6sgz2anaqpsesql2i,3.15.0,3.1.01
v3kn5nolqsgco2umg2cxjojo2ycny3sm,3.15.3,3.4.00
v7b5uoyzay6yzmju5h6p7l6dsvxyeuwo,3.10.0,3.4.01
v7plns5wnxcxpjrvayvkfddorq7zyfy6,3.17.5,3.0.00
v7t2qgz5hvhpetuih3uni2awk52zxhfk,master,3.1.01
vfzhaelfnezb6t5jtjcaf74xksftuowm,3.13.4,develop
vi55abywlqbmug2zy52jwsur5mzxrg3e,3.13.3,3.1.00
vjygscr56s73opbka5stgbjo3qnmoygi,3.11.1,develop
vklodnf6bv2pgpb4jr5fe5y4wcumtekc,3.16.2,3.3.01
vpcgzhu6kplbuzk2d7ltipso7easyi6v,3.20.4,3.0.00
vqti6bk7y4hvew525azg3p2fz47y5qg4,3.11.4,3.4.01
vrnkq35wg5fqmz43vmk3qzrfvjxarkly,3.19.5,3.1.00
vrp5xx7yl7liznewapucdzxqtrfq4eac,3.14.0,develop
vvhg5nskrnerwopvsxum6ifx7rahlr5h,3.16.6,3.1.01
w2ybbtlnnrkeej3hskanu6n5qpfy77sv,3.12.4,3.0.00
wfvm5kid3itptldqyahutp27gc622dye,3.12.4,3.4.01
wgjm5l4tzhrajbvcror4ktbwenda47v7,3.14.6,3.0.00
wxcl7nfuagk2iqvrdppg7a4huw4r56uz,3.15.5,master
wxmoxasajkksbdiz33pfv74phau6yukd,3.21.1,3.3.01
wxpfocrvj2ewi6f3hc4q735yhmp6dm2o,3.10.3,master
xa5sy5wf73sg4g3lk6z7uzwmm4boy5eb,3.19.7,3.4.01
xdfmwe4uh2h5pbvfql7y2kl2wujtxjtx,3.10.2,3.4.01
xdsxx52iaza7bhdyx432spydgbpwobty,3.15.2,3.4.01
xgs22mcdinealbm22mgeede74acql2kd,3.15.4,develop
xhtz27dofb54fkftk3zua6ysqsojg3li,3.11.4,master
xljkzjvanzqeppxixtj5a6ri3lgmli7j,3.10.1,3.4.00
xqeejcprxmc3jvaoamtwj4j2ktplgdjw,3.21.1,3.1.01
xspklzcs2acmwxc6bbbv42yguu7zwjr4,3.17.0,3.2.00
xw2xht5zuw5pg2me5hefj6gwxs5cem7n,3.12.3,develop
ya2om6xofcfux7ljdwc2allvpotd5kj5,3.15.3,3.3.01
ya3ndhh4azov2maswo2q6xs2jjotka2h,3.13.2,3.4.00
ybobccxa6doq44rcli3jyrrdjizosrec,3.10.0,3.2.00
ydbgsqdhdk7fbnvzgynfqykrltarfntg,3.15.5,3.1.00
yemcie225t55jruge2bdyd6bicmjc7uq,3.16.3,3.4.00
ygo4vtrnzfjv22e6hjjjdhuss2o7e6kt,3.12.1,3.2.00
yj3unl77icy7wsk36cgrqarwhpagoeio,3.14.7,3.4.01
yjthtn5lrwuonrd575775kzakjomhygg,3.19.6,3.3.01
yjtue4qvr3ej445mwbb2m44hyns6piy5,3.14.5,3.0.00
ykknbwthw3uvzhgbacdo32sckejfp663,3.18.5,3.3.01
ys66ph6q54jezevqvwik4fdorhz4dax5,3.17.1,3.1.00
ys6rjusfjkalcon3pvltgqnv3znet2x4,3.10.0,develop
yuyjtklkw6koanxgkrdljmkuxzqhmapl,3.20.1,develop
yvoc2qfvqygipmdn6sb6vaz3dojjpkxs,3.14.7,develop
yxjykn63eb4bxd4cm7kzioihujh2w37f,3.15.4,3.1.01
zdu6nhaw6rvtwp3evp76cyqdh2pjvthb,3.14.0,3.1.01
zfbhcnh2ubrkhwkpjgpbwvijhy4rrn2y,3.15.1,develop
zorxkahffmolvrfoio2vlwo4pyy7ssyz,3.21.2,3.4.00
zplrzeheyqahszat6gp3ocapahsmtqti,3.18.3,3.0.00
zr5r3yah5exlp6bvbo4tpmzzmp5nmrmc,3.11.3,master
zwin3dxk2tljuk6bfk5m3htqm5kwgxv2,3.18.2,3.4.00
zwjz3urcfnvyywip7ewb5fo3hzwv5vl6,3.17.4,3.1.00
zwo7vhzhm5ipgox2bhpi7zpmd7u3brg7,3.10.3,3.4.01
zzvf2xrf5sqcivl2yzfjtp5fz62lxtuo,3.13.0,develop
