,kokkos-kernels-version,cmake-version,kokkos-version
27ykunok3mru3trldh4lj4omrhnd35pp,3.1.00,3.15.5,3.3.01
2aa5s4qvp3lzkkk2vzlu67nx7rbczxvd,3.1.00,3.19.2,3.4.00
2bxrpgkqv3t4xtzcis3crxyrroh7tpdp,3.1.00,3.20.2,3.2.00
2cza33fwpnfleujneiss325p77otxpzj,3.2.00,3.15.7,3.2.00
2kouyyxsyestr6brdscbpc6j7dgd2qp3,3.0.00,3.12.4,3.0.00
2lklfpjyturgjtyas6fjvvdvcfoihi6u,3.4.01,3.16.6,3.4.00
2nu7yn3ls7sls4yywip7uge5wqq4m6qg,3.1.00,3.16.7,3.4.01
2pvn2lhlph3qfj5ocxmg6hlqekbg5vcl,3.4.01,3.14.5,3.3.01
32sj3ktmofzphpkbbdkvrh6ln4mi5zcc,develop,3.17.4,develop
344w6i4ltpwbgtr2bdhrdzm5cqw6jhvw,3.2.00,3.16.3,master
367uuzbqmfzvhlsddouqsj4goeagcnzp,3.1.00,3.22.1,master
36ns254quimb5upurbkslrs7j2qwncvt,3.4.01,3.20.1,develop
3dyqzf5fwxvqt2urzp3sm3qxjdev4xsp,3.2.00,3.20.0,3.0.00
3h7moyjungxybss5me4bglduj2jthrri,3.2.00,3.20.4,master
3xdu3eqolwm5m2xofcrsm54a2lm5p7ks,3.4.01,3.21.3,develop
6ulysqmvosdlfa6kmms74rigudhviecn,3.4.01,3.22.1,3.4.01
77uzrm6qwdhbnrpohzjnbetb3ug3t7cj,3.4.01,3.17.5,master
7m3qifnqa36kthu2kzicdg5qqewrnjem,3.1.00,3.19.6,3.1.01
7q3npwygt46pw34lqz4cfydkpdnu6hce,3.4.01,3.18.4,3.4.01
7tq6rbkdaj4iur3k37a6uo5gjlf3w2jj,3.2.00,3.15.1,3.3.01
7uzwbkeb2bqzzmc3adretoyzhxcvhuc2,3.1.00,3.19.1,3.4.01
7zd3xngzitz5ka4sjujvcandovs5w4do,3.2.00,3.16.9,3.2.00
7zrlrmntdx4d2fuhxosntk5cdsyc6bur,3.0.00,3.12.0,3.0.00
a46yxdplkwnnccuwbf2wflx4pe25rk7b,3.4.01,3.18.6,3.4.00
a5k26fku2cqak3zc7k5f7wvwlldif6t2,3.2.00,3.16.4,3.1.01
agctlpzpakbvfv6d3t7bpapvmfovuyss,3.1.00,3.16.3,develop
axvplngi7bzzlzexvbhtsa5omtw3jwdh,3.2.00,3.21.2,3.3.01
b3ae5mk3trhamhwe7ujmgipskeihw6j3,3.1.00,3.17.5,3.1.01
b5ctsuh64dzv54p7imty666tdpz66gmp,3.2.00,3.20.0,3.4.01
chmhlhfz4bcthfihcxfzk5b3mphmij7l,3.2.00,3.14.4,3.1.00
ckstjaqrlqrlsoeocphfm6fdu7n3cdzj,3.2.00,master,master
cktobgiaux3cjioridvpt37iqdhj7ew3,3.2.00,3.14.7,3.2.00
cz3mkb2o6hntkfzczb4alcut4namo4aq,3.4.01,3.19.3,develop
d3pwirlswl6pvbzhodsywe6wtb6tzowp,3.2.00,3.14.7,3.0.00
dkt4mxemhh2nnph3pfftqxdmg2ccj76w,3.2.00,3.21.0,master
engucsde3duq5srycfoh6mgiqdyg3lww,3.1.00,3.16.5,master
fa4ng3uxsvmarb2wumlvgfjsxalmlyua,3.2.00,3.17.4,3.0.00
fdccwszsizt6z52pngg77exhq6mxti6t,3.1.00,3.13.2,3.3.01
gcowmd5nes766silwgwtrkrxhxtx2pwk,3.2.00,3.12.4,3.2.00
gfohpcrfdv5z3czgdvwtr7vr5uyg3c3d,3.2.00,3.18.0,develop
heplpeaofwzzmk2gmzglbe26bkidyn5l,3.1.00,3.19.8,3.3.01
hhnmrx66tk265nrunehsgahtf7tijovc,3.1.00,3.10.2,3.1.00
hqrgivcs35pttnn6n56ixyoesb4msskx,3.2.00,3.17.3,3.4.00
i7bsa2pqgrk3yypaq3gza4uddvm36x56,3.4.01,3.19.4,3.4.00
iq7pzitfb27dxfeipnbogz34pa5asbo3,3.1.00,3.15.5,3.1.00
iu2adfx3rm2ws54u3vzo6evryjfytc5r,3.2.00,3.19.5,3.4.00
iuilzgijsujmekgualzlnymja6v6likp,3.2.00,3.17.3,3.0.00
j3rkidqgyleebawbfvmreuryzo26np3v,3.1.00,3.12.3,3.3.01
j7zowt7jjwnidlvnt3vzzeyjagzzjfck,3.1.00,3.17.0,3.1.00
jd27sfroiag7gb2ft3ruy2rnexdpjauu,3.2.00,3.19.4,develop
jfnmfpfg3v6la5fn3rd5hywh3ppumnem,3.4.01,3.16.7,3.3.01
jmhty5v65lizapvghoeaigbol7hiepsp,3.2.00,3.20.3,master
jv5fnyylhgs2ueyehaeciuzuyyirpjqi,3.1.00,3.12.2,3.2.00
jzpvcn724v3kmixfvikk4criywwqlsu6,3.2.00,3.16.5,develop
k3zlwvqc3gaelz3n3k5tidgvns2bdyiu,3.2.00,3.19.0,3.0.00
k44x3avpa2wesxllq2w7xp5hnnq46wje,3.0.00,3.10.3,3.0.00
knlag4gewh5mlf75daf63reg2k2canj3,3.4.01,3.16.4,3.4.01
lnzfo6epqlxzzw6hwivif56is6nwq5ug,3.2.00,3.17.4,3.4.01
lwwaop2lw7cqr7a7j6xzjglolkp42irq,3.1.00,3.19.0,3.0.00
mgi2osiqn47ssdgmn47klufift5utr5o,3.2.00,3.14.1,3.3.01
mjtpqwo5l33l34cgep4sghmmwgpn2mgn,3.2.00,3.21.2,3.4.01
nwimpcgwn7bpkve2ohvmbrjzjvqicwwk,3.1.00,3.18.6,3.2.00
o222ngrszntpr3hzg7mgjtcc2wzr24la,3.2.00,3.18.4,3.4.00
ows4tk2ipvbq2zamv3qm6fkqzsuivdl6,3.1.00,3.14.4,3.0.00
pzwyb5oo7uykwca5p2iwrkiymz5x5nwk,3.0.00,3.15.4,3.0.00
q6qwvfzukbzuep5pzz44fun4kstqho6c,3.1.00,master,3.1.00
qak6rtmfabwe7tgsvxuuakczczyjvmy3,3.2.00,3.12.1,3.3.01
qatph4s35ydt7nyn4wxqtufpgbpss7sx,3.1.00,3.19.7,3.2.00
r3azo7cjndfzjolpsgu26fw3slxnp4jd,3.4.01,3.18.1,3.3.01
ratsijzuxq5fggjbsq6o3fq43ediszju,3.4.01,3.17.5,3.3.01
t6lpf4ny66xcxuxvexgikaia6lzmewek,develop,3.19.4,develop
te4kd5lwel4vephis4xqaxdf6vow7mcu,3.1.00,3.18.6,3.4.01
thhr4h7hd4eyofo7sbszjdadktiefz2l,3.1.00,3.16.2,master
tjjdragxtawup4qzrsbrlcai6vga4xbw,3.1.00,3.16.8,3.4.01
tvfk3rlvxkudjluclagjpqajdkbdoi4d,3.1.00,3.18.5,3.0.00
ub2admxier3ro3ratzsg46qkgmalkyu5,3.2.00,3.15.7,3.1.01
ud5wueixzn2vxwh7d2md2d625agtenza,3.1.00,3.21.3,3.1.01
uezmkppkwpfywewyx4ii4gar4bqyxg2u,3.1.00,3.19.5,master
uqjk3bfommx4oi5rtuhhcflylulmngjz,3.4.01,3.17.4,3.4.01
uqucq2bta5rqomaf56cvq6jmrvboze2m,3.1.00,3.14.0,3.3.01
uxepfk3a64v2xrhhkdey546lq4rygc6q,3.2.00,3.19.7,3.3.01
v5mvelazmqiqdtrjhzyqtum7bq52vrxf,3.2.00,3.19.5,master
vadw2ui4wtptzsnxvbt4pe75cpl75w4g,3.2.00,3.16.3,3.1.01
vfpvhtt5ai4vdodt4dk572akdxzbp33o,3.2.00,3.20.1,3.4.01
vilxqelvcqeq6h2vqxbgn6b5vpqqu4sp,3.1.00,3.14.3,3.3.01
vphs7u6bfy5zv2nplnveyeemq65ppzxg,3.1.00,3.10.1,3.1.00
vy3go2bdiocmt662rj6six4am2bexh3m,3.2.00,3.10.3,3.0.00
w3v73snsdsuzbnedk3i43ibm6bq7eorf,3.2.00,3.19.8,3.0.00
whsyhl7mm2hqn5cxfordkbhnglw7ijlj,3.1.00,3.18.6,develop
wj2n3vq5dboqnicz5s3ehsizyb7a3rlk,3.1.00,3.11.0,3.3.01
wrojczxknpjqikqszke5lzt6qq74ugk7,3.1.00,3.19.7,3.4.01
wtwguwdzwvpvxux6jqnlvmzpt2rzsteo,3.2.00,3.17.1,master
x4zl5y4olos3whwxgfajfvwcntqoeddg,3.2.00,3.13.5,3.1.00
xkiibqwr7mezeab4hfxtmtybtdbddluk,3.1.00,3.19.5,3.1.00
xpxulpo27x3f6zrzh4yir3a6lxzije33,3.0.00,3.16.1,3.0.00
xxl2vhpgf7hbjwwv7aazu7wwnflvm2ue,3.1.00,3.19.3,master
xzoo2aw6bspwbfy4xlkvymwrd2hhi5tw,3.1.00,3.12.2,3.0.00
y2viqef4z76tv4em7h6wfjkagpgh34uo,3.4.01,3.18.3,develop
y3i4owic3er6524p747bvwwloivkgjlm,3.1.00,3.21.1,3.3.01
yhduj7nqgrgnwqr5vlh6vjjao3czso7p,3.1.00,3.16.6,3.4.01
yjreoem6il25lxau2yuytltzgmde2egg,3.2.00,3.20.0,3.1.00
ykwewsytmwwykftlelmme7dziaovcvgu,3.4.01,3.21.3,3.4.01
yvxzz3zcxp4j2ipvqqbuffynlef4wkrm,3.1.00,3.18.1,3.3.01
yxbilrtkzljegxa4enatnmyhknulhft3,3.1.00,3.22.1,3.4.01
yxxn5wnxma3ltjf5l6n777zpuornz4md,master,3.16.9,master
yyka3fkm6vcs2fxhvcws6njaghm7gvh7,3.4.01,3.17.4,3.4.00
z72nqdlpn5fhoabpohjhrb7k5ipeuxul,3.2.00,3.19.7,3.1.00
zdgs7ap63qncu6blsolomrye3a26h5lz,3.2.00,3.21.1,master
zktyaurdw5quvpnrai3phw6hmi26srlm,3.4.01,3.16.3,3.4.01
zlm6qt5keyndlt34vzrztkzdym5mzn6r,3.2.00,3.15.3,3.1.00
zpwkivhjjb4azk7f6oj5z4lufvcz3zoa,3.4.01,3.16.7,3.4.01
zreizv4acanboewqkpgwfsdji6gdqibb,3.2.00,3.17.0,3.3.01
zrxpcey3g7zpestssxk76l2ikczzeptr,3.4.01,3.19.8,develop
zt2fjei2fzvcebb6xwngggfisurytazb,3.2.00,3.18.0,3.2.00
ztrxtpn2vwn7lhg26thj4kux7bmn7ngc,3.1.00,3.21.0,3.4.00
22bukg4qzkyr7q354imanx5lalugsrjk,3.0.00,3.19.1,3.4.01
23jorg3lwcjjdfo2yqiieaezm4u3k2cd,3.0.00,3.13.0,3.1.01
26nzsfliwmtlhsu65feykm7ql3rd5ymc,3.0.00,3.19.6,3.3.01
2anca4rvacx2ul4qdima46c5ec74odmf,3.4.01,3.16.0,master
2auqvtjlndsls74tz3ro733wnwzb5my7,3.4.01,3.15.6,3.1.00
2oqumskkgtznuash77rd3f3mr2tfa2rx,3.0.00,3.21.0,master
2pauof3lrzwnw4oqsd7fhzzbynrsqfxy,3.0.00,3.17.3,3.4.01
2upjxe4skn5hvie7qy546xjjxu4n667w,3.4.01,3.13.5,3.3.01
35cbu4pvb2ybc3yhkaz3v2jaowwvmqsy,3.1.00,3.16.3,3.1.01
35ppktwi2rxcvuwcwae33367vfjuvtmk,3.0.00,3.13.3,3.1.01
3a2pvsdc5lbl4wp3f5ro3pkt455zfgg4,3.1.00,3.12.4,3.1.01
3cq5kmo64rsh3jybg6a3zo3w5e55axoe,3.4.01,3.16.1,develop
3duonscrtix4yxngnza6fgsg4nykcm3q,3.4.01,3.22.1,3.1.00
3huqds7qyq4s2llf52vmazizpzgi247b,3.1.00,3.13.4,3.2.00
3hyrg3yyspzs6a7elnxwiuvl2lggsy7d,3.0.00,3.18.6,3.0.00
3kz7qqaja7xvk52qquwebfx57qzjhv6x,3.2.00,3.14.5,3.1.00
3l2ojxjy3fdxs5dijdwytpfrvt5lyhh3,3.0.00,3.13.5,3.3.01
3nmupjc3j7a26oqppk2oexgqmbonx23q,3.0.00,3.13.1,3.3.01
3npzbvgz53hizunvs7qhpqrtv3umorwm,3.4.01,3.19.2,3.0.00
3q7geok5xs3elxro2bz5girjy2mm4wml,3.4.01,3.21.1,3.4.00
3refk37ebi6jy52m7bbdni5poz5ppcqy,3.1.00,3.19.1,3.2.00
3rvbgdajlbowj6das2sifdrkemmbaw5w,3.2.00,3.14.0,3.1.00
3s7ftdfrzuqessxswn5ggpp4gb6u6qlu,3.4.01,3.19.5,3.4.00
3v2bm7hqdme7ouiltuzgkqbwnt6x7jz6,3.1.00,3.17.1,3.4.00
3yynvlamc7pftg6tsq5zalqykm2xmxtr,3.1.00,3.16.1,3.4.01
3zd3lhj3gzdk3322aatqcvjj2xxaubff,3.0.00,3.19.1,3.1.00
42fjinecwzkxy7dxgjfou5yitltgksnx,3.4.01,3.15.0,3.1.01
47k6mboybuzwicuvbturnc3rfdrzxnwq,3.2.00,3.16.8,3.1.00
4auckqb5qnqdsr4uanrmicweyfbu4fqv,3.4.01,3.19.7,develop
4azmgazti5au5fjt3phr4c2njpi5lyjo,3.0.00,3.19.4,develop
4g5m4eljuy4egik6k5fccwm42jzet7zj,3.1.00,3.21.3,3.4.00
4ip76dzhzuq3lri5uza6xuyzdmgs6sbw,3.0.00,3.10.0,3.2.00
4jw77hfchazf3ji3bdovhn4enuylmhku,3.0.00,3.18.4,3.3.01
4m72uzi62ocr5llxsclmtsn5xkuwbowq,3.0.00,3.15.5,3.1.00
4qmgfmemc36k6lkaqhu5pykj7qqcsx2d,3.4.01,3.15.0,3.0.00
4qyr3qf4hprqisin7nev62tmutg3pukp,3.1.00,3.11.4,3.0.00
4xjralxs2heqvayonuvojyvsrjohs43o,3.0.00,3.19.3,3.2.00
52lubk67ymp66g3eouhr33f7s2g63kyh,3.0.00,3.19.0,3.1.00
55tnz66thymffwuk2obqpucax7wzghii,3.1.00,3.11.3,3.1.01
5hab2fgpd34yw7qc7te54j7stgldo7ha,3.2.00,3.15.3,3.0.00
5jpzuqvl6d7gumcpx2tj4ahfgnnmkfvc,3.0.00,3.20.1,3.4.01
5klkmovejh3cggewna5fjesznbi6tjk6,3.0.00,master,3.2.00
5m2qhrzmwkam6fgcd7vlro7ryixqy6fz,3.2.00,3.20.3,3.0.00
5m4wxyx35ezm473adl4uo2drx3rccbod,3.0.00,3.16.8,3.0.00
5nfuikpcqz6jlrpnd2eoroycay6toj4f,3.1.00,3.20.3,3.4.00
5oayvmw3ys64nhliy7morm53yxthelsi,3.0.00,3.16.0,3.4.01
5zhth7mqh253ekj2eks2xuomvwpub7qx,3.1.00,3.18.0,3.3.01
6aabdqn5frsbq6qivhhjekmk2ayk6ezp,3.1.00,3.15.7,3.3.01
6i5fe2g4xb4f4rc5tc2rybqltobc5ixu,3.1.00,3.20.1,master
6ijs4yxl33ykhordqkdqeqpibvxle6ay,3.0.00,3.20.4,3.1.00
6prsxca5pp5nulunl7ntzqpded3c2ghq,3.4.01,3.11.4,3.0.00
6u2dk6xxova4mi5ge5munsz3exfeebli,3.2.00,3.12.3,3.3.01
6ueylakxomdifltrgwbhd4hcvbr5legs,3.1.00,3.19.0,3.4.01
6v4ronbitcyd2h6j2qd77k7q7csjftcq,3.1.00,3.17.1,3.1.00
6vwmyzaxib5he5dpjdm4cojcxcs7icdf,3.1.00,3.18.0,master
6znh3ylfxh4jrtcr6tahfgajubjzhfik,3.4.01,3.19.2,3.1.00
72cgbe36wxe4xigf23nfevjcxbprxde4,3.0.00,3.16.3,3.4.00
7hlf7j4b2mwe4iqkfec5l3ss4zas5nn6,3.0.00,3.16.9,3.1.00
7lbdzmhtaqbr236ndoxde6a7mezfa5xp,3.0.00,3.21.2,3.0.00
7llsgcavtwwe7kvjvtqtpw67xaj2eiuj,3.4.01,3.19.0,3.1.00
7lywyuh4ymok6wn3lypgkqmbhy5vmbxr,3.1.00,3.20.1,3.0.00
7oo2hyf2ewxohakrm35rwhyknolt4xw7,3.4.01,3.11.1,3.1.01
7pbtdqkq3fj2j33hpsysqqu2i22zmudw,3.4.01,3.19.2,develop
7pif63ifcnksa2vcks4j4nr6fgph3sxx,3.4.01,3.16.4,3.0.00
a7vetn7mbtzmcwsdpr5a5ymregewxymv,3.0.00,3.20.3,3.1.00
adkgoui4rstgs3lo7yqoqqb6zqw5xkxf,3.0.00,3.15.7,3.1.00
aglq6pqoagbzwyss53flotnk23qzgv57,3.1.00,3.16.5,3.2.00
aipqtcx3l5zulhsifpujsmagfbg2akap,develop,3.17.5,develop
awhz4uujuslwsdq5v7f3tlrimf3o3q66,3.2.00,3.13.5,3.3.01
b4pbtcfv7wnbahtxdwi2sxtsume4diyc,3.1.00,3.21.1,3.2.00
b5zyj74gefdycj5s7mabn4bhcrjcb2wr,3.4.01,3.21.1,3.3.01
bbuefw6bs5fhybwt24bewm3cobufg243,3.1.00,3.20.5,3.4.01
be7z6oqjou2ifw3c2p2q4m2nfba3vvld,3.2.00,3.12.0,3.0.00
bq2ztpqp5llkgmxkq7be7z4rytzelvc5,3.4.01,3.19.0,master
bqpo4y4m77cblfum4segrovgsbu2eorl,3.0.00,3.15.5,3.1.01
c4fgm6b3ffsnbn5bdzt6dl56f3y6dxml,3.0.00,3.20.1,master
cajrapoos2ll53r7dzzx242hqr6cwyxm,3.2.00,3.14.3,3.3.01
cbtrpvk7qaulrp26vg72boj6lkojfotk,3.4.01,3.15.4,3.0.00
cfb4edib5z55ldraxlz7j4bcgq65wyig,3.1.00,3.19.6,3.4.01
clunwkuwvdf76tbo66pa4mt2yffpdhg7,3.4.01,3.19.6,master
cu4s7iyts7wprlmfocwxjbekyjwey3wy,3.0.00,3.13.1,3.1.01
cuffycziuk6s33voselxme4d6holtmdq,3.0.00,3.12.2,3.0.00
cyilnboerig7l2t2uudx6refaz2wlzin,3.2.00,3.19.3,3.2.00
d4nmqcer23ytgbsop5zrq7xf72vfjeof,3.1.00,3.10.1,3.2.00
d53soqpetqkkubabqfjk2m7dgyhvsnds,3.0.00,3.17.5,3.4.00
ddgekf7qbiw56d7k7avqdvvhy2akr5o4,3.1.00,3.10.1,3.1.01
dnn5uzeb6kykgcsuecsvihdl64hg2szl,3.0.00,3.14.5,3.1.01
dqdulqpaomo3xobkrfkg7o6okexu7vvh,3.4.01,3.19.7,3.0.00
dqebt2fi3okpqnjpya5zzhscjy375ezy,3.1.00,3.21.0,3.4.01
dt3kfkvqz67vincxzzpzhaleze3rhw5c,3.0.00,3.17.5,3.1.00
dtunuhxwzca7bgipjbv6qygfbbtlvd5g,3.2.00,3.19.1,master
dudcrv3lkqm6ilh6tq5hlfk6pjht5m3q,3.1.00,3.22.1,3.1.01
e7n3e4gstblgq4qjqmg3spcebdjj7hzi,3.1.00,3.19.2,3.3.01
ec7rscjthrdtupbeg3vah5semyy4iq5l,3.1.00,3.14.7,3.3.01
edmpegh7ngkgtnuunz5fijuyukntclsp,3.4.01,3.20.4,3.0.00
eg665w56n45zogvgyxgzjvvbtl5qoazs,3.2.00,3.21.1,3.0.00
ehoxmg5td4umxen5zyxf6tf4i5lodvrp,3.0.00,3.21.1,3.3.01
ekdpy26yrlqipdagxwmeg3wuu2hrymnt,master,3.19.1,master
elwhomeleonxrv4ujyvgofr6gcli4ev4,3.0.00,3.18.1,3.4.01
enz3b6zk2y3aa4gcfzixnpu37tab3z7f,master,3.20.3,master
esww3jjmvh6z7zhn7o6nsvdzcpnrmfdv,3.4.01,3.20.3,3.1.01
ewsiutuc7jpmnsjilsqlgexggs37ulg3,3.2.00,3.14.5,3.3.01
ewx4mysw4vunylogknyatnlrftyygnhl,3.1.00,3.16.3,3.4.00
f2ipyqq4iqb2ng5pgm7zcc5u3fnpgy6o,3.4.01,3.16.2,3.2.00
f4ulsto3jvmwsh4moqykfc6blvnqcanx,3.4.01,3.20.3,3.4.01
f5fstrzhnrpd43jnoytzezcmsgxhhox3,3.2.00,3.13.5,3.0.00
fapvw4iv5n4a24x7t2dzyu53szqxxlzu,3.4.01,3.19.7,3.2.00
faumny3abx7jm5a6wct7dra25wo5g5ii,3.4.01,3.12.0,3.1.01
fbji4rdwlspwf5u4rki7rqizpehhlb7s,3.2.00,3.18.5,develop
fdlwazdhln6oshndtvzb5phfiglf3gh5,3.4.01,3.16.9,3.3.01
fevkw2vaygmfe3nwg6p4zzro7zv46bjw,3.1.00,3.12.3,3.1.01
fg3oatob2souzjszhiudkvob2ur6oque,3.1.00,3.12.2,3.3.01
fgxw2owvvshmsqhywgxcxltvi44yt4ux,develop,3.16.7,develop
fjz3jdgi6tlfjidbn7jtly774up36fwx,3.0.00,3.19.0,master
fo2hxiqamybngcov62ui2az6lm6sqmvc,3.4.01,3.20.1,3.4.00
foyravplh6ykikavolcjrtlzhjajly7j,3.1.00,3.13.1,3.1.01
frfnenzcn6g2edm3pi62ryglcubibyep,3.4.01,3.15.3,3.1.00
fsolc3g5r5hyjzpsahnnm6sntlkjb5on,3.0.00,3.14.5,3.1.00
ftz3kzckdf52bwalrimtzu6lq5abegiq,develop,3.16.9,develop
fxwklxoaixlqbvy3yzjwiuxkqfzdlebd,3.0.00,3.21.0,3.1.00
g5icd5h2jjtvrcw57rshbpz6tkhhkjmx,3.2.00,3.18.5,master
gaopq2tsuokas7tmidxmmwermlkki5et,3.1.00,3.17.4,3.4.00
gaynxgshxhnlvgmvjyit6djxhrrtst3t,3.4.01,3.20.2,3.3.01
gbolut4hueg3guwbxfmusod6fpvpn3jl,3.4.01,3.19.7,3.4.01
gcu76gywa43bv2d5vwaoc3e4akeshydz,3.0.00,3.17.4,3.3.01
ghmyhh6clsykjwnwwdvyoen6reyu3fkl,3.1.00,3.14.0,3.1.00
gi6iwqk4m5kgmh5hqxynj4odszhoybag,3.2.00,3.16.0,3.1.00
gq374qu4x7xqizkhqc4de347hrhcaip4,3.4.01,3.18.4,3.3.01
gtxxsudxa56vgjjcjotdd7tt6q75efhm,3.4.01,3.17.4,master
gvcstwnggad26qmnrtu5wh7zwuwm2nno,3.1.00,3.14.6,3.0.00
gx6himxqsthwlzeh4gfl4unimjyasoz5,3.4.01,3.17.5,3.2.00
hj4imzxselshtfkpczznjvdm33lyiuoh,3.0.00,3.19.7,3.0.00
hkiepelp4a6w6x6xuyhssgnraoloargf,3.0.00,3.16.9,3.3.01
hrxankvwavy64gxlc6ty3pvpt3ejupcy,3.1.00,3.16.4,3.0.00
huppkynifmmcl2ieynnbsep4ie6xyqgv,3.0.00,3.19.5,3.4.01
hwjymcpudyljwv4ryrtcrjmjvoue7y5k,3.2.00,3.19.1,3.0.00
hx573oaaatjvtqlau5bh2ik5253bgkdf,3.2.00,3.16.0,3.3.01
hxgkzuptoyxj2qfml3l4vx4wo2d2evle,3.1.00,3.16.4,3.2.00
i25fltu7da6hw5uiu5cm4pctrgrjgfty,3.1.00,3.19.5,3.2.00
i5m3sr4d5g4g5ira5shiqh32v34gf6op,3.0.00,3.14.4,3.1.00
i6pysekva5srjjxaq2l6h3fjdwxstfo6,3.2.00,3.15.6,3.1.01
i6wwkyuu4qqeuafkwvkcay7vzx6htpmw,3.4.01,3.20.1,master
ia4a44mblmz45usxvtn2scvig76owsth,3.4.01,3.14.2,3.1.01
ihw7pdzztufibm5oouabefb5pvkagrll,3.2.00,master,3.1.01
ijggbh65a5oxymyzd4a23ixcqrg5j426,3.0.00,3.16.0,develop
iwb4lhzutbwbtj2tdd7sxcwkbj25sbz5,3.4.01,3.17.5,3.4.01
jcz22nocp35aqu3ugrsqsa3mcuskbuzw,3.0.00,3.17.5,3.1.01
jejyrkauz5sctdoqtvuyk2lc57nuoenu,3.0.00,3.17.5,3.3.01
k26silbs2vshifpzwzgm2rhe5sjeuk2z,3.4.01,3.17.3,3.1.01
k65iolt2a7dsitjqae326rnlkyfux3ga,3.4.01,3.16.9,3.1.01
ka2wtvwuk37kexuwyccuqrlellg2ezzv,3.0.00,3.14.0,3.0.00
katzexmfiolrcrsuzwcdlytfrikkuodv,3.4.01,3.14.4,3.1.01
kcqm6hq45fkx3evx7lnemtwvfvjnysiw,3.1.00,3.21.3,3.0.00
kemhlauc4pdi5pgf2iayufvo4ghfkp2z,3.0.00,3.18.6,3.4.00
kgs2djtwxzop772mnl6hdy45yy3fisye,3.4.01,3.12.1,3.1.00
kh477cxp5dyjri657bik35a2oj6cze57,3.0.00,3.18.5,3.1.01
khchrxrlmmcox4nrkv65nsf6ssxbvb42,3.1.00,3.18.1,master
kj3aswamug7pxvkbmxbsyduo5wvp4vu7,3.4.01,3.18.4,3.0.00
kk6ouvmyrgknzbiqjzffea65nrtttqna,3.4.01,3.11.4,3.1.00
kqjcv3okpiehveeij3a62f46mlz37eyt,3.2.00,3.19.4,3.1.00
krbohpevcjqhoqxz2vdu5tajvvti4fk2,3.4.01,3.18.0,3.3.01
kvkd6imcrdlmo4knkey7pfua6nu3iyjx,3.2.00,3.21.0,3.1.00
kvlw3lmn52fkcj3bsnphap6dwbx3qgaj,3.0.00,3.13.4,3.2.00
l6jbnejsin7i6uj6v7nqinwsqjznbjqp,3.1.00,3.21.1,3.1.01
ldzhullprskezfg3qhrjqv4l3wwqe6yq,3.0.00,3.18.3,master
leikwt5v2dtfs7pxkrsqklian3bc5nhh,3.2.00,3.18.3,3.4.00
lhzpoaczmlfvlydd73l3zv5wmcygr5r5,develop,3.16.8,develop
llhyxzyx4mu6qagz3lknhovk7rn3rd7h,3.2.00,3.15.5,3.0.00
llimytaaslx5gnce7f7jdw7a3st7xq7z,3.4.01,3.17.4,3.1.01
llmboeq2vgnf27tt6hdiwxwmauqactof,3.1.00,3.21.3,3.2.00
lmwo37abgzs3gb2zspzenx4mdmyjhwch,3.1.00,3.14.4,3.1.00
lwxx26l2vrcncy7wr5c2agbb7sbjbyiv,3.4.01,3.10.1,3.1.00
lzhz6q4fgy4xiluv6l263ftnvyi5sfhy,3.1.00,3.11.4,3.3.01
m5nogs6pbeualr37igw4k6syjfscz7su,3.1.00,3.11.2,3.1.01
makchf4anwkxecs33kvo6jpmjvn7l3kd,3.1.00,3.18.5,3.1.00
mbteivq3kcgxvla26fjlkiqsnqmgo4vm,develop,3.17.3,develop
mif7oknqnti6n3xx5x3ugaluzmrt3waq,master,3.21.2,master
mkyahbqkbhzvpmvixlsdhjvjdn24k3h2,3.0.00,3.14.0,3.3.01
mmllj3skwr7hiwrxs6v6vz4oozzidpmd,3.0.00,3.18.2,develop
moystcfqc25or5srzx6hea43lvkzq4o7,3.0.00,3.19.2,3.1.01
mq2pvlwn6dflx3dwddpamuhccqahlmk4,3.2.00,3.19.3,master
mqfc4febdplhhn27idbkcdwcsgmijwxi,3.0.00,3.16.7,develop
mqm5zuoeuto24fraoa3v7ce73ef752m2,3.4.01,3.20.5,3.4.01
mtiyikbe4nqfz6b3uumgdvklq3eojc7l,3.2.00,3.20.3,3.3.01
myr6w7sbkxnmyhsh2ng43cjj4u3itdr3,3.2.00,3.17.3,3.4.01
n2xzjpyiytkklkoqmpvlxieceparxaa4,3.4.01,3.11.0,3.2.00
n6aa7tvwpez57nfybyejjxbi5lf6m57x,3.2.00,3.18.2,master
n6vg3a5vwf27dftvsmyddfmpiefaldna,3.4.01,3.20.0,3.4.00
ngkyc4ymova4vlpr22d3flxzualood7j,3.1.00,3.21.0,3.1.01
ngnp7jtneuw3bk5hbsxhtqmsphrndfe3,3.2.00,3.20.3,3.4.01
ngnuoxrjegq2cg6a7tastwgwqx4zwlj7,3.2.00,3.12.4,3.1.00
nix6qiavvk6mbvco7r2towqnhnoy5wh5,3.0.00,3.17.3,3.3.01
njknwam5fcoo5hczkouvask52aw2xa4r,3.0.00,3.18.1,3.1.00
nk4uwrw5stoxttf7ksna7m5gneimxvl7,3.2.00,3.15.5,3.1.01
np7hywl6znlrx3ahywuyc6jku6io7zbi,3.2.00,3.19.0,3.4.01
npuhthxknqhy4uyon5g7yhuahhahvjfx,3.4.01,3.17.1,develop
npz7o7gfgdqwaa7gthutbb7avwaajjwq,3.4.01,3.19.1,3.4.01
nsufephjgnddoyop3ynxkaw5oe55zpb7,3.0.00,3.21.1,3.1.00
nwqnvc5h37oiehmpy6y7bqn7apaor7vf,3.1.00,3.13.0,3.0.00
o3dmoaaby4a5pvns6wexgh3qimiwyk7r,3.0.00,3.15.3,3.2.00
o56alpsplepcfzonn7ee3ps3uq3gmchu,3.2.00,3.20.1,3.0.00
o7uiqm7z4tucqb55loyqbtpdlgbg3bp5,3.2.00,3.19.8,3.1.01
oayziyxpckklsiq36cltshxzw7vwohyt,3.0.00,3.22.1,3.4.00
otu43gm4nkronowjgronkmtghvn3p347,3.1.00,3.17.5,3.1.00
oxywbolf4dp2mzillhxjqkcgvqt4ch65,3.4.01,3.19.5,master
ozrdxikjvxe2ltpjecax7xx4tsddkg3a,3.0.00,3.12.3,3.1.01
pa7gsh22rf4p446rehhmpcu4y2hinh6w,3.1.00,3.19.1,3.0.00
pbylgjxr5vnkbauhvsogxcjn3vn3hwhw,3.1.00,3.15.6,3.1.01
plflmmvwa6gejfsun4zqjqn6t27tb73w,3.1.00,3.16.3,3.3.01
plmap7m2jrtso6ckritlb7qppndqhjoi,3.2.00,3.19.6,3.3.01
pzssdrharnwo2uk7ijca2mkta5tk6vbv,3.1.00,3.20.3,3.4.01
qa2rafowqliye7bplbdlpiez4wfcgswl,3.4.01,3.20.1,3.0.00
qfhdv4hbxqhxze7g6lqpdli7nbeklhdu,3.4.01,3.18.2,3.3.01
qucyzjllru6b4wssfe5v52g6wykcqvz2,3.4.01,3.19.2,3.4.01
r36c2cq532cyfqhseihvomh3kfrgdugw,3.0.00,3.12.2,3.1.01
r6cyjktvorlihfaw5lrmzvwkqimsjrct,3.0.00,3.15.5,3.2.00
rdip5idm67ds6fiqvhq2nlw4k5jvgk2r,3.2.00,3.16.5,3.4.00
redli3jpoizk6bsrndgpbfhjw6dct6a6,3.0.00,3.18.4,3.4.00
relixnd7ipxwx4zs6tq7sug6xbvhwe7s,3.0.00,3.19.7,3.4.00
rkwkcgp4yy5og5cnxu22g33ixrqbqoly,3.0.00,3.16.0,master
rl3nyaxknkdf53ntcycxjgvfo3ib7pls,3.1.00,3.12.3,3.1.00
rnckjqrudnsnrfdh3kql2bnenhqjq44v,3.0.00,3.19.3,3.4.01
rndacfiqyjabaigoncxodb6gfsqfeff6,3.4.01,3.16.0,3.3.01
rodlr5rvgh45px3zg5nrv43eyv2pjjvq,3.2.00,3.20.2,3.4.00
rs7ig3aylf7fvdbbh6w3ua67qxurjqcg,3.4.01,3.21.2,3.3.01
rtnaozkltnrvv3ndyvvicrjrna4gcs7m,3.4.01,3.16.0,develop
s4m2bdzxcsgovyq7mxkmydoujrdmlbkz,3.0.00,3.21.1,develop
sdmbnfq5shwyq5g72mlpxtw3gqa6kfsa,master,3.21.1,master
slgphphbbeiqsb6mazm2simrjavnir6h,3.0.00,3.18.5,3.0.00
spcp376na2oa4azregtinalkijr5fy25,3.1.00,3.20.2,3.1.00
ssulpufalcewfkldjczp3kyvpflc2dal,develop,3.16.1,develop
t2gag2hfircqxciqceyyno4j6c3b3cen,3.0.00,3.19.8,3.1.01
t45rtaxrnsge73h725t3exiqb56z2ap7,3.0.00,3.16.0,3.4.00
tmvxzkbvlo5kv7mpwk3vanrcbhrczgv5,develop,3.19.2,develop
tnlpubi2afjjeu4bhzgn6sop7ilipt5d,3.4.01,3.15.7,3.1.00
toen6y7m5kulp6s33w3mstcqmsvfwaiq,3.2.00,3.19.6,master
tplw2ptgy2ld74mkj42l23lfbw63uc2a,3.4.01,3.18.0,3.0.00
tppap6p7eqx6oobd7u7pxy7sipi2f7qs,3.1.00,3.15.3,3.1.00
tpy4qjboa32sbmpyqwvevtjtx43kpvyb,3.1.00,3.19.7,3.1.00
tsv7lc2yw6wghpfukddti74vhgkqcdy7,3.4.01,3.13.1,3.1.01
tyikadrgxzmkjpcarhuz3kgcfd25r3rw,3.1.00,3.13.5,3.3.01
u237iu4aqb4yh7crkfxx3ysall4apm6c,3.4.01,3.16.1,3.1.01
u5p3dwooheroyocsa64wcpnkr7f4nkum,3.1.00,3.14.3,3.0.00
u7zeewte2r2lt2x7zqdepxdayyva6nex,3.2.00,3.13.0,3.2.00
uadbv5idkuf6sz37gj4klxms33qawynt,master,3.17.3,master
ucztzl53okzlx4v6yorhwkmwxix76rfy,3.2.00,3.18.1,3.4.01
udd7lolvhjte37gho7bhysczqathxwby,3.4.01,3.18.1,3.4.00
uhxt4lyqxpefazhvts6hxktmnynhpz7t,3.4.01,3.13.0,3.1.01
ui7mnhk52qz4oimjy6xdr5iegctruzqw,3.0.00,3.19.7,3.4.01
ujqc7j2i7hsq34n53zvicbiumwynzfxn,3.0.00,3.20.4,3.1.01
umvk5javmaokxp2okpf44qvjbw42ne2p,3.4.01,3.18.1,3.1.01
uwnf7ndxlydfivt57eyzqa3zte7jl2i2,3.1.00,3.18.3,3.1.01
v2gcbqv7kdyxl3izx25vaue4rtcmntne,3.4.01,3.11.1,3.2.00
v3oob4qunapaay3i72msz67yl3zy5vyf,develop,3.20.5,develop
vhu5s4asfc4oxyrsqarlqohdbt7gnuii,3.2.00,3.18.5,3.1.00
vjbmreivuxzd3btofpnrqeutp74qjlgw,3.1.00,3.14.0,3.0.00
vlm5m7zth7gsydhwkuvgkosml22zbi6y,3.1.00,3.20.2,3.3.01
vncbhmfyzaruq5rkn6vh6t44iveeklsb,3.0.00,3.19.5,3.3.01
vnnnmn3ahbn4gzg5wv3py424q3fdivx7,3.4.01,3.16.1,3.0.00
w6pnmyoutw62ho52m7pximnk3w2bdndp,master,3.17.4,master
w76mbzs7v4if65hrtpj7lljg4hdbad7r,3.0.00,3.20.4,3.3.01
w7oui6tscpe6nhvpkjfimopdgkemsr3t,3.4.01,3.13.5,3.0.00
waaa2zvix5q46kftqhj7sskjbakaqkbd,3.1.00,3.18.1,3.1.00
wadk5fvwvz3pqht5ticx2zjsh7gqtswt,develop,3.16.4,develop
wbqlrqhgxobvoaubzxchr7spebmb5hgq,3.2.00,3.18.4,3.4.01
wedemrypa4ttk6eoxviyocm44c3aql46,3.0.00,master,develop
wgx3stra6nktyjwiratokpy3c4i55c3l,3.0.00,3.12.1,3.2.00
wuwhfdiiuanlenvuz3jfu233m2xt2q3f,3.0.00,3.11.0,3.3.01
wymixjdpfk4emdvkeioaiie6ioddyml2,3.4.01,3.15.6,3.2.00
wyzl423ell2mnbyvaswq26guffki4vze,3.1.00,3.19.4,3.3.01
x36e4vxitxyxgw2bbkxf3p7awzlrcsct,3.0.00,3.17.1,3.0.00
x77vyso5kzpossszejvd5namylxgek6m,3.2.00,3.19.2,3.4.01
xld55nu4moovgfsbzm3vrr7uty6hwj6a,3.4.01,3.12.4,3.1.01
xnauacbkm5p6iwdact6fgd6pgscxrwrl,develop,3.20.3,develop
xop25ackfvb52licdj2suapvcltmw6on,3.0.00,3.11.4,3.3.01
xsxdqnjok2tl7ssoo2ojb4s4jpo6bavk,3.4.01,3.20.2,3.0.00
xutvaqbgzyfz5ip4jfhsnh5dzenx3tfz,3.1.00,3.10.0,3.2.00
y4b6kbe4cp4wty54gh3j7wnxzhv6r52f,3.0.00,3.21.3,3.4.00
y6hqd7csus6fjoaxj6ob26tlkrw4bcxu,3.0.00,3.22.1,3.1.01
yj3je4vq3hg2byhityjp6ixtrjfuvsbz,3.0.00,3.14.6,3.2.00
yma65pxmyuyi2hffxkhuleusratnmjkm,3.4.01,3.17.1,3.4.01
yoedvnqrbwd2vxhlod34vzgk52woq4za,3.4.01,3.20.5,3.1.00
ypzz2vj2ddqrnhdzv2552yakvex4ymva,3.4.01,3.22.1,3.2.00
yuocvr4tvzhjhy4unfuc72xnzi4hsh4m,3.4.01,3.11.2,3.2.00
yvh6yafk5gz2ualqfje5tfssx7hmvh6n,3.4.01,3.17.0,3.1.01
