,cmake-version,metall-version,boost-version
23qqkrsmlwsnndwnshz26gmstbacutn2,3.13.1,0.11,1.65.0
2eps6jw3zgt7yjlkatz6wrymuhknrexs,3.16.5,0.9,1.75.0
2hd55x7m5vajgswjnczxd55tppd2ohyd,3.10.0,0.11,1.77.0
2icyrptudey44lemlejx6xjbvbarf27v,3.10.0,0.13,1.76.0
2m4v7okto2c2qj66cze3itkeohvhsxsv,3.11.3,0.9,1.73.0
2mieyoxlrjdllicihxt2iuybyhcapjgr,3.12.0,0.15,1.74.0
2p33fs54tqfdrzb2uhfqax7qo2zq6wps,3.12.1,0.11,1.72.0
2pc6mzhlgk3k4f2ruzwq5b2uzecifwyj,3.12.2,0.9,1.67.0
2pwktmnyxqhea5ip7w542nazops535we,3.15.6,0.13,1.78.0
2qrxitysm3os4mkgmhhjdgp4go7yxr5k,3.21.0,master,1.69.0
32uym3rt6kp5rcjcizjrclcyj3npv3wl,3.20.1,0.13,1.74.0
3b4ez6ayvkfhybwwocknfh3wtik5mppo,3.17.4,0.13,1.75.0
3bc5b3ymyvvtsq53rk67gvnau7ilwc2g,3.18.0,master,1.75.0
3ex63pgfmybfpddswgi3cikjweqv5kyg,3.15.6,0.10,1.74.0
3opbudgqlvfei76zimkds3c52movhg4s,3.13.0,develop,1.65.1
3xnuq6pwnw7xxeystr7dqjbchojoee32,3.19.0,0.9,1.70.0
3xxblshqfjxql67qprhdlu7j6empcz37,3.21.2,0.17,1.77.0
3y3defhww6b5hizrvv7w446det4yd4xu,3.13.4,0.17,1.75.0
4akl5v2ltoyozmnpv6stenley4o7u7l3,3.16.2,0.14,1.73.0
4b745slp52ti4zcnp2f3tvodog7xjxjz,3.14.6,0.12,1.72.0
4crchqncwm4qzotnjel3js54et3bzqhh,3.15.0,0.16,develop
4etjro3ssg6u6tzlkr7pveh34kerqrw3,3.13.4,0.16,1.70.0
4hffg4yo5ywf4nvniwo63sag34rhr6va,3.18.5,0.15,1.77.0
4ktuphwjgstz45kd6yjhy6ojnja3vwq6,3.19.4,0.17,1.74.0
4oiewmwhpbf2ysvmn6xz5krflfij3y7f,3.13.4,0.11,1.77.0
4oxgooe52hfen5xlhn2mou25vp3b23j4,3.22.1,0.16,1.70.0
4ub5led3vq4levt66hh7oqoab7dzzm4c,3.12.3,0.10,1.78.0
534m2zihcm4mfbce7hykrl5eax6rlnxc,3.21.0,0.12,develop
536nt2gnnoo6vrwfmrvuloegfjmkhkna,3.13.5,0.17,1.64.0
53seygamtvi6ubbf4k4jdwucamytlydo,3.15.5,0.15,1.67.0
5bohyeb7knq2va7eig3iun3m2l4duxbl,3.16.1,0.17,1.67.0
5jse275wuvx3fkbw6ncmnnjrmqrm5z4z,3.18.3,0.12,1.65.0
5o7olkh5u5h3vsq4whw4cabgtwk64wwy,3.13.0,0.15,1.77.0
5sh7rrhiaqivhwunjmxhqa7dmts3lqxo,3.21.2,0.9,1.67.0
5tmctaya6o3k7jbgd4eewqlrol3t7hk3,3.13.2,0.15,1.69.0
5uizrx2pamjfbld5znxxp6bjkeibmx7f,3.14.6,0.14,1.68.0
5vptecy6k7anpycys5bbrmupewvocflt,3.19.5,0.14,1.78.0
5vtjw4ufb3lq6hicqbv6mgwxincklucz,3.18.0,develop,develop
5yunuihktzlgs5u67rz4xclqrdhwjacn,3.12.0,0.14,1.75.0
5zfvfkepltdfoiq7a5ioxaibbzsmuv3y,3.19.7,0.14,1.64.0
5zocfen62d747ioz5sqa4zn532sqgoxx,3.20.4,0.11,1.65.0
64h6iz334dsnt5dpbxmjpif26vpghyxj,3.14.6,develop,1.67.0
67ptr3bwurufqblbglvblfoj7fpass4i,3.13.2,0.11,1.76.0
6adbdwfhz2ppu6y6yy5ixctrlljj6bng,3.16.6,0.17,1.66.0
6dabrvwow5w5roprqlcxdcr7pmuyqaif,3.14.3,develop,1.76.0
6ezyvi3q22sfyqecnznwpxwsswwwseel,3.21.3,0.11,1.68.0
6icfpxb6exzjgbotfbmqtpoogacmayan,3.16.5,develop,1.71.0
6k3xhrzdbcclpupv5latiac5q2nzj4s4,3.19.6,0.17,1.70.0
6m7fv6l4rwr6hiztj7z3n5a7tknlichd,3.10.0,0.13,1.70.0
6uasmdlb7hrwp3napwkn4pp5urcwywbx,3.18.5,0.10,1.64.0
6uqlgqvsypidpupvucn4pe3cjp5fxakx,3.12.3,0.15,1.65.0
6woxpzf6gz6yebu7up5x7dqhq3gxi6d2,3.14.0,develop,1.76.0
72qvrgznrcqk35eaukrlbi6v2jeoy2eh,3.10.2,0.13,1.67.0
73n3zpaxujbht7ndbwkz76rcqbnu5nni,3.18.2,0.10,1.65.1
74g4e33dyuyvron6ucfv3ow4uncjm7jz,3.10.3,0.9,1.76.0
75kyc5yunnqqfoifuqundy6hnwsyzwti,3.11.3,0.16,1.64.0
7en74eygybwm2fxiwxdmr2br56caktla,3.20.1,0.11,1.68.0
7lpr6zecnaqaczaoep52nbqs7m4g3uzb,3.15.1,0.16,1.73.0
7ow35ijakkoudqetbbxlewentk5jr5o6,3.13.1,0.14,1.71.0
7ywcg72zzvgakf4ushs4v7jn6ikx3o2p,3.13.1,0.15,1.77.0
a6wobah6pcmtcl3mhbuthnm5wsaxgnkf,3.20.1,0.17,1.73.0
aagvdar5vtsavmlr3onoqyviz4jwlm73,3.18.5,0.15,1.67.0
adz4lpr5xpyplopznj74b2hmqnyefi3o,3.18.6,0.9,1.69.0
ahrfauqooicsjruhcp446edwrztknel4,3.13.3,0.15,1.77.0
ak4cjajclde53wibhvqpjbpgt5zrmruw,3.16.7,0.17,1.75.0
altim5sz7ulflzlqiuari2jnwgevcgx5,3.21.3,0.17,1.71.0
amwushczvir7fl4eaqe5h5juobzrxenb,3.17.0,0.16,develop
aqpunqrjn6a4nj3ghd5xj7irh654mb26,3.14.2,0.17,1.72.0
aqpvvjdjcztv6wdclxk4ha4b4bqpwiat,3.15.1,0.10,1.73.0
aur34cdi6nah3ya7jlnu67a7kmyftk5z,3.16.0,0.17,1.69.0
bcoqerkmm676owvs3cqyq7u75unpmyab,3.18.6,0.12,1.73.0
bext5cgjb5t36zjrulddwq6rwub5uc76,3.15.1,0.13,1.76.0
bhickghtu46ldydkvcfmo445mucyz6un,3.22.1,0.17,1.74.0
bjnteqx7cxowla37wesf6nvohm5wefxm,3.20.2,0.13,1.68.0
bruonuoo4zj2izps3gtlsuszhtn7va26,3.16.6,develop,1.71.0
bz2t3ehs2qlw3ksor2v46dqmqjtxcax4,3.20.4,0.12,1.68.0
c5sdvcof46sx5jycc6ejg4oll2rjeyud,3.18.0,develop,1.78.0
ced6szgpsanf4t7cylib7zpwlkprqq5o,3.13.3,master,1.77.0
cgjpddzlj65zqmqu2wsfxmqkpsap5hro,3.14.3,0.17,1.73.0
cmgxwzplhhcwb5cogwf4vah3ovog2t7u,3.17.3,0.12,1.67.0
cqhna4ojlcfcu6x3cg2l6dzfeovh63ya,3.12.4,0.17,1.69.0
d4r5y4qax442jmgktbbgfk3n7e2fnvka,3.18.4,0.9,1.74.0
dbqqdpry6qgjkdxrvogywjfmdey5xsrp,3.14.3,0.17,1.64.0
dgfcxxggf25hqliosutmr6tsx5sydr6l,3.14.1,0.10,1.75.0
dgu63vwm42kbar6nemmmpg7qgifka4z3,3.19.1,0.12,1.67.0
dm2ay2sd4dv6ovoicxzo5ybnpviw6xsj,3.18.4,0.15,1.74.0
dn6xpzmdozwd2df7o43qvxl4llmqd5bv,master,0.11,1.76.0
dt3o4bvldz2nkhaab5gvobj3ppyfdvew,3.19.6,0.12,1.67.0
dzfkib63q7fexgki2ymdp3rxpo2ghr2p,3.20.4,0.13,1.70.0
e2snpqt7icrgyummorbbboq3ojp5ipv7,3.10.2,0.13,1.65.1
e5hioklxrohjvk4q6mppn7vztvzbkr42,3.13.5,0.14,1.78.0
ec4u54gszjzmwruobupheidjyh2t5s22,3.20.3,0.16,1.64.0
eexxi7a4jlqhzrqvgmoeegjzjwd2k2kw,3.14.6,master,1.65.0
elqaqd7nrhipmo2tusucym3hei4vd2vy,3.16.1,0.11,1.77.0
ema3l2obwvxqie2hqqp2duupc46r4hdd,3.14.3,0.13,1.78.0
emujmbxpkvdzza4gzwajtanrcvfw26v5,3.17.5,0.15,1.66.0
epmkn4qhrs7jlt3x4q626lqjuxczznu6,3.15.4,0.9,1.64.0
et6fv2vmyfmea3nm2p2uly7e52ldlbb6,3.22.1,0.16,1.73.0
etdkamg6ifkgs47pq4b4emphmf6yqoei,3.12.0,0.14,develop
fauq2nn2ytqz6g2xod7c77l6ispqus5b,3.19.2,0.11,1.77.0
feiqwz24jmcxx6gwxkk7zpr4v7n33rzv,3.16.6,0.10,1.75.0
ffpp5urg7php64v76oirx2jxdqc2rg7g,3.18.3,master,1.65.0
fjvnpbapfchonop2z37o3ol6iujlry3e,3.11.4,0.9,1.72.0
fmqfushhyebzpkxemsm67fozhyszuj2r,3.16.6,0.10,1.64.0
fo6rd2snd5cjpqgiczdomnozgwcv4lj3,3.16.2,0.10,1.75.0
fpj3xj2bemqxnxgxdbi6va7idwewyh67,3.15.4,0.13,1.75.0
fpz7hlcpjvqlukxmsvlnoqycd4y5lsqy,3.19.4,0.9,1.71.0
frf76pr5vq74ucx3qtm3ykbvvco34frt,3.19.2,0.10,1.75.0
ftqx6x3n2v7k2qzeg4izpvhfwhlhccwl,3.16.2,0.16,1.76.0
fxvxvjserbowp7euqjbyvzhp7gqvbbfz,3.22.1,0.17,1.78.0
gbg2wzgz2satsdqhe66kixsmkbcvvqy3,3.19.1,0.15,1.65.0
gjfktbnwnib34udh46fcbrravrbrdoqo,3.14.0,0.10,1.72.0
goqynj4uo5fqmctij5wgibui4etinirf,3.18.5,master,1.73.0
gpluip2rozz3d5gwsh2iaw4ecgnnsokl,3.16.4,develop,1.68.0
grvenio4hgdb72do7tx3ej2dpblzhtvz,3.19.7,0.16,1.66.0
gu523nqp25mtvwrbh7mpbxgnmdvbkuuy,3.15.7,0.14,develop
gxusaqvo7cqjrtt5d7dut4bwgtfy5vsn,3.20.2,0.10,1.64.0
gykewhgvesn47oww3le6lzbtnlayg4uc,3.16.7,0.16,develop
h4cxp7q66e7csbqhgfn4mgmhsmqchwfc,3.19.4,0.17,1.69.0
h7svxu4lj4eawf73xrckfir2oo2ptp3y,3.18.0,0.17,1.76.0
hc7vxdlugju6gs6z7mz23kjtmu4mlxq5,3.10.1,0.14,1.78.0
hdsvxuzx26zmvvohw7devqhr4pehbufi,3.20.2,develop,1.70.0
hmhifmavnqohdfd3ostg72pyhl5utsqn,3.21.2,0.14,1.74.0
hrspg25jlotczilm6pdbe4h5wgnzahht,3.19.5,0.16,1.74.0
htjx7rbtrlyk6y7dvdyliovfid3l3g4q,master,0.14,1.76.0
hx3mkmwovnkwhcwx4neia6il6d2byhsz,3.18.3,0.14,1.65.0
ieeajjbphl33w5qcyevqjzn6frpp636u,3.17.4,0.16,1.72.0
ifgc4ekbn7u4yph5lseeqvk2jlsqwggg,3.14.0,0.17,1.66.0
ihnvj6x2axzzfk62obwhug6um6bqw6he,3.21.1,0.15,1.72.0
ijirnbxsw5eeacpc2bein5dlaxupvk3y,3.11.0,0.11,1.76.0
im44wzc7fx7oc7kctdufytz3wpl2dx47,3.20.4,0.10,1.64.0
iqyd42shxzh4a3f5lysmlyhqgqnijjkn,3.18.4,0.12,1.67.0
iu6ozznhq2ongokiushhgwk6u6g27hwk,3.20.1,0.14,1.69.0
j2yfdbztt22d4eukkmgbfzn75djbuhyt,3.19.2,master,1.65.1
j5iis7elfmfjjq4zlyfe6wx4hfwsx2xz,3.15.4,0.12,1.75.0
j6uz5ahrkyxbhhe2aojcixax7e6t4r4t,3.12.4,0.10,1.64.0
j7r7expglilxz5sdgjjyoe3z7uo4hs54,3.12.4,0.17,1.71.0
jm3vegznp63jt4meegqiri6amgesq375,3.21.3,0.11,1.65.0
jmtroytl6atrjq4lfbafechbmq3x6qed,3.14.0,0.17,1.74.0
jwcvo6zas3dfnuyqaknfenqoiwwepjrw,3.11.3,0.9,1.71.0
jzonr6r5csik6lut2ny3xv4r3a3tiouo,3.19.3,0.10,1.75.0
k2ybv6sioviktct4dmk2mxs6eh3vu53b,3.14.2,0.9,1.73.0
k6h737sesabtjtn6u2akgpp3mt36pdi3,3.15.3,develop,1.65.0
kb3w3ap2zzavvbkisrn3utzebodcnwaj,3.17.0,0.13,1.65.0
kh5zomayjud26aq3rxyxbvyvrhgslrxx,3.19.4,0.15,1.64.0
khpsps36v65vyzr24nz3lepx7ttzueh4,3.19.2,0.9,develop
kk26ncyo44w4iqjcu4odermu6btl6gt4,3.17.4,0.16,1.71.0
knghdsw2yio2eyl2szt7ntoudt7qkkld,3.16.3,master,1.65.0
koam46gqlwrp3ihlgynvne34sddjurx7,3.19.5,0.15,1.66.0
kpnn5fj5s3nuumbsphhcyv6ngzxhbnq3,3.20.3,master,1.75.0
ku265qcobt7segrs23ol4xns7csj7nzd,3.16.0,0.16,1.77.0
l7644mhzvmne7yn456zpyznc4gy6yi76,3.12.2,0.17,1.64.0
lppadfk3l3chiasgzy35glyzzh7nx4qt,3.19.1,0.10,1.74.0
lqbozl7ibgev7zico5acez6vx6ur2s4a,3.15.1,develop,1.77.0
lt6oydspdqh2x7tlph3mgmb7fq4bqmww,3.15.3,0.17,1.73.0
luw4h5twoco3ibb43mbcgxf2ddb3z2xo,3.18.0,0.17,1.65.1
lxnch5mpyrzf7ikbl6jtvnkxvy5dxj3b,3.15.1,0.10,1.78.0
lyaivw5yommxqmkrpxu6mgw62mfugv5z,3.11.4,0.13,1.66.0
lyuhd2bvdxex4qpda2tffa5wu4biughm,3.12.3,0.10,1.68.0
mbhqt2piqj3meowcsdusdbfl3fuyjksc,3.14.7,0.15,1.77.0
miyuku4w5tcd474eq7v2pkbc2e3dmxaz,3.13.3,develop,1.78.0
mqgky7wqh7ozvni7mlxbme6vobcudsbx,3.16.1,0.13,1.64.0
mr44loekovc7jb6wt7xaijwcryo25czx,3.14.6,0.13,1.68.0
mrk5dbuipnjnuex2cgz2uffegayn5qcw,3.14.2,0.17,develop
mrybqo6x43egddxtbsv5oj7poorohp5b,3.17.0,0.17,develop
mschpjcp42g7m7sv7oq4txz3xr722tyw,3.21.1,0.17,1.70.0
mwczmdhopqmevcx375372drt7tocdcvz,3.14.2,0.12,1.75.0
mz7wujvzj5b3a3jsu4v6nxdpxlns2xxs,3.19.0,0.15,1.68.0
n3bti5tvett2fcmntdsmqpfint4yzw2k,3.19.6,0.14,1.76.0
ncmuq7hnh67k3e7e2ezksqme54cvqjfk,3.15.3,0.12,1.64.0
ndgyycbbspx3xnhrmgytc5755tadqbve,3.20.5,master,1.75.0
nhxbvkd2gzooyewf5222d24c7ezeqstm,3.21.0,0.15,1.78.0
nr5p6qfq3gow2acm5j57nko6tqr7gq72,3.12.0,0.13,1.64.0
nrdhdbubzw7kwk24lclst3ntmcrai4kn,3.17.5,0.12,1.67.0
nrpflf3jffb3znsm37arvbqyi3iauhpd,3.19.0,0.12,1.73.0
o2kgzutyh3ylgvgbvbimm3ahifte5xwn,3.16.5,0.13,1.66.0
o35mb5zmxzl34b6btyvjo4wz63ywg5y5,3.14.0,0.15,1.75.0
o7gu76qlbdwhiikaev22xrrgdpeichi5,3.18.0,0.9,1.77.0
oljpvfpb2oi46t5dgcvyl6gqkuxqv7oj,3.12.1,0.13,1.75.0
oqc5iuftgde6bn4w5tlkikqbhw6mt4an,3.15.4,0.14,1.71.0
orsykevtaesdhz44jo3u4lqwy6euf3dd,3.21.1,0.13,1.68.0
orxwkdattcbwzsryemf7fit2x4ozprqn,3.19.6,0.17,1.67.0
otc4p75yvrra23g4kv7rhw47t5ecttco,3.14.6,0.17,1.69.0
p5b6grh4fbqqb3mocdw7l6mjtbwghszx,3.15.1,master,1.65.0
p5rsvgn4omfeagpu7d7wa64mn4nex7qd,3.16.9,develop,1.76.0
p62hahkunftq7mhjfja5xj5ter76kfyk,3.16.2,0.15,1.67.0
pcldnlz6ggblcpmmve255cq4jsvebmss,3.21.0,0.13,1.65.0
pcxc7adozkmxyhteb3x4qw2bqaaogtjw,3.16.8,0.17,1.78.0
potf2ldhpwxwjv26ceyds52qowkigywg,3.15.6,0.12,1.65.0
pss3wqoaumeq7pzm2vxzh4oj7j2hzfav,3.18.6,master,1.75.0
puoav7rx5ejto2judhceok7wcr6q2rds,3.14.6,0.13,1.65.0
pup5otz6ed26tzzcyw476q65nfrua4xv,3.20.3,0.17,1.72.0
puzpaavkimu2o73habtp6abloopvs7ko,3.12.4,0.12,1.68.0
pwwl6u6m4n3f7vs6yft7modffn2vi5vx,3.19.5,0.9,1.74.0
py7pus3bnvesldw4nfqbsfj5u5ibo3rz,3.18.1,develop,1.71.0
qgylougmivobb56rrlry43wso3k6flkb,3.19.2,0.15,1.77.0
qj6l4wacyixskisybg2cw7c337rcezy7,3.19.1,0.12,1.65.0
qjferhubiowh4jqi4xzkdvtr42b75j3y,3.16.6,master,1.69.0
qk72ii6xqlzb5t2i2kqrll7bmu5fo37g,3.19.5,0.12,1.65.0
qozrxqsbqbyjmwnqljqgziizpsfsztli,3.16.4,master,1.73.0
qzpquc3yq5vwhsja45mjnudtnsjsfysi,3.14.4,0.17,develop
r4ihdmvtczeih3jzwhcrtzg26duimqvq,3.21.0,develop,1.66.0
rafzdbkbdck5izd3o23tw3hamnztmt2q,3.13.2,0.11,1.69.0
rbjoivqjhnwed3dqtynbivhrjaoa5icx,3.17.1,0.14,1.67.0
ro3qzdkwzozrxcp222v2to5zqsa5u2kx,3.19.2,0.12,1.64.0
rtkdouuuco5ewqnt3bwdsj24wmmjdcxg,3.14.5,develop,1.64.0
ryrctgw7nbmf44p7vwxc7edem7fn6f2e,3.15.7,0.16,1.74.0
s4cqk2fdthen3q2lunxtfnrsanrq3f37,3.18.3,0.17,1.64.0
segkcb7kmwiian3zxmw2wzjzk56fsmpu,3.13.2,0.13,develop
sg62bqlf6j2m3abcxgs2jh4xdy4fiayt,3.11.3,0.9,1.67.0
sjhulncuco3pad75ckdj6ympwuublc4o,3.21.2,0.15,1.65.0
sjvgfnwybbuhlbu6lulobaqxtxxhzjpd,3.13.1,0.17,1.64.0
sodsnfldonqkufgjtm2bsjmiddmc4zpc,3.17.1,0.15,1.66.0
stw7532kbbk7rjbwkfzqarrank2qgt5l,3.18.0,0.14,1.71.0
suslv2dpgtwd52l24vfzoaretvg7td7s,3.20.0,0.15,develop
t55lfcxppacnvgdk4etkvhkoxzphu5s2,3.18.4,0.9,1.66.0
t6euibpzkyfnwyq3nheid3h7t2yaaq7b,3.12.3,0.14,1.76.0
tgjte45dzjiugqtpetvd2ymlaz3jkraf,3.20.1,0.13,1.70.0
tgsfsfloqf3gs2qgfepfl2emriwct327,3.17.5,0.12,1.66.0
tmdnr77mqvxdvl7icrb5pfpu2gtgik57,3.14.1,0.14,1.65.0
tvyxtq2f375wh3hyptzockvgvebuxw7u,3.16.6,0.17,1.67.0
twaiyzdul6dd6dyimrq7rfmb555edqn7,3.14.5,0.10,1.72.0
tzxfvht2fgwehmoljyjymw6v4humwryz,3.15.0,0.12,1.66.0
uh6qb4ez7mlfphrnfybi7bu7x3o22s2a,3.13.3,0.14,1.73.0
uhavs4ozlq5plvldpljuxti6etc6ijqu,3.16.1,0.13,1.65.0
ui2bomcrrtipi4aleaps2vim6hhagl3f,3.19.7,0.12,1.65.1
upg3lfgim3g7z7lzc4thlnlz7lw26vxr,3.16.3,0.15,develop
uqgbcqqnkpw24prcfrpkwbni3yf3rsb5,3.19.6,0.17,develop
uqmyxh5yicwhlfmbhfxpgj7fmbdxrbsv,3.21.3,0.12,1.67.0
usnj4ypgwodre6cf66fzluafi3dgbw6n,3.14.6,0.11,1.74.0
uvbukvavii2iciq2xqvmf36fvmwkm32h,3.22.1,0.10,1.77.0
uvfqiart67fg7jx6cudznoz2sw5bayeo,3.16.1,0.17,1.70.0
uybftmjsgirk737fcqefvlmifcivp7lg,3.18.5,0.12,1.67.0
v6txetozp5mhn2wngzvl2xouygnkxfvb,3.10.3,0.11,1.71.0
vz24pwmngadxugyq7kjjetctt2j4dgmx,3.19.1,develop,1.64.0
waibomn6nseot67b3byo3cazukfht6qa,3.14.7,0.9,1.70.0
wbehgj2scnnnm57elqyfijuvwl6uhhhp,3.20.0,develop,1.75.0
wbto5nu7nczlssr2nfbsgl7xqqtuxegs,3.18.0,master,1.72.0
wok65yj3il73tndqshwlb7k2im5z3hdp,3.16.9,develop,1.68.0
wvaxf3nx4yp3cyifg7y2twb2vftw56mi,3.17.3,0.14,1.73.0
wxwubs44q7cznrfzaxhvtc4czdtj7vb7,3.18.1,0.14,1.78.0
xbmdsosuekbyypnob4ed7pcjwqq6zk4l,3.13.5,0.17,1.77.0
xdfekuhs4avi5ngvzlyyizdgu7q4omg7,3.21.3,0.9,1.68.0
xhpqayjixf3zvnjeyneh3ytxg63fqgvk,3.18.4,0.13,1.64.0
xkw2ybwj5oxs4z6imbbkb3aw5o3cnusj,3.13.1,develop,1.72.0
xrmryyfnh5lqdv4voyubi5q3d3cijxiq,3.11.3,0.14,1.70.0
xvr3j2424h6xy34xrbvznkxfbz5yquii,3.13.2,0.16,1.66.0
xzoowgxp37fsz2eegpcngpqi5qt3el4n,3.16.0,0.15,1.73.0
y2a27qfhbdwsggyhylpmaayduqj5m4lp,3.12.4,0.10,1.78.0
y4id4mzspkoqi4l5z6ia7zvarypikdge,3.14.5,0.10,1.78.0
yes7byfuxastfqluagltu23hwgkppas3,3.12.0,0.16,1.68.0
yipley5vhgs4ppssbenzhciq4tcsxiyz,3.17.0,develop,1.70.0
yls6czylyhbgnfdhvtyubqyclcge7ubd,3.20.2,0.14,1.65.0
yxtwgsmeqg26dsh5xso76imdfgn2r2vt,3.12.3,0.14,1.72.0
z66i7gak7tfj2gusb3j76h4wf4ewtt3a,3.20.5,0.14,1.64.0
zfv3nywg326clmhakj5uxmpfz6uhgpqh,3.19.2,0.11,1.72.0
zhajzp2vmbr4aeepwmesidfqy2dbdysg,3.11.3,0.16,1.75.0
zjpkrlvttouw4i3fkuuynfvdjyk2hyev,3.16.4,0.9,1.78.0
zokh443pib2ua6lsrmcfy3mtdvx5tnx6,3.20.5,0.17,1.66.0
zqmqgmyhx2bmqixgddyzmw7tfafmhsvl,3.15.4,0.17,1.65.0
ztdybt7zvvjlx7gfk36gepnpkehuouir,3.20.5,0.14,1.65.1
32k4uxc4lcugoq3pzbt6caavbhzc4yij,3.11.0,master,1.75.0
4xondumsakkqbttiyngctg6hffleu7mo,3.11.4,0.17,1.75.0
aqpt7khq6bm6mhybzwd4nvq3xknc6cxs,3.14.3,0.16,1.66.0
av5nnymab7ma2vl6nsd4ebnyrytxmidq,3.11.0,0.17,develop
hzig5xrtdn4rabd75kkhcc5n5ee5j2zk,3.10.1,develop,1.69.0
iaxdn3g6q3xge6qqnqlpuok2qxmeiogf,3.11.2,develop,1.74.0
lgva7fe4koxflvf4zzsb6egkqpxpl3yt,3.18.6,0.14,1.74.0
pt64juhy337bxv2c6f2wowaw6g2lsx7y,3.12.0,master,1.74.0
sghv7qaneh7lsegy5v65c3r52eb2sqo3,3.11.2,0.17,1.65.1
xoyvwwomesh2qapsepbee47ghkluiaef,3.11.0,master,1.66.0
xz3efrmup22f5rxomm4l44yjgo3a56uy,3.19.4,0.14,1.70.0
ybwe3mq3r3wjwosp76qbuge6gui5afos,3.11.4,0.17,1.74.0
yf5skpd6bwwsgj37cmx3yaix7twksxcu,3.12.0,master,1.76.0
yksbu3cwnh75ywvu5iktuof73a6ucp2k,3.10.3,0.17,1.74.0
