,python-version,gdbm-version,ninja-version
2e3sq6cvluiq7skzzgkhq2kxjivu3ald,13.0,1.0,3.0
2epjlxvm346xwevh2nruojcnbfzhlmsy,38.0,0.0,5.0
2hka6kwtertk77dvb47ufmvlhuc6kmno,71.0,0.0,6.0
2kfcgx5c5gy2pvvd3kbbghepp2nwuvxz,36.0,0.0,7.0
2o4nwxwtgxkss7jvdwu54nork2xybatv,49.0,0.0,7.0
2rql5owigyuhzumdvdj4h23cvqgsvunt,36.0,0.0,0.0
2skiewh42h3fhgtdqbgxt5ycchvqwd6b,18.0,0.0,4.0
2w7gogphmzzvhpqq3ztxvowg4ale7kij,30.0,0.0,5.0
33a4ldewydtactitexvyvci7nirltoei,61.0,0.0,7.0
3beobzshdbxw7bhpbyk2f33xcb7eybbi,40.0,0.0,1.0
3cjd4yhhs4xhdbn4vrpaujurfyjyriwy,9.0,1.0,6.0
3cl7iax7kscbyiafjv7cnfmm36yndpgg,14.0,1.0,2.0
3epmmd7rp6d7yi4urgof24jrxn6chqz5,12.0,1.0,2.0
3fcgn2aydctxhfzzzx5pnwbwryomfq6g,3.0,1.0,7.0
3gice4axy77duxxbsn673w7uraal24ig,31.0,0.0,2.0
3hyd7uwodtmfxroirrhgxrjuach4uwdj,49.0,0.0,6.0
3hztpnhl4iruko6mow5rbnywdtgypzod,19.0,1.0,8.0
3m6eiuji7mgmg7xht32zf5mbw5t3cjqt,71.0,0.0,3.0
3nwwbdlgyjmqn3s72vzrwy7vkkcyldxj,19.0,1.0,6.0
3tfrvuj34ogbnbrgmisqtrhc5s4ymqte,20.0,0.0,4.0
4eenta2ssjhbqukkekcqoi53gjijqqmn,22.0,0.0,5.0
4fmzt3tai7hei5v6kbmk3fjvux5gu33a,3.0,1.0,2.0
4h5iqtbw4g2ubz62zisgtu6u23ipnfsm,14.0,1.0,1.0
4jd5mxd4ku4k7blilbuuozzcdwlw6qyo,56.0,0.0,3.0
4kbp2fj5tcxuh4d6v4xidkuqwqh5t244,65.0,0.0,8.0
4lw4irrhg34aab37gh2332h4vlaryxi7,22.0,0.0,8.0
4mn3anp3b33pyd44gswdxkqnhvq5wraf,71.0,0.0,1.0
4yv7ll6haoevthfebzfswst3ji4mqxhv,52.0,0.0,5.0
4z7jqfnusocqr7tv57wldpzravzlk5c3,16.0,1.0,7.0
57blzasp3k7kdlaoycbybkq7fpwjgvib,46.0,0.0,1.0
57wee2k5rcydbgkelzdbvw26jvy3smwe,21.0,0.0,4.0
5cgpz57phgiwvcobk6lft2y3trmoc3h3,17.0,1.0,1.0
5ea5v4uwvyllkaujxiyn36kxvsgd4rtj,27.0,0.0,7.0
5ks3j67jb4ztzoiwwoqkj65fawovar63,21.0,0.0,3.0
5lkf3626ntrxwo4c3lowmhheb2t2hs5n,30.0,0.0,4.0
5mfnpbb4khev4szfdmzxnqbbtmolb7ur,53.0,0.0,6.0
5ng2z6y6zvl5fo4rcoqzx4inea2dz3ql,14.0,1.0,5.0
5njwfuoaf2qrnyqpng4mmefvqptu34lj,53.0,0.0,1.0
5oquj4hyphlxfkh3cexe3cwbrnikr3jo,49.0,0.0,0.0
5r4rhgnnxf33ziswuhersvayevtfqkia,6.0,0.0,3.0
642stq3p5ozgcj4twwaseofxrxjtyrim,26.0,0.0,2.0
65bskodqt2gwfxpbiwsknlpcppsqydns,47.0,0.0,5.0
6as6qepudsmes64pwmvplswhss5c2bxa,55.0,0.0,0.0
6az4gc2a7x4qm4je4dtbi22oht5d5nke,62.0,0.0,8.0
6bevtj5enhz6lqbyilyo62hwzejgk4tc,47.0,0.0,0.0
6bocekqhbkj2wjz5qxknbkwmrko7cp7e,22.0,0.0,2.0
6f6wt44rtep2eqghdbz3mc3q7l42vg7t,15.0,1.0,8.0
6fg6clp3n6ogu7i4gixpzd3lyraxy3bi,10.0,1.0,6.0
6fzqjcofr2wyrlvnqf5oh7qbtd4yatgx,48.0,0.0,5.0
6jcfe6btd5gkwwncwebwje7cchczrnjj,23.0,0.0,2.0
6knipbewlin7haqgjaw27wrgg737ejlm,59.0,0.0,8.0
6m6dsc2zuvqldwmdbat4nm275phjrjav,45.0,0.0,6.0
6mu4jvnxdcz73wfyugvli2nmhzm6m4v7,9.0,1.0,2.0
6omp2zxn77s2yuqbw65kyuxcqqpmlfqc,67.0,0.0,1.0
6pyjvqo7yv3isqoxtxnp4vy2pzegjzy6,16.0,1.0,6.0
6qmon3eb2gsmf24u7hqbjnlzhxxnm4ll,0.0,1.0,2.0
6tr7z33yjnjz7gfg5efj4hsrayylq62d,22.0,0.0,4.0
6vmntqwcen4wyy6uutlqdrvkaevlsgsv,39.0,0.0,8.0
6vzwe5ia6dpuq7fzeol3ywo4jjs5xmym,12.0,1.0,0.0
6yy6xlqxtz5oehdrpx4e3b4zn4p37y5y,71.0,0.0,4.0
6z7usc5a7urnoyec72iqb76eufvicfe6,57.0,0.0,7.0
6za7i5lox6b5qzjzoupbspwqgyb2l3bg,66.0,0.0,7.0
6zlwslhugl5zes52gkcsfkrfouabvsmz,63.0,0.0,3.0
74y77rkgrcquffhzofnt4nnqibzpdwr2,68.0,0.0,2.0
75gy7wnrdmkge3qpoi67fnkyqse4zdpw,65.0,0.0,0.0
77oquokzath7uxjhrruh3kpus6qglpuq,47.0,0.0,8.0
7bw3dzf7kvzvmxt2i2vfesizrnabyamo,32.0,0.0,4.0
7frp46gfvo2rdnlwofjaoaknomp74dv2,38.0,0.0,4.0
7gvijab7ntwzjwczurkgkvwbnsfj7atl,6.0,0.0,8.0
7i3qsmo5wcqsbt4avkwiwnquq7xoqbta,9.0,1.0,1.0
7jhp27q4ehaea4ivetg5tgf7lsfhhwxn,10.0,1.0,4.0
7jyv3klsz5poh6ourn5atiou2uuhtz22,41.0,0.0,3.0
7le25eghuz7aqapcwqzyhhg3ly6jorbd,3.0,1.0,5.0
7lelf2h6rmzzuedjogh5vnc2csigoxtb,32.0,0.0,0.0
7ngqlyx6va4emsppon7gmmaok62luvhb,54.0,0.0,4.0
7ooetnvy4wfxtyjqbbxpw6zybebt6ndg,43.0,0.0,4.0
7pf67fx7ziurjghp5prve3cgi3vefvvu,6.0,0.0,0.0
7pg3alsd4hgi4lbqqeqzu7cp3rvwhp42,58.0,0.0,6.0
7piumz747nlgcbmbk2t6cuosmaepo6w3,67.0,0.0,7.0
7pktc344dlmzskn2hjpczohn56iusn5e,29.0,0.0,7.0
7q24k5mgvabvnzrzmlwnnyo4s4edpjvf,10.0,1.0,2.0
7vaatg6xpccauqvgogzvkhe2vvqnegie,62.0,0.0,1.0
7vmv4ocwg27ryqjzv365hgjgnzixjjsu,17.0,1.0,7.0
7vvysdpumvyg6lpkkze2hy23mxraiqsb,40.0,0.0,4.0
a2ud6fta7ik2uquldmoi7ddi3nojdmnh,6.0,0.0,5.0
a5ivpwksk66saai7egmfjcmq5lvrcrhc,22.0,0.0,1.0
a6ycneiesnfxdoxw5nm5rtjv26gjqvkc,57.0,0.0,2.0
aabncjbm3m3dhirjdrw5n2ugda27gbzg,36.0,0.0,8.0
aakyr2p5tubh7va7rqrrg6vfuqfkm2gm,49.0,0.0,4.0
aapppd7zty76gs7pd7sy3hc4pct27tsx,47.0,0.0,1.0
afugp2gui5o5preiag7ruvnezj2gsqaf,25.0,0.0,0.0
anzwg62e5cn63qehatp7l5iel5kekavy,13.0,1.0,1.0
aoi44kwe3d7675mjws5atnbuqzvuocwg,15.0,1.0,4.0
avyvd4unncfdbdv4ekufibzjmc53yitm,24.0,0.0,5.0
axwtbjwibzq45d4ggbnvkcnfj7rvhblh,27.0,0.0,5.0
aznivf4jvsourbr4e3gcy2yntnkeltrq,3.0,1.0,4.0
b2awhlmej6kno6575y2s2rssfyyzaupf,38.0,0.0,6.0
b2prtusbs4flc7de3prebzshz4yma2qt,64.0,0.0,5.0
b4cqyx335fvrt47faee7iaxdc632hcf2,52.0,0.0,1.0
b6y5fmapdihp57ma7oqeadnfsnryygpu,0.0,1.0,8.0
badpicnv6mnrpy74w5y7hdrs6v6ft236,48.0,0.0,0.0
bdtsergflweie6beo747i42dp27nj55u,33.0,0.0,5.0
bdwdz4loihkxqfxu3ebv3qd4hypz7yji,66.0,0.0,6.0
bf4v6oe22lf32wqhwubc5vg6ideozx5n,68.0,0.0,3.0
bifbtbwtuwtimu2mclyfin6vt63b6o7g,0.0,1.0,3.0
bm7i6nbwbule3mti3jpzkziif3lumgv6,17.0,1.0,6.0
bnwzz6dhwdjj2lhvox47vntk4ghkwckr,68.0,0.0,0.0
bqidm3vlfgadgpybh5s3vsz3cihljbju,58.0,0.0,0.0
bqkwgw2dccmh3prnjpvazah2bjiao4jo,6.0,0.0,6.0
br3fyivqknshx4hl4a6jzci7ldthkfob,30.0,0.0,2.0
bri57mkxlfrv47r64byovqrfnjayaxkc,69.0,0.0,3.0
bsuepe2axx3appupvce47puhteij7gm5,29.0,0.0,8.0
bva47htdfjdr3bbtwdlvvdtyr3qrusqx,65.0,0.0,7.0
bvns6xb5ldok6jfmew3iehvpnug7xcps,59.0,0.0,6.0
bwpd726maizjktodgsqjdze3smxyyp6x,52.0,0.0,2.0
c2bt6umtanb7wxjcp5bkk7thuvtj6xjg,58.0,0.0,3.0
c2jb4szz5skbzeeqn5yn2uwqnobsnfzi,14.0,1.0,7.0
c2lggssr5uoqh2wyuv62cb2dibxenes2,65.0,0.0,3.0
c3illn5dqc6jjeug6di2uxokl7nw2dlz,40.0,0.0,0.0
c3isxxqz7s4gf2oiamtpxmaxcceafcde,36.0,0.0,1.0
c4hd44bp7nusmiotkg5m4amanwmmydcp,29.0,0.0,4.0
calidudhbuzhs2pnbinvofila5vbefbr,32.0,0.0,7.0
caudzwrytpe5yfaravh3hjxue52tarjm,55.0,0.0,5.0
cd4n6e3jrqfvqqtcl2qztjsyfaieh4dy,17.0,1.0,2.0
cf4uieur5qkqlynn7wrja3epoiio5va7,7.0,0.0,7.0
cfbu6mx4a3w7gxfgpvhwnsg3qmchjlzh,64.0,0.0,2.0
cftmgkrw2zn2xaboyaebjyluw7d5nonl,38.0,0.0,7.0
cgjoowbtpaaiz4remyh3ts43ti2kah4f,12.0,1.0,5.0
ckxwhtdmrdnvpmolthfj5pvaukasbu5l,14.0,1.0,4.0
cleyqrxgm6pm6eo6on6wqo2ahhybnssj,48.0,0.0,6.0
cllshvrms4ab52ckmoqlmwiltequxeaa,43.0,0.0,3.0
cnm7ymlnd7g53ulj2ufdrnsfd66hswkj,0.0,1.0,5.0
cp2xe6vmwdyp364e4ebuzhwf7sadhwec,40.0,0.0,3.0
cp5eeynjqn5autnxzrasz7wmdthkr4rq,42.0,0.0,5.0
cq26g3utfepk2dn2rol7qejbm4gva3v7,46.0,0.0,6.0
cre5va2fkjz7aendvukiqz5hyeg3eeod,61.0,0.0,0.0
ctmypxanlgyxglsmcxesdh7fscx4tay3,49.0,0.0,3.0
ctu4ga4ju4z6dnltlserdkburjz5ynah,54.0,0.0,1.0
cvgdmjjs7mzmqmwrw2p2esmkb2dyom5c,4.0,0.0,0.0
cyd2hdyvbio6xxr5zgz5fxhpsynujjww,72.0,0.0,5.0
cyrclalsg6djrjavtceofo3dlypdvqhl,70.0,0.0,8.0
d54mukqsz27py5g44vi7qrvo7r5kfjz2,57.0,0.0,5.0
d63ho4ympmrbbm6zfpwmuyvalzdkvikn,7.0,0.0,3.0
d6ohyy6nunzaqw2gbrluwzy6trgn475a,12.0,1.0,3.0
dcewk2uy4xhseojaczjxgfh46uojptkb,52.0,0.0,8.0
dfjvkxpdkbkh7lbi2eo5657vdyurquae,23.0,0.0,0.0
di5ntl74opogts5525zfqrtpvtcni2r5,58.0,0.0,1.0
dko2dw5fbkeht7iqxu6gweunv3kwpq2m,55.0,0.0,7.0
dmln4jjwsnrga2ejvnxun6q2k6y3ngz6,64.0,0.0,3.0
dqfq3nivqctlykelvi2igyxay4bxyq3z,54.0,0.0,0.0
dtuoduzk5rvikcl6px77kxkcwmn26atf,49.0,0.0,8.0
dx3ezfezn3xhsweuyhlhlwagu6x5od2t,27.0,0.0,4.0
dxayqrxdqrg3vhkbkkzs3zl4m6utvkdz,52.0,0.0,0.0
dxggcnyhfnfys5nowqrqjxg5zfkntiyw,40.0,0.0,2.0
dxrffabypzttuzpux5qymx4qe3omwc2o,13.0,1.0,5.0
e4bjdcvasw64rcgxpdyjy355exa4qdem,48.0,0.0,2.0
e5bug26o7zvltonyqrqzqn4hertkrrcc,67.0,0.0,5.0
eb7z6lr4udv3pfk2dcswfr7flstk4nzd,38.0,0.0,2.0
ebrberng2i77g3ksfpglhxphfs36mgln,50.0,0.0,5.0
ecxhqbed3b3zbp35a3sgzftdemh72xjp,49.0,0.0,2.0
efakek3a4ienadky4ckwj55nssq2ycsn,34.0,0.0,6.0
efeipqfh4gooi7vqscctcv5jqr2y766v,62.0,0.0,5.0
ekmbxgxrtzwh444sv4fud5qvk3znwv56,30.0,0.0,3.0
eppoecy426dowjpxq5xkesyg37b56hys,39.0,0.0,7.0
eptbmrpljftqvhhrmducqjqegrextbif,49.0,0.0,1.0
erbynvy4nvanuzoyzvzn4luqafxli3yr,20.0,0.0,6.0
esjb2nlemz5oex7przupsmiuf4psrpbk,18.0,0.0,7.0
eskxcehiv5kl3cslj6vujfqvsucu3azt,68.0,0.0,1.0
etlsrliccj6qweggdttzrqgusrmptms3,29.0,0.0,3.0
etyxrbwuj7hmux6leuhhlrqkv37svc5x,53.0,0.0,0.0
evkqgqz3l7dnheaeg5gkic6t4uzq3rpf,54.0,0.0,7.0
f4p5gmobsylhcs42kjvxgcqgqhod2q3d,2.0,1.0,5.0
f7zawinqmeu6htetg5bwa24ylnjvaehr,59.0,0.0,7.0
fa5pdwh5n4gxosubozrcwizbnd5llxii,35.0,0.0,6.0
fbj6nquckpjowwvlgogfenbfspocujuy,23.0,0.0,8.0
fdhuixbj2gs5ipidxneibdwbibdp76xf,38.0,0.0,8.0
fdt5f6berhbldoydykaoyt6qs3bcnztm,19.0,1.0,4.0
fkkib25yro43cxubvznk5r36e62vnkly,50.0,0.0,4.0
fkvxyo3usjevb6e5msifshwplcfo2fy2,44.0,0.0,5.0
fkw23w5iizvoaeo5sqhsefah5rgcra5z,65.0,0.0,6.0
fkzluhrmehnomaq7677zeeokj55ppos7,33.0,0.0,7.0
flgcgaxr67cprtuchof7xodikjjxb6nm,63.0,0.0,4.0
fn7iipecexyjolepsszeydhwzhdz5n5q,12.0,1.0,8.0
ftroa7tavjowdo2urzzuzh7zchtjb6gy,18.0,0.0,0.0
fu3664muew37fgqwc72bgzqfustllh2l,0.0,1.0,7.0
fwiyybncrl6kvavl7l5dsyyazfnv5it2,16.0,1.0,4.0
fwmo3nll6kitkecnuzw5dknqjogbdkat,16.0,1.0,2.0
fwzz74dogyaeum5rhw2zg6odfrunvvf3,37.0,0.0,6.0
fz64yfopnup2hf7lupcvtjc66xeycytu,40.0,0.0,5.0
fzisc2uiu7dm2yu4esijoj5dxtc6tyo7,4.0,0.0,6.0
g2wyhhzcinzcrjnbu43aqrwbvi7i7xbd,44.0,0.0,0.0
g5knbsu4imzh7o7gtn2qb6wwcgppgn2t,42.0,0.0,6.0
ga2evt4kughqi7e2bcb74bch4tyvmot3,32.0,0.0,8.0
gaslyen76zburcpgwcnpan32ypa3bh3m,57.0,0.0,0.0
gbdooa6dttrdylbbkjpjwpzem52eievp,50.0,0.0,1.0
gbv5dkq25242srcx24j7hua2fnknvqyg,70.0,0.0,0.0
gda7zumebu3l3qb75hw2gytkkqis7xyd,27.0,0.0,1.0
gdb3yfjuliu6gr56mqy7xeg6lkxsdyq3,42.0,0.0,8.0
ggltexmm26vdujsbkzolaos4fprlbssw,58.0,0.0,8.0
gj2ng5cwmjoyzybwi3we2sypuikambz4,6.0,0.0,7.0
glmfxurskzj4b6jlkivozsir3k3rmcfh,24.0,0.0,6.0
gmrskkg2wly7arl7wwtrbt5lmwkyptip,48.0,0.0,4.0
gmulmjdbepkg4weblfqcqqjrktva42sb,17.0,1.0,3.0
grgopxi6bybybfodvxlaz6def6zlxi6l,56.0,0.0,5.0
gtgmg62ux4luekh7eb7cdhncwcbk4fcl,25.0,0.0,4.0
gu5gnvrnvlk7ikm7cxathqjluast2nqq,72.0,0.0,1.0
guougklj6g6vubs2nfwrx2s4nnuqjmy6,19.0,1.0,0.0
gxnl2a6ecmaddqbtlgkrpd3kzqxd7su3,19.0,1.0,1.0
h2sckc4tlgjpfokt5xvwyrmwvfol7ls7,46.0,0.0,8.0
h3xogh3tx57xokxu4xrfn7y7cw6zv7mk,16.0,1.0,8.0
h5ozobwtadzp5ae434xyenezw6jlrswu,52.0,0.0,6.0
h65t7nqtp4c25ltkrpuvzs2zaswnvkdw,60.0,0.0,4.0
h6driotzifkfhy2mv4kr2efwrilqrxbv,63.0,0.0,2.0
h6gk7obz3l5ypzs253fqcwmzjs2qjihh,7.0,0.0,1.0
haw2k6ctavoyu6dmpz672ytdldmdiozc,42.0,0.0,3.0
hdg5yminifvnklowp5bylgm7j2jjosbi,2.0,1.0,8.0
hdpq72wnwps5sqjrghkiqg7uj4ahinob,42.0,0.0,0.0
hgeiaieazmb4eogwdihcto6ln4ilbb7f,5.0,0.0,0.0
hgqgfvkf2yfidmwnerno4on3zzji3liv,65.0,0.0,1.0
hidgpjca4zdnc7d5pbz5oxhlx6xhzfu3,4.0,0.0,5.0
hm7maarum7bg3e3gd7rervayvzlj5www,62.0,0.0,7.0
hmunbijeh7x2sb7wkxf2haf2pqlidygu,72.0,0.0,3.0
hnpx54p37h3jft2jligps6ynqscoqu4h,70.0,0.0,5.0
hoq3si7ua42hw3gnudcfjfxim3m6nc37,32.0,0.0,5.0
hqlqxi5ahzg2dz4pfmno4zsxvipvj6ku,70.0,0.0,2.0
hqp32hshe4viopurawspdij4aqxqxf2o,32.0,0.0,3.0
hqqisg5qyhh4ihoaz6vk4pmtvy6vrm2c,1.0,1.0,2.0
hqw4z4byukk3xdmudhyimgufbtcvyvff,39.0,0.0,0.0
hsjl3jbyrdrymergypodlwgcomds5ygy,20.0,0.0,5.0
htsvp5h6pjdhduvjhbyxfuokcn56l4ic,50.0,0.0,6.0
huvzdoasd7pwel6q3dcuwoapseuauwre,47.0,0.0,3.0
hvs2nqvj3ltxbawpldwvrx5vordedmlq,21.0,0.0,7.0
hybbefnzr4eg2hwuxq6yvunpaertoobr,24.0,0.0,2.0
i2szm2kmtlw66wzzn4lejrawvp2cffme,44.0,0.0,1.0
i2ylxtwpics33un24wsyabptkk63wfl3,62.0,0.0,4.0
i35u35jog7wcdiyh4tbhssnitjyqbzaf,37.0,0.0,0.0
i3evs3hrk4kdlnwk2bobapcpjkhiuvyc,14.0,1.0,8.0
ibtmfz5iiidb2hox5go75z3sq66klzfl,13.0,1.0,2.0
ieke2intvvmlvyyuipt6ibji44ic5qmk,66.0,0.0,8.0
igfx4oydgg7rmlb6cykpzxjibp2gv76o,53.0,0.0,3.0
ii4ptvn67ik47npq655s3v2fq6do6a2o,51.0,0.0,1.0
iihs4ywu2ixwuodpkp3s6sawg5w4tvdr,41.0,0.0,5.0
ilqodzduve6y5pa4mp5xbhoydoqwknkj,51.0,0.0,0.0
ilsqeojw2mqs5qd3qokk45m3o44unrbc,30.0,0.0,7.0
iltnafog6cy7vs5m6352lj2fez7ulpj6,61.0,0.0,3.0
imvj3ugxsyfmxq4nrqqcy542y5r3elwb,63.0,0.0,0.0
ipi2ge2py5xsejgr3ma4tpngwy2wyoq3,8.0,0.0,6.0
iq3zn3na4tkbzovgvsi34m6hqlklb4jk,61.0,0.0,2.0
ir2rdgpeormntfafa6plctspycaheib4,69.0,0.0,2.0
ivescbfbu3ntmxgl27zdagycfemhfpn2,35.0,0.0,7.0
ivruzknvh5quhx6yslvwqx5avvoqgdts,37.0,0.0,4.0
iwlkp7wyl575o4sckh2cumkupvnpze3t,23.0,0.0,1.0
ixh5uv4zhp74x36fettlvgjifby3jpri,62.0,0.0,3.0
j2co2qtq77qjbqhxg3yd5glugti3bs6s,50.0,0.0,8.0
j3zfmfgkidecmdvxkhvnw3xipycslgzp,71.0,0.0,7.0
j4pu6gzjutuyplrexqwhynkweln73lxw,5.0,0.0,1.0
j4sl4riws5hnwennlm2wwiedjr55gpnu,57.0,0.0,3.0
j5nibrshkj77yslatiqotbqbdubnucfd,4.0,0.0,3.0
j643cqh5xrn5uge5zb4eesdd2axxnocm,14.0,1.0,6.0
j6km5rzwcixpbceuub5frixbfbnaao75,65.0,0.0,4.0
j6xenirrnkgbxfmd62qoee2lp5evbwwd,16.0,1.0,3.0
j7ly3tespucf5zc2cxuauzzvr2ams3gl,42.0,0.0,2.0
j7yhfwzza6l3dkvsyzzl6b3ylgcabagr,43.0,0.0,0.0
jcjy6ts6hzwltse34k7i22vilorasd45,55.0,0.0,3.0
jdla7qmasxq3asuttgkrjxerx5vmjhl5,62.0,0.0,0.0
jdnwnszuxacuecoumsjuxsgo5ft2jhz2,25.0,0.0,8.0
je6e52lvwj75dj3r2xvblqpq465ig65t,62.0,0.0,2.0
jeixgxafbtr5g6jev2nlz4u5fq7sirqw,5.0,0.0,8.0
jexgmkcxq52rtx4fp2f7tculc5x5astl,46.0,0.0,2.0
jfvxy6iq4gxq2wi7l5bcgdr3qi6bnssn,8.0,0.0,2.0
jg55k4xdzyvysbdyuha32m7k2qpna6h5,56.0,0.0,1.0
jgk5wg3hltg5biaxx6ncfzqc7imvb5t5,48.0,0.0,1.0
jh474ysm7m42t7z4shkz2vwywjhrtuwa,0.0,1.0,1.0
jhbsal4gweecl746advqvbd53eqf5dv7,45.0,0.0,7.0
jk2pribpi3co5oit57aiz2gxmdsfzf36,45.0,0.0,1.0
jmqqdfgyngsntl3hyrydap63acvj6pfw,60.0,0.0,5.0
jrcb2j2eo3axhylvdwknaf3j65bx4qvb,59.0,0.0,3.0
jsnk64slenjtrvqwqrfgywswijq4bzeu,14.0,1.0,0.0
jtdxu5tgz6ned544fcdgf62nj42fogb5,41.0,0.0,6.0
jucuxeac2p7rnaxiay5xkokqsdadxkir,9.0,1.0,5.0
jukcfvbec3oqvodidag37d2rjjymcrhf,51.0,0.0,8.0
jx4gt5nolb4qco22fekj2tsbguxkwnue,44.0,0.0,6.0
jytg4vdbtbnkyuzbyeem7xuwrrgevfei,16.0,1.0,5.0
k3wmdh55cuqjesfbjmmcbjsiv54xnryh,30.0,0.0,0.0
k4l4dz6utgke456onytkliegb2uqzokx,56.0,0.0,4.0
k4nvuoxb3ksgto3uz6sscli7ninxhium,53.0,0.0,8.0
k556qt2zcbn42t5p5zjrqdszrmrgqm4z,71.0,0.0,8.0
k6ggduzyzaaawyzimzvtsqemab2cxd26,13.0,1.0,0.0
kcvbllu63ojqvqxtgmfmj3fmretntzwq,1.0,1.0,3.0
kdaoojphyhw7nahyvxcpfwwfwiyn7o33,68.0,0.0,5.0
kdcifs3dkd2frjtfxgcxpgnqmiur625o,4.0,0.0,2.0
kdhusjo4ck7yz2ihmhktrzgloochteyl,28.0,0.0,7.0
ke6o6qqe2qtzav4jo4t4233vykd6xbdv,39.0,0.0,2.0
kfpjbaap3mkl5qj5h6vwpmw4eqorf7j6,4.0,0.0,4.0
kgxdefj5u7ysx4ti4ve7xno6tqzpoqcl,35.0,0.0,8.0
khkvs5wrtjwwio6cyaf2xpxzg3timhnw,71.0,0.0,5.0
kmgsx5cckmgfpjwnq2q2nlvtwd4bjbez,51.0,0.0,2.0
ko3zpxw3lfcxhucntlr2o742uoaoayxz,58.0,0.0,2.0
kodvu4g5h57yhaozvi7bevqgvawrgkwy,39.0,0.0,3.0
kpregt42ogvjzftannnaim7z4ukfabug,58.0,0.0,5.0
ks5gvmev3qxlcjlsmcvb4nejayba3kiw,37.0,0.0,2.0
kwaa7qazm5o7hn6j6w2gs7jdkoyyerjs,0.0,1.0,0.0
l24n6vu5ctlvc74ev4w3ezgxue6ycmgd,36.0,0.0,2.0
l2qn2m2mdwkmmhqctgxvmsc33vjvwr2o,66.0,0.0,1.0
ldyetjtpv3rkejktequjgkxraeytgra6,18.0,0.0,8.0
le3xj6ph6gk5wthqnd574znjvh63wmzm,25.0,0.0,3.0
libyxugu6jxi7czmnq63pnrcl7hfmujg,28.0,0.0,4.0
liucoc7yleddbh65yjqf4yhdzdwxfgvw,60.0,0.0,3.0
ljggcytetfriwppmz4vmo66ha7ayejxj,39.0,0.0,6.0
lko3sffltuqbnc4aoimhmfnmymrkytdu,3.0,1.0,1.0
lth2z5knvcg2ldpf6jyzhc6giufzxevw,57.0,0.0,4.0
m435t4bgsnjvwzxvc6yvcmobvxrqjml3,9.0,1.0,7.0
m4ic47lb4hbj7v365f222qkxg7xdecnc,1.0,1.0,0.0
m7cmlybro4tuzijrm5wpowute7oaznmn,22.0,0.0,0.0
mawirxqvnwhi55ltjzfbzg2qz6a2qzmv,67.0,0.0,6.0
mdtx4o6bwi346gou55cprlqqem6apurv,5.0,0.0,7.0
mgwxfvhzk4b7ltpguwpr67iooq56icub,8.0,0.0,8.0
mitpmm7uew7qr3rlgkdtbkpwzeqyef4h,37.0,0.0,3.0
mjpo35ryx2fj3eae4rz5p7cjaystoknw,20.0,0.0,3.0
mop32bugr5yh2ip5bmgmex2q3ekupnj4,64.0,0.0,1.0
mpjoz2bpdz6g2r4lsfuzggbwafavnkz7,35.0,0.0,4.0
mqxyibdpjn4dr5cbbleelb5aca2xdcom,42.0,0.0,1.0
ms2dsrn7ifawmrnywhuipcm2zig3qxys,34.0,0.0,5.0
mtddq2nt76rnupzc5h2ewufzsclmhnqf,40.0,0.0,7.0
mtio6ibpv4emtdpaergr2qtnhlaeehhj,32.0,0.0,6.0
mtqiklbr7jwpucwwl7ue5yvrvhgwh745,41.0,0.0,0.0
mvya5aazuqllw45dquitp7hmwihhkqkj,59.0,0.0,4.0
mwvjfolwlqerhpz4zmof4s26vjuub6yg,67.0,0.0,8.0
mxfdfl26d7ipz5salugdwxwufqdufnwf,54.0,0.0,3.0
n56o4yppbqh5zcb6mwl6kspyisrpoxqb,43.0,0.0,2.0
n5nwouuf4qp6kwbslgxcrzuqnje6xlqr,46.0,0.0,3.0
n66irs7jymoexzr6ldexolqcahpmvrcy,8.0,0.0,3.0
n7d656r3h6un2rbbwb25m7jio6hiqiul,2.0,1.0,6.0
necg33os2wavdap5k4v7teea3siyayo2,25.0,0.0,2.0
nitwp3z4lb3k7lb2zqi6b4ruwzadg2yp,23.0,0.0,4.0
nk3rmfarrz5d27xdvkyf7viurcgjpfbx,36.0,0.0,3.0
npjv32g5u2vs3rzjt6cwonqrm6w22xat,37.0,0.0,1.0
nx2rlt2tbsv4qrh5h3zeidius75ouiwm,18.0,0.0,3.0
o6u6zwoyon2u5hclddhtjzsni7nufdzr,60.0,0.0,1.0
oconqvrcykelfsqy2i65gd5xossigjvo,62.0,0.0,6.0
octlqvegrqrkcodvkzlgj57r7zkqcqj6,28.0,0.0,2.0
odw5xcq3lnxb6g5q3lxbszynh2ekv7gt,47.0,0.0,6.0
oewtndcwk2aqwbabkzb6jrdtivljdyjt,61.0,0.0,6.0
ofeajf5viarfdziiqaval4f6ia5m7tev,3.0,1.0,0.0
og5mws27huje6qv5g4zbn2k64loqbjih,72.0,0.0,7.0
okgycmivv222ywznvqac76gxj3j7bu4j,20.0,0.0,8.0
onqqodo7izzlduqn3qs4rcl6xxwlc3uc,15.0,1.0,0.0
oowp6uk3nclwxuft5s6n36mvba6wcvu4,24.0,0.0,0.0
or2abs6vro4hcvhtoq2oobhchjggtwl2,31.0,0.0,7.0
ovh44gpew52gneg456fwytfpku7elput,53.0,0.0,7.0
owfe4do4nqosh3um4s5sspu5ns4usdva,21.0,0.0,0.0
oxna4objg43zgfo6zrn3qxr4bi6h6tcu,14.0,1.0,3.0
ozttf2enc3pwnsugkhpfds7nup7n5fzd,19.0,1.0,5.0
p242gnphbbg6af2am4ctrru2r3huaqcb,35.0,0.0,5.0
p342uxtjjw2oxv72dvrtuqblk3gl473d,57.0,0.0,6.0
p3axun6cjwz4g2ghlrinnfpl3pbpthsc,45.0,0.0,3.0
p4xgegukp7lqygquvuhqh5j5tax5cpqe,33.0,0.0,1.0
pb2cpdm7u4xk7m3rsny36xdl7tdqjiwx,21.0,0.0,1.0
pbszpnoonpdrwzhth74vapls2o7qu7ui,68.0,0.0,8.0
phvutdxav7qok7odnqfsccrqrorjp4eu,59.0,0.0,0.0
pijzuo37zbyzgk4kqlvtvp7hlmtr2s6f,70.0,0.0,4.0
pjl55vrexwhlkabv4p7b4fubey7omihq,54.0,0.0,6.0
pjsicavytoqcpofg7kwk7rvvewhgvduf,44.0,0.0,3.0
pko6c5bacgajd4wn6qv76ficymxsbpxo,58.0,0.0,4.0
pks5tdcjm2c5emjw7md3d2wq4chgfzz5,26.0,0.0,8.0
pogcu267elvbyobzil7yxve3onhyl3jb,45.0,0.0,2.0
pogmiiojvigdpwhyvi2w7wj5oxqgfq4o,18.0,0.0,1.0
pqwyuftpltb5r4wgnmysouynhy75wbx6,68.0,0.0,7.0
prrt2m4h7idpxmxdug57xzeanw7yozer,72.0,0.0,2.0
psc7vpki2kfnsy2fbhkqh4vourdjrk2n,37.0,0.0,5.0
pt5k2k3wd3iqdupge7eoz7pfnj35qvcz,19.0,1.0,2.0
pv4normqteqm6eikyxtgykrt7fkgl4r6,66.0,0.0,2.0
pvhn4bhhawfe33dycrzjirba4fzs5jz3,68.0,0.0,6.0
pwk62cfxtcwjq2tbaxbsxclrhxrnxbjs,45.0,0.0,0.0
pz3p2xnvm2ha66qnn37dqcs4ckqfolqi,28.0,0.0,5.0
q2vf6qjmlwh4k6ydp4be56y2lebzpbcl,25.0,0.0,7.0
q3s3gzzchl6b5engoalatmg3q7uybscd,41.0,0.0,1.0
q6ho4kizilkfudued2bi4idd6dghwhux,4.0,0.0,7.0
q7h4uwdqcarlcx7vmhs7gdwzoufyxzhn,10.0,1.0,5.0
q7kvgsvewiff4qunbdmisr3n2dfvrrel,36.0,0.0,6.0
qbxg337tazbmi4ezqse52twv5oicshp7,44.0,0.0,4.0
qevmgbngm673mnuycvx3squfhqxylh4z,15.0,1.0,3.0
qgog5gnj5kkat3ztfwurqbnmq5avoi6t,7.0,0.0,8.0
qha4cdm6ujpl6fa6dkrnsmrpr6n6kbd6,10.0,1.0,8.0
qhge5ravez6ptr362htxdp3kx2ygolly,56.0,0.0,8.0
qkdsqax27pb5bztm2hfnxnjaz4b7iete,63.0,0.0,6.0
qkt67mw2y2ggdviiafpmq3unxu5fsbfv,42.0,0.0,4.0
qocmv5sw3cdy52qalbrhpqptmlopw6ni,0.0,1.0,6.0
qpbls3e5af55pn2fuwqvzoy3t4dekb2b,46.0,0.0,7.0
qpbsws3dpw3ezgvcogn6eqxlzfzmigkf,8.0,0.0,4.0
qq5mlldzyurdtziwvzfolzcfid7evk62,18.0,0.0,5.0
qrivl2dld7cilloulbii6thkurlftvuk,69.0,0.0,8.0
qucupk4wt7a2mzhuugvbarhasp7berr2,37.0,0.0,8.0
qwnbshvyivwgi7vxvrlkkocoahui65uh,55.0,0.0,1.0
qzxxtt4jzrkrgzxhgccapasjd5ez2hzj,24.0,0.0,3.0
r2u4hm65bujjz7iupj56myrbdyq6fisr,7.0,0.0,0.0
r4fzbkyhjst7rwzh4jpr4bvm2dbfgprs,59.0,0.0,1.0
r72ak3rbqqemeeu3gnxgi6tsnjaw35a6,48.0,0.0,7.0
rbfa5opj4d2yk3lyg6wgevdflotfj3be,70.0,0.0,6.0
rcyijjhcrylahcdni54vke4qe7xcbutr,2.0,1.0,7.0
re2waqtz3pc3tdrbefl7fu6uu7ugnlb2,50.0,0.0,7.0
rhz5cp2detcqizqjs4det65vyem7cnou,69.0,0.0,4.0
rm2hy5rofqsmp46vrq4vo3exgaavi7sp,5.0,0.0,6.0
rnav6ox2c3inrqaztgu7v7zc7kht33lg,60.0,0.0,0.0
ro57nxlgtkt7gomx2m6vmqkhuadljs2y,46.0,0.0,5.0
rq4c2yevwsctorthfpnlsw2q3icldol4,28.0,0.0,1.0
rvfaae4mqggsrvbdr4rdx6g4lwbkq5ni,55.0,0.0,8.0
rx3m3me3om573zooavkyug2ebe2wsrba,48.0,0.0,8.0
rxipjzqqswruy4bqinvcxuddjlawvtwu,63.0,0.0,8.0
ryxsgm5myyty7fkrihavcen43nod5n5u,2.0,1.0,0.0
s4jd2qdztwa5medbwrdisnx2w74dkw7n,41.0,0.0,2.0
s66yhzvto2ph2knzcfyhnxtec5iexz7v,1.0,1.0,7.0
s6eqpcgwlhv23nlxhumwfupwxhdsidka,58.0,0.0,7.0
sd3hgzzsr2gzx7tvqfwby3pg3mvkc7j6,31.0,0.0,8.0
sdexogehvtxsqynkuk6n4bgvi5a2rg46,43.0,0.0,7.0
sf2x6qw6xmz64nebdwzubvxwj5w4vpy2,31.0,0.0,0.0
sf7ozjuqol73c2d2w2jb3yc2wehpjezp,54.0,0.0,8.0
shlf66rfqqfmso3y5h5yylpotp6ksn42,30.0,0.0,1.0
shna3z5joukty65z3iadza2ykzcr4g64,13.0,1.0,6.0
sir3v2ec2xjkop55tplxhzqaye3uj2nm,23.0,0.0,3.0
sk2iz4e2hxwvk3bgemntrdd2xj6dt7xk,2.0,1.0,3.0
slighw646my2auid5lzwmf57sf4vbjby,64.0,0.0,7.0
smmz72ackkw6jh3e4jrjgaei6syfj3lf,51.0,0.0,3.0
sv3aobrln3ha64dupgo34esrdtsx5vbc,29.0,0.0,2.0
sy3elm32myf75stk6evyil3xij4rvj6b,52.0,0.0,4.0
sys6eaoea7tcc6yxswaiu4ic2p5wvrrk,5.0,0.0,3.0
szja6bkyjpug5oy5nlqcpcljja4busog,6.0,0.0,2.0
t7k3bvo67nzold55brpyhj4zhhdllpri,8.0,0.0,5.0
tbbfremqdgrkjyizk45w4ueymcvtfsuf,67.0,0.0,3.0
tehjkwj2x2fbz7cw4jwuccds3zbm5lrm,12.0,1.0,7.0
tfo3irgmynus5vh35wpr4ixuj36ci25d,69.0,0.0,0.0
ti3ikhmeyswq75byzfbcuyvkbsxgtt7k,43.0,0.0,5.0
tj47hhu5kl7xsoppl4dp6kvdbdwxwk5h,65.0,0.0,2.0
tjet2k6c272faiffib5vz7qdd3m5fyuu,3.0,1.0,3.0
tjpmw76qx7xzphssjb6t3ti53og5ban4,29.0,0.0,5.0
to6a3l6ia7m4muudeygvnwdsh5oi7i53,27.0,0.0,2.0
triha4z5sgee2ldwvvptxk77cjzmrveo,72.0,0.0,8.0
tu7n5qm4k52h6vdcmyofexr6ril3gaap,35.0,0.0,2.0
tukzqo5vg4yxpkr7k7tum46ubsji36e2,5.0,0.0,4.0
u3mmdxcpeyadqzasvfednpbqdkelgk7p,21.0,0.0,6.0
u4dmxgm4l4666n5k7ftj32mmoax3n65z,66.0,0.0,0.0
ubmp2pnwcotistdl3dnloh2jmvb23hzj,29.0,0.0,0.0
ug6plg3khubqxgdanflk2yqqles2ggpe,1.0,1.0,8.0
uh2ekfhhyhnd46ul2w77exgs7yne4hfx,64.0,0.0,0.0
uid6ittnmvtvhtpyzllw46dfdy7xsydj,36.0,0.0,4.0
uk5fpdx45d5utzbjn2ecis5qsqwdezdq,12.0,1.0,4.0
uly4vld76bvn2p42uvubfkwv7qlxv3j3,2.0,1.0,1.0
uqbc4qrdfvr62lfuje2ijcqd36vjnmjk,7.0,0.0,6.0
urdy5sjno3m4wxf36r6l55ytbukk7wun,38.0,0.0,0.0
uuhiepdmcmmi5knsylznpcjfoj3kswjn,43.0,0.0,6.0
uw267ltabx5vbfjqkz26odrumv7osilw,72.0,0.0,6.0
uzvmg7pz2h2hdiepuwhvmba4iqqzrwuc,32.0,0.0,2.0
v2whwnnusu34rcv6wiuv5iij7l6rwueq,34.0,0.0,0.0
v4j432yop5ythbm756qqsmezynyw6pkx,41.0,0.0,7.0
v4x3xnupljlaggre2j6wafe4afvss2mt,56.0,0.0,6.0
varftkrfusvneoppigbghxmmbgjpvoza,53.0,0.0,4.0
vghzxbhhfoueo5qagaon2kk2iuh6blkv,31.0,0.0,6.0
vifvf7fklq2sjshrixnoemap3t2tqeqo,7.0,0.0,2.0
vivrdlpdqqf5jtx4xadlzzpxfxnigxtd,43.0,0.0,8.0
vul2a3tnxfohrxp22yhjkbkvh753q3ip,18.0,0.0,2.0
vw2y6ml33dzuvepcs34ntuzyblqixvz3,56.0,0.0,0.0
vwxqg2nfnati5rjc2skpszo4hagbfwul,24.0,0.0,7.0
vydf6oy7fqlxd7skeh4zsgc74xdiu4bu,65.0,0.0,5.0
w3k7pvmwr5arw2xo67fmixj5hqp4sv2n,17.0,1.0,8.0
wfjk2dnxzusg7befd42ztlcqmtr4eypd,51.0,0.0,5.0
wgj355oysxq4j2tg7je2zdo4g336wfq7,55.0,0.0,2.0
wi2gwlssyhhnmdesq6mw2e7cryixsp7k,2.0,1.0,4.0
wozizdvspusf7cvgaovoz2dhsbcdnc55,0.0,1.0,4.0
wrk3nvopbx5kugtvawuvihdxemr2rljc,31.0,0.0,3.0
wrrhtjuwpf4mrxiqekyugfs22bb2jiws,6.0,0.0,1.0
wstskboxdhpej2lxlilpqe4m7ock4xil,69.0,0.0,1.0
wxjlfckwsxbdxfcqqnyyhcq6qzntelto,33.0,0.0,6.0
x6t6wl3jorvppx2kddp3x26e6rryp6c6,45.0,0.0,8.0
xbqw4oxdyeyopjf3g6w3hs3erefuqjsh,67.0,0.0,0.0
xh5euutwi23vki6ib2glvajdlwpdqgpo,50.0,0.0,0.0
xiw2rqorwxrggtkg5toastwoulrkxswd,1.0,1.0,1.0
xjfslipc3mb5fd32lw4vz4kdek3bb65v,54.0,0.0,5.0
xngd4xkw5fpsrk6wcmxsxw3wpdsvmqxh,16.0,1.0,0.0
xyt4mvdaqwt5hwz6gdyvtzfuxzevuzff,34.0,0.0,4.0
xzo7pax5eqk5px6phxhkf5frd2crp4ub,30.0,0.0,8.0
y2dbasyguwmouxheoo5z6hjd2va73yzp,59.0,0.0,2.0
y2jdtvxxybcdbzss7meyf6y674zoor7w,47.0,0.0,2.0
y4m3tmwg6ncyugffvhagou64hprglulo,61.0,0.0,4.0
y5s334gnwejqb7zn3i3hvwgxnp7aaf2l,24.0,0.0,8.0
y7yywpnnxrtvflo4idbaz77biarmqv6k,41.0,0.0,8.0
yb2mbfkcxxuncfwp3oqfgylmfwvet5sc,45.0,0.0,5.0
yh3wfycbl6h7m4mxoltm4yvnpufo7i6y,38.0,0.0,1.0
yhlix3wbtjpkvulqcadmldhojkslldpe,55.0,0.0,6.0
ymftmwpeqb5ny76fbwadroahvv4watq7,72.0,0.0,0.0
yovkdleogkfqm7e5s5w33robicdbhmua,15.0,1.0,7.0
yrnerycvjqnrpynrylhh5hfnm5zkbap2,8.0,0.0,0.0
ys64h3yztfl2wilddddqt4cz3mvjrit4,15.0,1.0,5.0
ys7lmpp4el4ihpmuob6uyhqaqlgjnsbr,31.0,0.0,5.0
ysi6au27yodoahphk2aewblo2rxg6wnz,2.0,1.0,2.0
yxqolfvgwmv6i2btbeab6uqdlurjkziv,20.0,0.0,7.0
z3hbvdieg7u73z3mf4hbd6mn3r6ne3th,44.0,0.0,8.0
z3y6b7cqy45vermmknd2nwdzt7jscza7,35.0,0.0,1.0
z6zedtwjhuskrvd3q7cmx75xtlhycf7f,33.0,0.0,4.0
zadxftfzmptorr2f6jyecpkmbqepbyve,17.0,1.0,5.0
zbetdfufct564icp64vfjiiffazxdlbq,64.0,0.0,4.0
zd54pu5ofmind4mopxibg45fylq3xcl6,48.0,0.0,3.0
zfidpk45fgbxdy77acgqk75t6de2smv4,71.0,0.0,2.0
zuc6xgp772suzyuxeiqxqmj3zelfiqyk,34.0,0.0,7.0
237u5j7c6vc3j6qjbr45yjhv5wjojcej,59.0,0.0,5.0
27hxaykmwjwf75oquf6mcpgvmfdngmmb,8.0,0.0,7.0
27mbjis3laofldzyylnzdelh7yveixfd,21.0,0.0,5.0
2aemusp4j4knj72cmnehvdp5fgtn5y2s,60.0,0.0,7.0
2fcxlz5pxjcebhqctyzg3wi2gwhscjs4,42.0,0.0,7.0
3nqgxbla2k2i3tlmeqr2bpt3bvfmz7ss,69.0,0.0,7.0
3rlkhpmybniwwu36t5yvfj6e2wisdxtg,11.0,1.0,3.0
3yisjhgdohubynwymvgcskzvv3xez5rg,27.0,0.0,3.0
4nmjsxu3hzrej4q3lnkxrm37ce6vxg25,35.0,0.0,3.0
4ots53k2er64zzo2epu26tpvj2mg6bu7,29.0,0.0,1.0
4tbaronjo5ryfg2zauwjcrlffxihkn6p,45.0,0.0,4.0
52l3sh7smfjg6n4mnoy7s3g6k4mvvpy7,64.0,0.0,8.0
57t7pbjelemxrtmj5cfxpoxool6idiwp,28.0,0.0,8.0
5cdzjx4tb3pnhddnqgu5mnco4d4jk7dv,7.0,0.0,5.0
5hp5fqbxbie54pl3aus7cjdcmhctqoad,67.0,0.0,4.0
5t3e3fts6o7ijlgkuely674tgs7yumcg,10.0,1.0,0.0
63a3erx4nsdnhoj3xpzxybveirscgt6b,11.0,1.0,1.0
6fojfudags5btrgveixzwbmflrmlauhc,19.0,1.0,7.0
7gmmmg4ehrhiax5ucqoghshwwm63szys,11.0,1.0,2.0
7josjiluvbo3yt7xvp46ywxfdmtbtiy4,50.0,0.0,3.0
7sh6yc6prosfuprnfncde5j4f2vkrfkn,57.0,0.0,1.0
adjhvssuweprjwo6u6kxglypejtw62mo,31.0,0.0,1.0
bx5szpbsuhzwdzr2fjqpuyzvs2lgtg3a,44.0,0.0,2.0
dlcqddv7snpycszviicaez6q7mn6zj5r,10.0,1.0,1.0
eyxtyc7pay5elsnk5durlhfixtvgxxh5,11.0,1.0,4.0
g72b7u5duoqqfj26cof5xjzgsgqjoqfp,21.0,0.0,2.0
gwtrdkdsowadfm7wctjm6erfa3wzw7id,68.0,0.0,4.0
ioryryh7bkpr4nc4iz2a7ebtufnyczw3,9.0,1.0,8.0
itvl3j5z7beckyvtfag3uya6kvdlykdm,50.0,0.0,2.0
j25fm7bm7xeqrj56mthprtomtwhemg7j,12.0,1.0,1.0
j4dnalizvkeecg6l4l6yrw76crfg3d2a,1.0,1.0,5.0
j6vfcis7baegvzym7ckghe5ogtrvuzqt,39.0,0.0,5.0
jcfzxuybduxqr4tb75gwxi34o6446azg,34.0,0.0,3.0
jhxdjccw5p3u3bp2oyhz7hcsnz5lpevv,61.0,0.0,1.0
jrsf2ugv5golxwhecssc2ryvjtcne4jx,39.0,0.0,4.0
jsejmiurr6mjzfqjp4fu5j7ebeqxl5zz,51.0,0.0,7.0
jv72bbvcxsuezi3zazykqu3p4bj6r3cl,20.0,0.0,1.0
kqrae2ngqjm5y4d427th2cqnsipktofb,66.0,0.0,5.0
l7gtpg7num2a4t5z4rfvjbodhnazuqh4,1.0,1.0,6.0
lmeynjmerc7rs5xroxireqcwng6g6fgf,27.0,0.0,8.0
lp5bbyy3auhsnipfrlzii5ytgevh26q3,5.0,0.0,2.0
lxgjnf72ayw44q6oeksrzvupwvi6drf4,26.0,0.0,0.0
mak5suhrmhzlfk3p7xuy3hyl35kl6vav,9.0,1.0,0.0
mfwjloh2rcykzhfjeya4zjaue57gup3q,61.0,0.0,5.0
mgiyjcfz6jt2cv3y5drqsyngdsjktjik,56.0,0.0,2.0
mk2ssqvrvyrzddcqdi2i3t2oss2zot6z,72.0,0.0,4.0
mtskbgz7ukkigcuz2zxklovq2zamsshj,56.0,0.0,7.0
mwpwoq3qictmlcjezvu4p5y4ebdmrdve,44.0,0.0,7.0
n3iyvcezpanuujqd2e5p7mirhcbb4ce5,64.0,0.0,6.0
n6b5ox26jbjr3ohbokaonfxjxwzrh7le,1.0,1.0,4.0
nd3qmxiks7nlpzes2j6wmxkx2igraubc,28.0,0.0,0.0
npmps5hbvlm42kjfbi4i3eciltwfy4nw,11.0,1.0,6.0
nr5ytsyu3u52ambvafnlo4dryamyzajh,36.0,0.0,5.0
nsi2p65kbisgkpk3rouqcbtizeeh34ue,15.0,1.0,2.0
ntxbcqihat3dhduv65v6o3vugnzcotzn,23.0,0.0,6.0
nvo7jvl6yjd6x3xnijdu2xbc6mcsgrdq,60.0,0.0,6.0
nvstex66leedxi2ggavedyicslosipee,8.0,0.0,1.0
nwevrhvndkpcc34hg4qfkdcckvyhcu4k,33.0,0.0,2.0
nx2lvecmoupepafc7klaentm7v23f2en,35.0,0.0,0.0
omrjk3azs3ujh444usp67yfgqwcd46dk,11.0,1.0,5.0
pbmthrbvrgby5pqmefpxmlgmjkbf5tqp,13.0,1.0,4.0
pbqoyzhpbtvrmomrd243yerello7symx,16.0,1.0,1.0
q26l4ayizewaesy7asc4sstomwhqqp52,21.0,0.0,8.0
q2xldzlt3khj2z6nhnircw2kserqredz,3.0,1.0,8.0
qcbztijn2xjzsw2sm6kar6toedl3fuky,31.0,0.0,4.0
qdfdj6uaunj2litldu325shugy3nuep5,11.0,1.0,8.0
qhsl6vuengr6rvcvtpyb2cddh6dpg27o,25.0,0.0,6.0
qxpt2eur5fphno6ix4ure3ggms6zqe7c,47.0,0.0,4.0
rd23owl4alvds4qvuqs76mtzaq6vounf,32.0,0.0,1.0
sfxncixuttctkjzxqmllkgckl4fkzd4z,10.0,1.0,3.0
sj3orb25i6belfkniwhx3qcsxwtrnf6x,20.0,0.0,0.0
sjczxw6ypbt2u3y7rp4jz3apygbsbz7z,26.0,0.0,1.0
sncebmf3x5dxrnuzwksi7mapfo6md63z,19.0,1.0,3.0
sp33fypblbpnrplymk7wstctpxpn4n6g,22.0,0.0,7.0
ta7mhcp2b6gkpgi53pgfsdwfnhmadiwc,41.0,0.0,4.0
tflll2e6r2g55xoegpaqwdwkpqnn4unh,25.0,0.0,1.0
tmxz53vlp6hr3mzt6fesnihm6uefefz5,60.0,0.0,2.0
tyl5zxyuzgwe37z72wlkjzjzs72wawvv,28.0,0.0,6.0
uc32waews2pxqknh3fzwvjfz46okhvyp,51.0,0.0,6.0
uf3ds6hwkjsx3heud25myf3jp5iz22in,23.0,0.0,7.0
uniqyyrjtrtocvja3fy2yuabni5lmjix,40.0,0.0,6.0
uou643434c7loge4godtgzzeqtuuxihz,70.0,0.0,1.0
uxcsofpqe34nnxbcaarquewqpfdlvk4h,13.0,1.0,8.0
v3a24bx2jv3555xconryas2dhwgfkxmo,53.0,0.0,2.0
v6gzio3jdedsp3uoayertnoh27anois7,10.0,1.0,7.0
vii2ksk3wbspwemimwpnyq7nq5mtn7av,34.0,0.0,2.0
vmtiibu4ut4w2p6ofyfr756jpodtllp5,46.0,0.0,4.0
vorr3myvh4i4zifdz3lxz3pghqcufns4,5.0,0.0,5.0
vrahotk73ydfqtgwypxmfvxkqgmi3yv5,69.0,0.0,5.0
x3bvvvydeiokexcknm62tzcerzy2lcfu,29.0,0.0,6.0
x5uyvnyxiuwb4vipivwngu7oawjg54dk,34.0,0.0,8.0
x6h4dqve5eagwsetaobssxkcmjm3g5b2,6.0,0.0,4.0
xeldj5dgssw4jccnlxw3twkzgsgflprf,4.0,0.0,8.0
xewgvzyzofhpycvztqfgxdkps3itbj2i,33.0,0.0,3.0
xg4ckvay4463wakglxkze3z77uzhpbpy,26.0,0.0,7.0
xkezxy5desfivrohiytfeff6fyrxajrl,26.0,0.0,3.0
xso2uxemqrbn6twub42ltclo52zqgf3q,26.0,0.0,4.0
y3j33edgzr52eyxkhexsoc67zpmv43bw,39.0,0.0,1.0
y5esw6biop36lnxqgi7hwocfpvlkk2gm,60.0,0.0,8.0
yebpfpoondvxvchr2chw735q2mqdclqh,11.0,1.0,7.0
yhdidccz4xv2xdkzjqhqdscuqxygelme,18.0,0.0,6.0
yx2momyvvjgmlxq3c7kjvdmsqord25by,67.0,0.0,2.0
yxpgmg2t3r6kxacz2eu5r7eh7zpi7bvv,38.0,0.0,3.0
yzh54zii2sqmotqzeeqd33g7ngy2qoop,57.0,0.0,8.0
yzpc7qzin53vid6ibeb5ye44v4kmypic,37.0,0.0,7.0
z26etonyo5l52f6ghww2dsnwyva5wsy2,20.0,0.0,2.0
zei25z6v56izvea6lndoziczkhcj3rpi,33.0,0.0,0.0
zfrd7otphn6q7z6fhrqa72mesj2gxns3,27.0,0.0,0.0
zi5f4ptzxjpx7wgb7lxrftysbsju4qio,49.0,0.0,5.0
ziqhguykvnvszcynaiz77bkse4l7367n,66.0,0.0,3.0
ziqy7hjbwgxos36cjktfqrvmnaqmhod5,22.0,0.0,6.0
zk5bkwxbs46jtxpwcin57ocbq64cxwwl,54.0,0.0,2.0
zmzpthjjrpupcrp5bvntujbzq3jpirgb,12.0,1.0,6.0
zrfec2fl7a2hp2gj45bzyzsomjovnj4u,17.0,1.0,4.0
zsuwtfp2iyiahca3tvzqqaqr4tuqjsz6,25.0,0.0,5.0
ztn7tzgxintop7psmzmje2zdoszxq4ug,4.0,0.0,1.0
ztpruyvtd4z2eq27fttqx3577qhevu7u,51.0,0.0,4.0
zzzkicm5xaun6uuhikqkdfeeiror6xro,69.0,0.0,6.0
