,libfabric-version,papyrus-version,cmake-version,mpich-version
2272dv5awz37hjck2jib5lvm6jpgqlt2,1.14.0,1.0.1,3.9.6,3.3.1
232brivv6ubexfhpok7ilh2dqdmrsbjt,1.14.0,1.0.1,3.10.3,3.4.1
262dyfwazkyapwgpiucd27mluqikcpun,absent,master,3.16.3,absent
27qbglld7ukme42zi4yxyzgfaivbzkss,1.14.0,1.0.1,3.11.2,3.3.1
2e5k4bq7ykmbow7okmagcahrmbzqntcb,1.14.0,1.0.2,3.19.0,3.4.1
2jh7n6sfap5gloj5upbuitoq77qts7wv,absent,master,3.21.0,3.1.2
2l2szinahb7fygu5cawuztngdfzc62zs,absent,1.0.0,3.13.0,3.1.2
2lqw3ivd2vcbsf5vwagukskufancmyfy,absent,1.0.2,3.16.4,3.0.4
2pzgyyrbasdxzclx4jwlnoli6l3xi3pn,absent,1.0.2,3.12.3,3.1.1
2qmijrp4qcvm3m4ix2ncd6hhrb7lhzxe,absent,1.0.1,3.13.4,3.1
2qpbclyrmrwvnqdpxla3lpjnevnnsvdp,1.6.2,1.0.2,3.14.4,3.2.1
2t34t7ayq4w4ykahuzxlzaxtldaxr3wc,absent,1.0.2,3.20.2,absent
2uigfq7bfqqm756jy3lppgfqjqjjusg5,absent,master,3.16.3,3.0.4
2x4kdoyweus6cb6oepsgjfuwhbmgpygt,1.14.0,1.0.1,3.16.9,3.3.2
2xxg6a6ldkasmlxtqqzqj6xvuh2fgyy2,1.14.0,master,3.15.2,3.3.1
326uma2lxa4gsl5dikmzildyzu4pdf6h,1.6.2,master,3.15.5,3.2.1
32sbdz3wwyk6be22r6p55ehdczwgxp7y,1.6.2,1.0.1,3.13.2,3.2.1
352ot2gm6fayau2w53ijimddtjputlu5,1.14.0,1.0.2,3.10.3,develop
3535iz3777yqko5pqf6sulo6hcykvfiz,1.6.2,1.0.2,3.17.0,3.2.1
36mav73qwnjtd2ketqlopssodpkr5uwb,absent,1.0.2,3.14.5,3.1
37cagcradwsq7r2ku7mzccrbgebowxbi,1.14.0,master,3.16.5,3.4.2
37gs3vknzf36wjcebpt3sl7uqlkuu7ru,absent,master,3.11.4,3.0.4
37umim7juhoacbpvil37a5ph7l455ztn,1.14.0,master,3.8.1,3.3.2
3aoxhcigxxk7ih7b4yavig3gacmnxsxj,1.14.0,1.0.1,3.19.3,3.4.2
3deumz6g7tls3widr6eulrmazawglo2d,absent,1.0.2,3.20.4,3.1
3dnzt5ukbbpnr4trdf7aaxh7q2m3qijx,absent,1.0.2,master,3.1
3fwr4u5yhl54g3s6aveozopvzzxtjrq5,1.14.0,master,3.20.2,3.3.2
3kt6ez62qwr7leknkyfqedgv6qx4rj4q,absent,1.0.2,3.13.4,3.1.2
3l7i7r54j6fbzwlpo42zc33j5eeqz4uw,1.14.0,master,3.17.0,3.3.2
3m2krgsl35rep7csal6oehpoezqulkqe,absent,1.0.2,3.16.6,3.1
3mupebcdryh6vthu4veoiapuiptzcqwi,absent,1.0.2,3.20.3,3.1.1
3niy2p5npbvywmx4igj3zde2lg5chty5,absent,1.0.2,3.19.8,3.0.4
3s2m4u37vyqb6x22f3s5oevmkpqzwsbh,1.6.2,1.0.2,3.16.9,3.2.1
3ta6hfjnh6x4klbt6y2tc3e3qph2witj,1.14.0,1.0.2,3.12.1,3.4.2
3vo3mydukbwujnaivivtrchqymw3btq6,absent,master,3.22.1,3.1.2
3vwykv6rfmzfxu7azsddbny47rammz44,absent,1.0.1,3.18.1,3.1.3
3xbc6jh2ahnjocrpedtqylssoxzgyp5t,absent,master,3.16.6,3.1.2
43uu6n32r4m35tjkbkmezhd56quxknrs,1.14.0,master,3.15.0,3.4
44l7vkxapogknwpqc5zvg3jmj5mygxcv,1.14.0,1.0.1,3.18.2,develop
4fibp4zcvxemibolp5juuu7q4gceq6sq,1.14.0,master,master,develop
4hi7ssampxcj5i6wxybopm56pttgkimv,absent,1.0.2,3.10.0,absent
4jdjhcyvjaiaktbo6mljolossiyhjvj5,1.14.0,master,3.14.5,3.3
4khgkffpgvnfwzgqm572mhjwtwnkoqsa,1.14.0,1.0.2,3.14.1,3.3
4kucecrumi5sa5clalaonbvf43klfeub,1.14.0,1.0.2,3.18.3,3.4.1
4nzf2tsrs32h3mofzv32qazaa7l4ygfl,1.14.0,master,3.15.1,develop
4qqopcgnz754i6et6ydjwfz63pp5t3mo,absent,1.0.2,3.9.2,3.1.3
4rxbjycxkfihtlhc6sien4i6wjxgboht,absent,1.0.2,3.14.2,absent
4sm3xubcz6gauerrrfsep3isywykmfez,1.14.0,1.0.1,3.11.0,develop
4ujawh6cafwewvvk2ipi6j7z3epmcxse,absent,1.0.2,3.15.5,3.0.4
4ur6hd3wzirhrnic227bx26g6qpkexq6,1.14.0,1.0.1,3.15.7,3.3.1
4w33hmnzafnzttuuws7iwu57jg7yuasr,1.14.0,1.0.1,3.16.5,3.3.1
4w7cbkczq4qgwtbks5talpnm5dh3oiar,absent,1.0.0,3.8.0,3.1.2
4xzdwhgsgkbkohwgazlj3hjb6uvdgdp3,absent,1.0.1,3.10.0,absent
53f2mcjmrzvedjz7j4p7xq746fgrqbxi,absent,1.0.0,3.19.3,3.0.4
53msaxmjvp4rdiifjsvijhh5sewdmjpg,1.14.0,master,3.11.2,3.4
5ackuo66nbvgfgpfhlczkgm64clt2dsl,1.6.2,1.0.2,3.8.0,3.2.1
5ak3crsrsovvjgnqyxpvwnqpd6wjq44v,absent,1.0.2,3.16.1,3.0.4
5cnbu6cb6n72g33o2vm7jacnm3jhdgml,1.14.0,1.0.2,3.19.8,3.4.2
5gnltnaxcgbo2ytkqmyakixgfcdmww6b,absent,1.0.2,3.16.2,absent
5htkxqodsn3avcgwnjps62nd5q5pvgru,absent,1.0.2,3.11.3,absent
5jrfq3wmo2rmeyxyp3apaajukeojdfat,1.14.0,1.0.2,3.20.0,3.3.1
5juw6ksdvgt4lqzw7423b4vmyhxpwzdl,1.14.0,1.0.2,3.16.3,3.3.1
5jx75uz4g6tjamrwc5imli54zqumusiy,1.14.0,1.0.2,3.14.3,3.3.1
5kh5bjcxyv4shhiuqv7h6ijsjl4pkipf,1.14.0,1.0.1,3.17.5,develop
5nwdvxuwkaubwvq7prvh62rmouhsn6nf,absent,1.0.0,3.13.2,3.1
5qyolbo2cessxpgkbxyy76bvefgc2322,absent,master,3.19.4,3.1.2
5s7w3tym4leorz6uyk7yhyzzr6ewq7al,1.14.0,master,3.13.1,3.4.1
5sis37h7ax2um3ethaynkp2vkixu6ely,1.14.0,1.0.2,3.9.0,3.3.2
5ttlycuqxd7y73gwtpzpzjso5p7f25vg,1.14.0,1.0.1,3.12.1,3.4
5ty25aw7nnrdfbnsp6nr4abhbhykxx3p,absent,1.0.1,3.15.0,3.1.2
5tyhngwfhrcsc7p6ccbf2pb3fnd4y77l,absent,1.0.1,3.19.0,absent
5ukueu44rg3ntbwvqqmelfnjwmyp52ys,absent,1.0.0,3.19.6,3.1.2
5wdprlc3psahtda2iz7vreoc32ni45kz,1.6.2,1.0.1,3.11.0,3.2.1
5wftiebptutpqfdgrxzlh44m3rbjljmj,absent,1.0.0,3.19.4,3.1
5x356hcbrqlewp5jb2dwfmtc6tjhgu4l,1.6.2,1.0.2,3.16.1,3.2.1
5xmq7gwoyrvbbkihpnkhpns5vlzh7ras,absent,1.0.0,3.18.3,3.1.2
5xoagny4lfj443xgjfuw46hiqweoc3mb,1.6.2,1.0.1,3.13.3,3.2.1
5ygh6siglakfzygonyqbzgd7ogg522r3,1.14.0,1.0.2,3.13.1,3.3.1
63sjwhofy7msuxdcujr5klvru67rfumv,1.14.0,master,3.18.1,3.4.2
6463cnvklrxxwcj5f3f25krsc5cjnblf,absent,1.0.2,3.13.5,3.1.1
65nhx2c23bcnpxge2jnnf4esi5rndenh,1.14.0,1.0.1,3.18.1,develop
6ak5ahpnnlmjktsa42h3j4wgfuvrf3ue,1.14.0,1.0.2,3.18.6,3.4
6awpk6e6isvxdf4hidvsp26pkl6titc4,absent,1.0.0,3.9.4,3.1
6cwspk5stqo7gqupm6ipi7mdwrfjc4p5,1.6.2,1.0.1,3.10.1,3.2.1
6d4rw4bmidcteozgswvomn2iacjez3gj,absent,1.0.2,3.18.2,3.0.4
6dxllplrhvejccvmzeqwxiy4oyt4pdtj,absent,1.0.0,3.21.3,3.1.1
6eucydyazh7v6qls4is2bab77ysah7re,1.14.0,master,3.22.1,3.4.1
6filwa6gapv2xlpug57alekw2clbtmeg,1.14.0,1.0.2,3.15.0,3.4.1
6i637qpnnuxl2wk5ixomfyfxtdguuzvo,absent,1.0.0,3.19.5,3.1
6jr5hbyntaqubrg5zmuq2nkrgf6rfhup,1.14.0,1.0.1,3.20.0,3.3.1
6kxdczbnuip6gl762o2o5sc2vo2l36xf,1.14.0,master,3.11.3,3.3.1
6nfmgemdv2dc3ey3mxjnvl2aprstwjdv,absent,1.0.0,3.9.6,3.1.1
6pfnsx22bxyhzojwtg5od7vomnqlymvc,1.6.2,1.0.2,3.15.1,3.2
6qd7uqxklj45kc24thfpsgmw5wami2qg,1.14.0,1.0.1,3.21.0,3.4.2
6qkxfimb46bzw6tizw7pcql2trsv75xr,1.14.0,1.0.1,3.8.2,3.4.1
6thgithpnn77uyadnlax5pmuqjt4j4cc,1.14.0,1.0.2,3.15.2,3.3.2
6xobpym5octv6dka5prefvlb2jnwktd2,1.14.0,master,3.19.7,3.4
73sfqahe3uvebcdtobjmqmnlccdee7p7,1.14.0,master,3.15.5,3.4
746u5kc42q7m765frlhblnqtcskcw2t6,1.14.0,1.0.1,3.19.0,3.4.2
7biqrxsxpvffncpkra2p7lcopwkkp4lg,1.6.2,1.0.2,3.18.4,3.2.1
7djshotvtn6ivcfzv4ed3u2rq3fzb6fm,1.14.0,master,3.14.2,3.3.2
7dx5pouoazjxjqgjhwvg7qzwr5ldah6h,1.14.0,1.0.2,3.8.2,3.3.1
7ejbknlpo47ynbwmxaj4gcyidwd7xokg,absent,1.0.1,3.11.3,3.0.4
7h752xzyfty6taxej3yt55wkli2i2x63,absent,1.0.0,3.13.0,3.1
7imwz4wpkvmibzuqv4vsaac5nyfbyruw,absent,1.0.0,3.14.2,3.1.1
7iszcliinc4lcztir25cgns6h42j6noz,1.14.0,1.0.2,3.19.1,develop
7j4um2fjrbrtxfrdmipa4tc7jqmsja32,absent,1.0.0,3.11.2,3.1.1
7jct3oguaalukes5bzwhiremxxp4bazs,absent,1.0.2,3.12.3,3.1
7jzvez3g64yzwmd4vsgd7m3cdyu4oc5y,absent,1.0.2,3.15.4,3.1.2
7mz2k6sxpr6dzcv5lm6kxykiwoocphnj,1.14.0,1.0.2,3.11.3,3.3.2
7oo7u3em2isegjliqvngbsqavkfj374l,1.14.0,master,3.21.2,3.3
7p7ta6gbhqp5vjdzbszai23tbhtwq3j7,1.6.2,1.0.1,3.19.1,3.2.1
7q6mm2uepnhmevrofomymaxssgxkk6ef,absent,1.0.0,3.8.2,absent
7sasyn2ne5s6k63ludhpzoufgteo3yzv,absent,1.0.2,3.9.4,3.1
7ukuyeby2xsibqa7dralqoadsy7j5ib3,1.14.0,master,3.15.7,3.3.1
7uuvifgf5roetiuidv56qrju6gfrfiys,absent,1.0.1,3.19.1,3.1.1
7vudfi2ijhz2zrffcwmrb4cuybnusco4,1.6.2,1.0.1,3.15.6,3.2
7yehgg7rl4fc5nuusqrl72vlxxpfinbz,1.14.0,master,3.16.2,3.4.1
7yguqeum3r2i4mliqbzhkldmjnnlatht,absent,1.0.2,3.18.5,absent
7z2ogzlvkxmmuq7sl5qh4s7tutbabbev,1.6.2,1.0.2,3.15.2,3.2.1
7zggbuywhm6imvxs7ygik2ozlon3nvyf,1.6.2,1.0.1,3.21.0,3.2.1
7zszytfufzjkwvnpdxff7ufcca6nzang,1.14.0,1.0.1,3.11.2,3.4
a37l2qocsmq363pduyuekzi5r2dfin5k,1.14.0,1.0.2,3.18.4,3.3
a3tzbfbxxxuezpojcefg4h44abeqaxub,1.14.0,1.0.2,3.19.3,3.4
a4y4kduqbr27a5zcbz53wdb2we6fxtmq,absent,1.0.0,3.12.1,3.1.1
a7lztaerxsqmregh4lym3ax5x7k4rhsv,1.14.0,master,3.10.0,3.3
abwbj36mmw6faee6fvfy66ia4h4g2jlo,absent,1.0.0,3.11.0,3.1.1
ahstdwqsohfffauzm62nmlz23kcgjhny,1.6.2,master,3.20.5,3.2
aiqkpnbudotynixonaz3u64ohg46g4nt,absent,master,3.15.1,3.1.3
ajztizhrdyspwm4yrp74smp4xp67tuot,1.6.2,1.0.2,3.12.2,3.2
akpuc4minda423cbwnki4hprimxawye7,1.6.2,1.0.2,3.17.1,3.2
akske5sfejngwb2jujyg5ac23velcqqc,1.14.0,1.0.2,3.8.1,3.4.2
al7346ltwqvirktzb7s4i7rfceam7ifi,absent,1.0.1,3.13.4,absent
ameeexqlpy226zcfme37ahh7bxatdk5w,absent,master,3.20.0,3.1.2
aneawwpuzpnfwplaho5hanasydenkeuu,1.14.0,1.0.2,3.19.6,develop
apxie36ocravbp5p7eifhqt2sjk35llz,absent,master,3.16.1,3.1
aq46q4x4zmllpsmseyxi3lrcqlg62vyi,absent,1.0.2,3.17.3,3.0.4
aq7a2dkxwlozv25obwyt4f7zasfi7wkr,1.14.0,1.0.1,3.8.1,3.4.2
aq7xg2xyoki3ekcdmeet4xesdwjnihiz,1.14.0,1.0.2,3.13.1,3.4.1
aqbjdjeq3yqfydw37yzklaf22hzxca5z,1.14.0,master,3.12.2,3.4.2
argcjnulxqwobrrsgq4dz6oztmhad5gm,absent,1.0.2,3.15.0,3.1
asxodzeazho3q2i77eor7yzuor4u2r32,1.6.2,1.0.1,3.10.3,3.2
avk6rpxbn7rrwm4ew5nu6bcnjxeg4pmf,1.6.2,1.0.2,3.12.4,3.2
ax6lznnffywra57ccv3thtuhcordjlm3,1.14.0,master,3.15.3,3.3
az2n2do4lwl3ypdvixut57cb4mhhvxtk,1.14.0,1.0.2,3.18.6,3.4.1
azaigppsu32c37u5pyktuclxovlqbnbe,1.14.0,master,3.19.2,3.4.2
azp5bw274dliqnvwchccf5aq5iple5sw,1.14.0,master,3.12.0,3.4
b5avevwnugvblvcmb6pwzb5ljfetuq4p,absent,1.0.0,3.14.6,absent
b5traspirmxss3w3aqvogwx5ueg27a7w,absent,1.0.2,3.17.0,3.0.4
b643twie4wr6inh2eskgle7keovhrsyc,absent,1.0.2,3.10.2,3.1
b6fhtqsmgiaekalmavjdwtgindb4yiaw,1.6.2,master,3.16.1,3.2.1
b6t4yszlvplpoyh2y4twxyu5qfrhuidu,absent,1.0.2,3.11.4,3.1
b7e5zptelusrvhylvjseazndhknxxtpt,1.14.0,1.0.2,3.11.4,develop
bauqrqsg2lqzjuasdr3fm4yb65vepfsm,1.6.2,1.0.1,3.9.2,3.2.1
bawfxfjspfbmc2sq5yhfvinkmxiubjbo,absent,1.0.1,3.18.5,3.1
be7atsrjhh7qflxcfry2r7dp7qp5xpci,absent,1.0.1,3.11.2,3.0.4
besbko6uwicd5wyiy2ue4x2quakqtjzl,1.14.0,1.0.2,3.9.4,develop
bgdcqocuskziu3tfrrm5e3sa55jegiyc,absent,master,3.18.4,3.1.1
bgn3nms7h5cw6of6nzghow47owvmv5gb,1.14.0,1.0.2,3.14.2,3.3.1
bije3f7ens6mqtnjih2dh2sbngk5vfov,absent,1.0.2,3.11.3,3.1.3
bkrnldqa53iih7a65f5asa3ibi53flrv,absent,1.0.0,3.12.1,3.0.4
bmsmv72ojluoqgpxseqi5ejeodbim7gt,1.14.0,1.0.2,3.15.5,3.3.1
bmxj6u2o2u2dzd5iejetfimdaip5zy5a,absent,1.0.2,3.16.4,3.1.2
boqzwdtwgg7rivpigtllm74jqvlv4qww,absent,1.0.1,3.9.4,absent
bp6q3lnz3spps5f5hqbxxolbgez5cqls,absent,1.0.0,3.16.3,3.1
bpclnrvqo3u2tsgowhjphcmionaymfpl,absent,1.0.1,3.20.1,3.1
bpenensq7hje5jr77qn7khl3hl34qeck,1.14.0,1.0.2,3.20.5,develop
bqc4lzxszquogdjfdoer6bvalxu4p3lk,1.14.0,1.0.2,3.9.4,3.3
bqid6lftwqapcpaeyp6saptpn7ytl6tt,absent,1.0.2,3.16.0,3.1.2
bqnli5ungbg6icxni3leim7rg5cjfy3f,1.14.0,master,3.19.2,3.3.1
buhi6w7l6ju6e67rdgvkomnu2orziuo6,1.14.0,1.0.2,3.15.4,3.4
bwcwccjlpjcvffupr2y76jicvvzuszkj,absent,master,3.20.1,3.0.4
bycuon2vpngduytu4akepnrzz3y42qht,absent,1.0.0,3.16.4,3.1.1
bykweta6tzwqaxlm3mmezxdcdp3un4dm,1.14.0,master,3.16.6,develop
bzs7bux4i2b2gvijybd4pfizotjktph3,absent,1.0.0,3.15.3,absent
c24fo7vtkuoouzygcexeloeuxkejgexv,1.6.2,master,3.20.4,3.2
c2ebgd3hb7afrekazv4craroujgwg2fp,1.14.0,master,3.19.8,3.3.1
c3tex3xuv4xcpkz4f26ax7q363r2ivcw,absent,1.0.2,3.14.1,3.1
c6nsxsddvjqgwlx3fja4rp56ga7blga7,absent,master,3.20.0,3.1.1
c7zciyvayoswwwvqi3hgnx4somu7z3id,absent,1.0.1,3.9.6,3.1.1
cacmg3ne2zcdejrnlljwzfjtyg52gsrt,absent,1.0.0,3.12.2,3.0.4
cavescvsi4zvqrqa6cd6booive2o5kxq,1.14.0,1.0.1,3.21.2,3.4.1
cbgbq5jvpxedmrbjhetrlalkaazzetvc,1.14.0,1.0.2,3.15.4,3.4.1
cgm3rbknnqkpqaifdn4k7tqlup7piiug,absent,1.0.0,3.16.2,3.0.4
cl2ibmb4vdl6djm7emhmh25ugdjfx2vn,1.6.2,master,3.15.5,3.2
clonjhi7zwnfwptjoex5afabe3xmsiwz,1.14.0,1.0.2,3.14.4,3.4.2
cn6rzbeeje2kp56wwnk2jtmn5syyp5fk,absent,master,3.19.4,3.0.4
cnsh7bgndvzv4qdbmppw7lmjsof2r3rf,absent,1.0.2,3.10.0,3.1.3
cnwb5pgoqxkos7opwydoqkh25xfhcdwl,absent,master,3.16.4,absent
cuevorccgesfv7nxybpurhmiriy5rsxl,absent,1.0.0,3.15.4,3.0.4
cw2szfckorfbd6iples35jk5dlnyconc,absent,1.0.1,3.9.6,3.1
cy6udvupbiitbjgw5w7armzbmd2wtsjo,absent,1.0.2,3.14.0,3.1
cye2bgddbgojwqhjigiat5ipbhwpb6pu,1.14.0,master,3.9.2,3.3.2
d4hwx5xp7e2244yx7jzbx4r3me4zrm6m,1.14.0,1.0.1,3.19.0,3.3.1
d5ewye5jeiqik6mxgeytnxp2nv2f6fl3,absent,1.0.2,3.12.4,3.0.4
d5fwpg5t5qlap4kbubezniyyph3o3spg,absent,1.0.1,3.10.0,3.0.4
d6jnmlfuldzupag4l4nwwyjrwwfz66w3,1.14.0,master,3.15.0,3.3.1
dbdpytobcebup4va5c6hk3gm345aqppb,absent,1.0.2,3.17.4,3.1.1
dbgqkwmtghagtcpyob35nnh624hi4xrm,absent,master,3.16.5,absent
dbw32jpu2bujspwkusg7hg3gq4gjwger,1.14.0,1.0.1,3.9.2,3.3
dceatnkdkhy3s5rgm6zwyvkff2sxgspl,1.14.0,1.0.2,3.14.0,3.4.2
dd6ngs7ih25afashp3ie4uchmcza62yr,absent,1.0.1,3.17.0,3.1.3
deus767byce2n6ok2rrxn6e4wrvpjdrj,1.14.0,1.0.2,3.8.0,3.3.1
dgfig3p5tiaopbd4bccatod6v2q2uyrf,1.14.0,1.0.2,3.19.4,develop
dhk3puvxq7g5jqedsyzwskfghxeu3xmn,1.14.0,1.0.2,3.18.3,3.4
diiirvl4gp7atxvpnojuvokb3lodcoei,absent,1.0.1,3.18.5,3.1.3
djnnkj6i7ybqvnoewfqlv3wov26wrqac,absent,master,3.19.7,3.0.4
dl4xxk7ipmad5b5hvavnbxtr34adyyxd,absent,master,3.14.7,absent
dmndraxmaa6asuozm37r4xebdig2uhpk,1.6.2,1.0.2,3.19.2,3.2
dpxfzlz5zzwuohsdfzv74jkymdarxwsa,absent,master,3.20.4,3.1.1
dta52a2npbfufdr6d2zjczhoip4xlwfu,1.14.0,1.0.1,3.19.1,3.3.2
dtko732hpb42qfpi6ju4dp4ifczj2gjr,absent,1.0.2,3.19.0,3.1.1
dw7qaovb5ptbgybmg4r4ddakwdysylhs,1.6.2,1.0.1,3.21.0,3.2
dxsq7wmxlitp6xngsd2rl6medo6xqtu5,absent,1.0.2,3.21.1,3.1.3
e2hspduqy5ho22rm5ziws35n4z3k5lbl,1.6.2,1.0.1,3.18.1,3.2.1
e6eixrzqsxdk5slbrfbujj3btldygbjg,absent,1.0.2,3.15.3,3.1
ebjosgzaxeqkdaidnmcphziecu2epxtv,1.14.0,1.0.2,3.21.3,3.4.2
ebvzibuqvkdkqpnyubpaoth2i4vlyplx,1.14.0,1.0.2,3.12.2,develop
ee5kr44gmwdsfiluti56kfwjmfgxp42j,absent,1.0.2,3.19.3,absent
efl446ctgwlr4uyjf3wjox35ieq7abld,absent,master,3.15.7,3.1.2
ejp5hriemaisp62hqlea2qzamogfzvpp,1.14.0,master,3.9.6,3.4.1
ekewfdmiypbzokx7wgomb4mujphytqnf,1.14.0,1.0.1,3.11.1,3.4.2
ekpl7kbuxurgnm6ifbg66dbj6drxm33v,absent,1.0.0,3.14.4,absent
ene7wob6ifw4iqonyiegeda4co7rmbug,absent,master,master,3.1.3
envkbodtjfwygyog47g3vwadrkzg3biv,1.6.2,1.0.2,3.15.0,3.2.1
eozzmkjjusyixn7di6pmz27ocsslazto,1.6.2,1.0.2,3.15.5,3.2.1
er43pho4ekcd7fi5fucrgfwip55s3l2s,absent,master,3.9.4,absent
erytds3a3lm3vkpumdhlqnrkad34yz3s,1.14.0,1.0.2,3.16.0,3.3.2
eujh7ujhf5o556rkvvsr42gp6wmwxd36,absent,1.0.0,3.12.0,3.1.1
evgugufnn3urkx7l4u7bmlqemrtyvkjt,absent,1.0.1,3.16.7,3.0.4
evzs57vvsyfpht35746dmaotw5zmqx4w,1.14.0,1.0.1,3.11.1,develop
ewdykfglrkb34j4ufk6fxx4vf7yxegb6,absent,1.0.2,3.16.3,3.1.2
ewfaq3epcsqooirfhntp5z2lkpn36lr6,absent,1.0.1,3.14.5,absent
eztq2emamcw3n4gbn6hxoao2w6lsfh4u,absent,1.0.2,3.14.6,3.1.3
f3ve35lsbhtlldaf6ggworbqddptkp75,absent,1.0.2,3.12.0,3.0.4
faqtg5l57poo2g5axbujjsxyr4gnyfed,1.14.0,1.0.2,3.13.3,develop
fcnymxgrtshodwr6mo2d5gkmnvnyt7if,1.14.0,1.0.1,3.12.1,3.4.2
fe27oepzqx53rdu6b4msgghqn7yf4okm,1.14.0,master,3.16.9,3.4.2
feawylz3art4coqq5ghdzavfmehemu3d,1.14.0,1.0.2,3.18.5,3.4.1
ffkvr35lyzovohmkpfbrnsgcfjpbfwnv,absent,1.0.1,3.17.4,3.1.2
fgugqky7ic5gia66o4zo3ydnd7a5gcjn,1.14.0,1.0.2,3.17.5,3.4.1
fhutxts4oos3ewftcrw3mcz6llidv4qy,absent,1.0.2,3.13.3,3.1
fhwvaxophv64gjuc7whurzg76cmmpfxk,absent,1.0.1,3.19.1,3.1.2
fjo7rn7niu7migwze3mtysafgnce4anp,absent,1.0.0,3.11.3,3.1.2
fkawleleu7wfjsg6butq5vihgq5tbbtz,1.6.2,master,3.21.2,3.2.1
fkqlmmzppdviyx2cwmb2zvb7f3sc5xbd,absent,1.0.0,3.19.0,absent
fm5puyh6ca4w2x5vlxy4gzebntapfmmf,1.14.0,1.0.1,3.13.2,3.3.2
foqhnbisvvhzzz4fxgrkfavuzd7tplvn,1.14.0,1.0.2,3.10.0,3.3.2
fp3wf6ezphyvgmehpfjllcq27xgb47wx,1.14.0,1.0.2,3.16.1,3.3
fpwh4udhndrb5343avsvvlewfbxrj3r2,1.14.0,1.0.2,3.15.1,3.3.1
fwqggc2aqchpbnkt35d4l3js6qtapqtc,absent,1.0.2,3.17.0,3.1.2
fyljtq4nonq3436y576nbputlyzomjx6,1.14.0,1.0.1,3.15.0,3.3
fze4uh5lwtb7jty2gymub2evmedm4maf,absent,1.0.1,3.11.1,3.1.1
g37r2urhc6napsu4ytveq56c6z3jx6as,1.14.0,1.0.2,3.19.0,develop
g3ktxghrif5veila2abdc22lhrxbcfq2,1.6.2,1.0.2,3.14.5,3.2.1
g4jeaai3caksrqtyeegzqwjzmdtfeeda,1.14.0,1.0.2,3.16.4,3.3.2
g7da5njbo65c2pyjcplsml3a4l52b7kw,absent,master,3.12.1,3.1
g7h2umkqy3734f655ha7xc33jsqdnofc,1.14.0,1.0.1,3.20.0,3.3.2
gaorvdctyhaqzwvmtxxnuxxtjq34qfed,absent,master,3.15.0,3.1
gff3nazal27ebguv4clumoililc4pj6f,1.14.0,master,3.12.4,3.3.1
ginv64qzlvpl75ptc7crf46x4cy2ices,1.14.0,1.0.1,3.16.5,3.4.2
gjmx64ntob7xlkizneehzwq5regt4uoc,1.14.0,1.0.2,3.19.7,3.3
gmlgnlzqn3gigcfkmnhcwh5krx6cauyh,1.6.2,master,3.13.5,3.2
gsgn3ekeq2lwem2ro2ti4xqrrgldtfmw,absent,1.0.1,3.16.5,3.1.1
gup5a5i55ohg2y7fupbto3jo4zvsjso5,absent,1.0.0,3.14.6,3.1
gus3z3rrrvl5a7zyc7ksapp4noi2cg5c,1.14.0,master,3.22.1,3.4
gyswmowpssbhr2sp6lpmvqpyw7tlc4jc,absent,master,3.11.1,3.0.4
gz5xk4lybrhp5o5jeuug5akjvtvbp7zp,absent,1.0.2,3.14.5,absent
gzyms5gwecsvpficsarofo5yk2ji3en7,1.6.2,1.0.2,3.12.0,3.2.1
h3ebcbbm4356mpjy6yvcp6e6j7psl2tt,absent,master,3.17.0,3.1.2
h5acnddf6wkroiknulszibffwlawrxfk,absent,1.0.2,3.19.5,absent
hb4oiw6fxirvh2bo6agdxn6qitpgof6z,absent,1.0.1,3.14.0,3.1.1
hcu56hw6mxrwzwqubbfhqqlicy6k2wca,1.6.2,1.0.2,3.11.2,3.2
hdf7hg4do3qktxlz5yjgh47ikpsklzfw,1.14.0,1.0.1,3.11.3,develop
he5clx5cbnmljuiasvdokckmvpbo7ffn,absent,1.0.0,3.9.2,3.1.2
hefuzdzedphba2ju7ocyehb5njkin2h6,absent,1.0.2,3.17.4,3.1.3
hexovcxvmsqpkred2sef3xpphf7r5yge,1.14.0,1.0.2,3.8.1,3.4
hfzwui3id5qxgl4o6ejcknoggs4qx2v3,1.14.0,1.0.2,3.21.0,3.3.1
hh2hr3we5crystqgoxo2wec4amkiwadk,absent,1.0.1,3.20.4,3.1.1
hioxpgend2vsvqwbe6xgejqyzij67jbq,1.6.2,1.0.2,3.9.0,3.2
hiy36hxgy5zoibe4h2woe2vjttow26xc,absent,master,3.16.9,3.1
hlfysf26mrpnonp7erjlznxtraygq33f,absent,master,3.15.3,absent
hn7lohdd4bqywjvagprdelo762emkdhk,1.14.0,master,3.15.5,3.3.1
hptohdxzypjecufeu4mk7i5r2g4rtekp,1.14.0,1.0.1,3.13.4,3.4.2
hqelnklpdvautkg7pgkyw4pp7efmo6pa,1.14.0,1.0.2,3.15.1,3.4
hqon3ikxdqvayfhukb6fvl5exbakmzyk,absent,master,3.18.4,3.1
hqwgzc7upzgi2trz7emfmq7rxeqh34xh,1.6.2,master,3.12.2,3.2
hrrvuq5t2xxyp23i3iactflpjnffq2rv,absent,1.0.0,3.15.0,absent
hs7c5xzn6zanclh64g6gpooxn6foulou,1.14.0,1.0.2,3.12.2,3.3
hsen4cm43iao3dqdv5sjmv23f4pzzwes,absent,1.0.2,3.21.3,absent
hswahouedlbp23vylnqi6g3jztv2rqx4,1.14.0,1.0.1,3.18.1,3.3.1
htoddiqkawob7njwcho45glasu572w62,absent,1.0.1,3.19.1,3.1
hvulxjdlf53h6mly45bcgaew22w745g4,1.14.0,1.0.1,3.19.1,3.4.2
hwkfiaqhbg4yigvdvmbdpweb5dfvtix2,absent,1.0.1,3.13.2,3.1
hwlzzes4m3exr44croywsslodebsmiuk,absent,1.0.2,3.11.3,3.1.2
hxuwkizwbssbhbdy46kf7yydqx5wiewt,1.14.0,master,3.10.2,3.4
hyhcpff5di6txb4eh4ideatopdktpozf,1.14.0,1.0.1,3.18.6,3.3
i23a5xs6lqsilgqa3jf2hxseipmkuhss,1.14.0,1.0.2,3.16.7,3.3
i2tiohqn4ak7as3u24bgtmvj6bodpdbd,1.14.0,1.0.1,3.18.6,3.3.2
i3ql4dmeqwu74ojfcspo4q5yghzpz2ip,1.14.0,1.0.1,3.17.0,3.3.2
i7a7f7yhhortbxewvmocwca3prcnr6o5,absent,1.0.1,3.13.3,3.1.3
ici6t7sh7oqscmy6j2gtwmbejloq3zcc,1.14.0,master,3.16.9,develop
ick2dstdpvnhnuvj6zopxvyhs2vmkd2h,1.14.0,1.0.1,3.14.1,3.4
icqscld3ddpbqipdmm3cxqsj4cuzcjst,1.6.2,1.0.1,3.19.6,3.2.1
idpkceymfe7zxipf3a77bjgbeh5qkfs6,absent,1.0.0,3.16.5,3.1
iekegzuizaf2ky3gfxsks2bo4deheoqs,1.6.2,1.0.1,3.11.3,3.2
iemcji4mmk7eoz6va45wqow4dvkxpgpl,absent,1.0.0,3.16.6,3.1.1
igp2mzhtgzrocscgshfj2eia77c3itit,1.14.0,1.0.2,3.15.6,develop
ihv6bozxvxbdkx3cdtqceukaedlby6jx,absent,1.0.0,3.14.6,3.0.4
iigonwcfvz7bfgt5zopsw3ec4wtgimz5,1.6.2,1.0.2,3.10.1,3.2
iizakic75kiwj7vwa4qontrvsk2vhy3g,1.6.2,master,3.18.4,3.2.1
ijnd63fbwovenhkskow3lesupqrktjvj,1.14.0,1.0.2,3.19.2,3.3
ikhhjkdagkz4fsc2udgs3vwplrfrmp6x,1.14.0,1.0.2,3.13.3,3.3
ikwruwxjarf6xmtuefgkcr7aun2ox72i,absent,1.0.2,3.14.1,absent
iotvun3sxvyosq6ue7sf6p532reyuthm,1.14.0,1.0.2,3.19.3,3.4.2
iprx6ih6m7jb2uc7crgfvzbi677uundj,absent,1.0.1,3.19.6,3.1
ir42f56rmcksnaq4j6mgnfatxkibjz4p,1.14.0,1.0.2,3.9.6,3.4.1
ivulvgzwxxw4se2crlzyosxkclhgunzp,1.14.0,master,3.16.1,3.3.1
iyru37qldqhhev7g5roaqoiq45v4voiz,1.6.2,1.0.2,3.16.3,3.2.1
izbdawgjj6vp5773z7pz2ipk2vdqiytt,1.14.0,1.0.1,3.13.5,develop
izq7oh3abim4twqhlxjo2nv7i6d3eiki,1.6.2,1.0.2,3.15.0,3.2
j342646wtprtplsx5flxtnm55xewx5gm,1.14.0,1.0.2,3.21.3,3.3.1
j5qf3v3lxyhqjogv6w45e77bos46j6ja,1.6.2,master,3.16.6,3.2
j5vygbv7pvfad2msofrmxv5tt6hfnvll,absent,master,3.18.3,3.1.1
j6l37el5nv6rrkh2btwetrukjlomsgrx,absent,1.0.2,3.8.0,absent
jbbmutjuxikwoxmmr5mwrqgf4bzuial2,absent,master,3.12.1,3.1.2
jbs2n5nlae6ngxq3ugeyaje6tzeg7y44,absent,1.0.2,3.9.4,3.1.3
jczdhgualoojqe7kkfuii3lf7bclp2bk,1.14.0,1.0.2,3.20.1,3.4.1
jgjims6q5fyk5f63doux3vverix5aj7v,absent,1.0.2,3.16.0,3.1.1
jhkdfbeon65nvg7ojxhsgjx3sjpwlhtc,1.6.2,1.0.1,3.12.4,3.2
jj3xdjlxr5rwkzivdyilwuwgphxyflmn,absent,master,3.20.2,3.0.4
jkuh7sykpbbl7pg5k5ha3h2z4iq2emyr,1.14.0,1.0.2,3.8.0,3.3
jml7z44yhzf6ujxttfvcz4kgdys3dwdq,1.6.2,master,3.16.6,3.2.1
jni6hr64sdlosu7u4vy4rbppt6onp3v3,1.14.0,1.0.2,3.14.3,3.3
jp3zvy7t7abezaxide6lbvkd6fgw4wwx,absent,1.0.2,3.15.5,3.1.1
jpcv4nyufbux2x64knlunxqa525a7q4f,absent,1.0.2,3.12.2,3.0.4
jroqmolvzn3gaqhegjuaiz6sessf4lvm,1.14.0,1.0.2,3.12.3,3.3
jvqa2p52jjhmepmcehdu3gecmbrvuzxn,1.14.0,1.0.2,3.20.0,3.3.2
jy2bpoafa4sxg6r2xuzof272wnfejigw,absent,master,3.19.7,absent
jy2lbfwsuxkqs7hhdhqt7m7za7fg4zl3,1.14.0,1.0.2,3.8.2,3.4.2
k7j7iil54wvlfjx2uowzo7vfxxzej4qr,absent,1.0.2,3.22.1,absent
k7k6jnihjcuf3irw2rlkkm7y2dirc5yc,absent,1.0.2,3.19.1,3.1.3
kab3yqhiqt2zcmpy3ib4qf3te3s5yu2j,absent,1.0.1,3.16.7,3.1
kbvxzsttqohyesjl3unhlfclsoa7z4hz,1.6.2,1.0.2,master,3.2.1
kderwoy3aybg33lapraomc4gczi7q3bk,absent,1.0.2,3.10.1,absent
kf45tji6atfre2k635lltd2iefii2t2c,absent,1.0.1,3.13.0,3.1.1
kfdgsf2erir3s4socglteax5aw5uyjy4,1.14.0,master,3.15.4,3.4.1
kfl3x5rakcldhsc37a6fdgwndlzewuok,absent,1.0.1,3.14.5,3.0.4
kguy2amk5dcyxnnqw3qt7f3pw56ocu5q,1.14.0,1.0.1,3.14.7,3.3.1
khk4adskscu3fux3ymjbzwapl6ohy4xc,1.14.0,1.0.2,3.19.7,3.4
khlb5mn2lrklrpp4f25ztkqagegworm6,1.6.2,master,3.22.1,3.2
khtosgkvhwlqjcxchizx6md7sfqks54t,1.6.2,master,3.15.4,3.2
kiuxlbfbgfyhwinprtacqojabcpaxvzh,1.14.0,master,3.18.0,3.3.2
kj2d4kei7wmpsb6rp3qxhas23dhlvqu3,1.6.2,1.0.1,3.17.3,3.2
kkhopbycmmzn5xgkc52mzbrrseh2mfla,1.6.2,1.0.2,3.9.4,3.2
klahqdiscfajcx6ukfircirqy4xhpnxl,1.14.0,master,3.14.1,3.4
kmdyjggofyquocwmvwrvxtv7cq4xrfny,1.6.2,1.0.1,3.18.3,3.2.1
kndf4u3hitqxynnjymrgga6cgp2xkls6,1.14.0,1.0.1,3.16.0,3.3
knnumu3ih6lgy6yzd6wp6tkxguvdfibh,1.14.0,1.0.2,3.17.0,3.4
kpirotjngatxbeyxjzadlanrtcqgefbt,absent,1.0.2,3.12.1,3.1.1
kqxhilypzmvm2vwwjff7pdx2jbxmzc4g,1.14.0,1.0.2,3.20.1,3.3.1
krtmyrij57apl6pfl2mxamxmxqbrwyfa,absent,1.0.2,3.20.3,3.1.2
kvgphppui73acwliz2t353pz3wt7ows4,absent,master,3.16.7,3.1.1
kvpxbpp5ywwmjuryk7n4ybmufwdjoxlh,1.6.2,1.0.1,3.13.5,3.2.1
kw6b53dzle2kpzvmwjjvas2gym53gz72,1.14.0,1.0.2,3.20.2,develop
kxfn35uekvc6xiglixjiq6cdvuxgffni,1.6.2,1.0.1,3.15.0,3.2.1
kxotwvz3mtb7klz2sz22viwp6cc4xyiz,1.6.2,1.0.2,3.20.4,3.2
kyoydks4vi67kk4j4kbwdxrad4uofllu,absent,1.0.2,3.19.8,absent
l3lyoynpn3p2rlwmyprq3koij2ofexle,1.14.0,1.0.2,3.15.7,3.3.1
l57erhx2t6d3sikcdnadyeqv6ptv7fjp,absent,master,3.13.2,absent
l6bdtjekyc6e6ev5jssul7ymwnxyh5o4,absent,master,3.17.3,3.1.3
lbils6m5ouc2rnvw3fm445rycs26l5eo,absent,master,3.10.2,3.1.3
lbiproznjadccqtmrwum5xhh6ubbztbb,absent,1.0.1,3.20.5,3.1.3
lbobepxauuonkhjpg5vlbs6joaznzza5,1.6.2,1.0.1,3.14.3,3.2
lbr22ww5ssw7xxmmynq5epownwce5ix6,absent,1.0.2,3.13.4,3.1
le5vczjjaf244mdtshdkg4dj6o75nsuk,1.14.0,1.0.2,3.15.3,3.4
leitt6ucum4apwndwjfv3z6m66hlvssv,1.14.0,1.0.2,3.14.0,3.4
lfaoowouoip5k4qxrlowmzvlzttzf5ve,absent,1.0.1,3.20.2,3.1.2
lfb3wfvqp3llq66h3gulrdf44dwjken6,1.14.0,1.0.2,3.10.1,3.4.1
lgpszahgbx57mjziiqwpmdmac376bw4z,absent,1.0.2,3.18.6,3.1.2
lgvea4f56qer3wzxmsrclwc7pwtzadm6,1.14.0,1.0.1,3.20.5,3.3
lkcne2wgbdny45c3uwifvx7bymmxhrdb,1.6.2,1.0.2,3.14.3,3.2
lmmoqxcirkb3zvsdd7g3imrozjqsk7js,absent,master,3.21.0,3.1.3
lopp5pocfyan4wndhuh2rcthc4evzwbl,1.14.0,1.0.1,3.18.4,3.4
lq7tnhfjy65mxqmi6t5jsb7e2uwpmpul,absent,1.0.2,3.15.1,3.0.4
lqac6bbvbdxkvkc2fzz4p7gmab5pim2x,absent,1.0.1,3.20.1,absent
lrnhgbdcdq645afrhr3al6aa7zeocr45,1.14.0,1.0.2,3.11.1,3.3.2
lsbfb6obc5rvnha5ypq5g2sluwvreghh,absent,1.0.2,3.13.5,3.0.4
lsql33nqui6gfwssvmtk6o7fedz7whix,1.14.0,1.0.2,3.19.1,3.3
lugoi5eoz56hxzqjm56gcst6zyv5mdif,absent,master,3.14.3,3.0.4
lvovldw4dvwnpwe6zsuik4msalfsel37,1.14.0,1.0.2,3.18.5,3.4.2
lvylaelf5he3rphhkkk6d5i6ibjd5wnm,absent,1.0.0,3.17.4,3.0.4
m6xknobxaq63f7gremsldrkneomlms55,absent,1.0.1,3.16.9,3.0.4
m7as2gtnvqlmmqiedl6w5c3elf4zfwcj,absent,1.0.2,3.14.4,3.1.2
m7nelf4lq3mm3monrvex6n5da5k4px4x,1.14.0,1.0.2,3.11.3,3.3
mc5b5cu2mcuftlr56cxeg34a6ot5ghig,absent,1.0.2,3.9.4,absent
meuxfi7pvq6rtpzpos3mz7kewdnnykte,1.6.2,master,3.19.8,3.2
mevofjjx2jwocqjvlv3jfxzmwldaasxc,absent,1.0.2,3.12.2,3.1.2
mg2hyiqmaxvxxlqrwz2yoew3vr3nlsqi,absent,1.0.2,3.19.5,3.1
mh3fchabgygihequmuru2tsmgppn3yil,absent,1.0.1,3.15.2,3.1
mhwxrvtjuslz7gq6grmyi7gaqzlgkuzn,absent,master,3.19.5,3.0.4
misjzdwqrowz6yowa4h55d6dw2cej5me,absent,1.0.2,3.10.3,3.1
mkd3euyeigzne4thzj2xfeyov7cae2jr,1.14.0,1.0.1,3.19.7,3.3.1
mkzzsdyzaeymadv5ykmh75wv3t5j4lbt,absent,1.0.1,3.14.0,3.1.2
mo2plvm26va236vwgztnqdlqlbgrnixm,1.6.2,1.0.2,3.12.3,3.2
moqpb46ha7rrd5y34b36crs3md54mer5,1.14.0,1.0.2,3.16.2,3.4.1
mp3enznvqhwcgtbusbdidfuvy6hqqqgf,absent,1.0.0,3.20.4,absent
mrcb4qshszfjju4ujqupipb5eoqjbger,1.14.0,1.0.2,3.17.1,3.3.2
mt5vntfuwide6ubzro5kg3gr6e5xkxxb,1.14.0,master,3.13.5,develop
mvgaqskobcxawascje6va7hw233hxicv,absent,1.0.2,3.12.3,absent
mxuocmdkwtouqzl6zmqrxf45emf3hkfw,1.14.0,1.0.2,3.21.0,3.4.2
mzf7dr2nuz7sucvxi7pcn3bbwxievfd2,absent,1.0.0,3.11.2,3.1
n3cb4ciu5rgqqkghzo5ldmxh7jumjoqb,absent,1.0.1,3.21.2,3.1
n6h7uwa4vd6o2ikeljudw4rigpbrmqdz,1.14.0,1.0.1,3.9.4,3.4
neoblylhexlawcy3yhn2zuel5vgz4lbx,absent,master,3.14.0,3.1
ng7w6hvvcrlqa3mcpl43mpdanjo473mx,1.14.0,1.0.1,3.13.2,3.4.2
nghslqbqtejtj6vgbgsm7l6cmvgihsa4,1.14.0,master,3.14.4,3.4.1
ngzcohw6vxjadpunonteonq3kxwh55o5,absent,master,3.14.3,3.1.2
nly65pf5633exgagw5updapesdt5qf4p,absent,1.0.0,3.13.0,3.1.1
no5koqe2mp5sw3jj74ko3pvou3gf73ab,absent,master,3.14.5,3.1.2
no6nlltrwqvdqv5xd2xfiya32jux3prs,absent,master,3.14.1,3.1
no6wbpz3qg5o5wlcbrmr7rlegqtakaji,absent,1.0.2,3.16.6,3.0.4
noe74rx25odkyba2adsgwv3vhoqawnxe,1.14.0,1.0.2,3.18.2,3.3.2
nsaxoaaf5n4jiyghmdlazwzaxbclciab,1.14.0,master,3.17.0,3.3
nu2m3rbzixfmsudxlikmefu2pxuovmzz,1.14.0,1.0.1,3.13.5,3.3
nxiqwatfznnd2kdgvb4w4oen533rnnki,1.14.0,1.0.2,3.12.0,3.3.2
ny4qwte5l7gabaful7iraurmgdmj7tek,absent,1.0.2,3.12.2,3.1.1
nz32mceqtnlrakpwtmiau62ukt4uk2e5,1.14.0,1.0.1,3.18.1,3.3
o2k6zphryk7fzwmg2cbujz4atnl3hno3,1.6.2,1.0.2,3.21.0,3.2.1
o3tjv4nvm765tt5hoi22wbri2fxm5v5y,absent,1.0.2,3.16.2,3.1.3
o4ohtjmrkloox7pxabiybzlyx2ydpnrm,1.6.2,1.0.2,3.18.5,3.2
ob2zvfij4vhkblikyaeitf4lelqqoiq5,absent,1.0.2,3.15.5,3.1
ocbgdcrexp6zfs3ndu62u5ok4bkjekbl,absent,1.0.2,3.14.6,3.1.2
ocxcgxhv67eqctcqbq5u4pq75cqquhar,1.14.0,1.0.2,3.12.1,3.3
of7dk625ol62huy4svj5v7l6ungim34a,absent,1.0.0,3.15.4,3.1.1
ogi5obtsyji7x32crt6xs2ufi667nzca,1.14.0,master,3.21.2,3.4.1
ohnqzihbuuw5rqsdbzncsfl32tvcz2qk,absent,1.0.0,3.14.7,3.1.2
oi4frsqa76ej7tijoksc357757stbo5x,absent,1.0.1,3.11.2,3.1
oiipgg7hogy4p6uywr5gdv25vxlfyhae,1.14.0,1.0.1,3.15.2,3.3.2
oik4xjyqhtjnt7sjtnhxktih25sfaxo7,1.14.0,1.0.1,3.20.0,3.3
ojfq4rtb6ssleugqivwdydp6vfi4vnu3,absent,1.0.1,3.9.0,3.1.1
om5a2sfhbv6gdqoulmr4l36b2fwpl5aa,1.14.0,1.0.2,3.22.1,develop
oml2zdmg3s4ic2el5vegfl5rupir7yb7,1.6.2,master,3.20.0,3.2.1
os6hgyleaxcj4ccht462wqfk467lfi3l,1.14.0,1.0.1,3.17.4,3.3
osho3nftu4zywulak4ekbgcmmbk43lxm,absent,1.0.2,3.15.2,3.1.3
osq7q7sede3hsahghpye3d3fzy5za3wa,1.6.2,1.0.1,3.14.7,3.2.1
otx5fylzytqxmnleawnr2knbywlukurw,1.14.0,1.0.1,3.11.3,3.3.1
ow3slyovgeemfp3aerjs4qfmlk7ncek5,absent,1.0.0,3.19.2,3.1
oww57vfjmtqur5ngsn4ujkeqr5o7zyf7,1.6.2,1.0.1,3.19.6,3.2
ozjjeccoatnmarsup6nqbrvrfbmdwcm2,absent,1.0.1,3.19.8,3.0.4
p5uwsw6tdr2bwszsg34kkbd2vfocxqhc,1.14.0,master,3.21.2,3.3.2
p73pbj6eph2g7y7pjqut4ic2zgt3mbkh,1.14.0,1.0.2,3.15.3,3.4.2
p7rbjcwkpcdkqezqtrynepdjwki77vbn,1.14.0,1.0.2,3.21.2,3.4
pfff6tmsqo46p6dnjiwdlg4md7yctppi,absent,1.0.2,3.19.6,3.1
ph7qzs3swu5j5vqnjcri7bxgzteuqjfi,1.14.0,1.0.2,master,3.3.2
pid3sv2id6357vz3dgledpkrz57mxwph,absent,master,3.21.3,3.1.2
plmpoocs6m6w46vm7i2efirietiuiyd4,absent,1.0.0,3.15.0,3.1
pnbokrm4mbhvndjnspfudpvb7djyfhh2,1.14.0,master,3.18.5,3.4.1
pne44jalud22nzrizorkandtadwq67lw,absent,1.0.0,3.9.0,3.1
ppj2nerg3dbbv437ue4cpihexktdk4tj,absent,1.0.2,3.16.5,3.1.3
ppvwpldcbjzgrbebycv3wl6bedwkfnvs,absent,master,3.15.7,3.1
ps35wfor2wmn4mzityagoxaevvgjaua4,1.6.2,1.0.2,3.20.5,3.2
psafvt7yxvmiklssru5krgufllb57d7c,absent,1.0.2,3.17.3,3.1.3
pvcfjh53rcxjriaikblyr3zwc4o4iafd,absent,1.0.0,3.19.1,3.1.2
pvpqtinv22alp5kgw4nboimfcemrjlub,1.14.0,master,3.16.5,3.4.1
pz3aehwfeqd55m3sq47gybsvluk77i75,absent,1.0.1,3.16.1,3.1.2
pzh25u4uwemoyt7i6iaighscuqubpvvz,absent,1.0.1,3.10.0,3.1.3
pzorrmbzr6vhchybpetgwpak5hayv3ci,1.14.0,master,3.21.1,3.4
pzwm42lch5522wiednuqkthhtxzvktwi,absent,master,3.17.0,absent
q23cnzj2nmtyuq4d5uo5wfrajm7odxyl,1.14.0,1.0.2,3.14.1,3.4.1
q2lkjg3qhmvxagb6ygw2aqetxxpeacms,1.14.0,1.0.2,3.8.2,3.3.2
q4yvbbm5szwrxozzzt75yv7ihjpq7guq,1.14.0,1.0.2,3.16.7,3.3.1
qamxo7d7rfgw3qyllkhs75i5xbqwj4fg,absent,1.0.1,3.11.3,3.1.1
qanmgslmpbbffbcuwxsef6ckcut6n7do,1.14.0,1.0.1,3.19.0,develop
qayvxdanq3ga2ar67udgrfamgthsdodc,absent,1.0.1,3.16.3,3.1.1
qbj6pkgrejsiwqxvq73n6u7bxurc6kbh,1.14.0,1.0.2,3.13.2,3.3.1
qbugjv2m2td6mrtop55b54fsau53gxbk,1.6.2,1.0.2,3.18.4,3.2
qel5sk6zp7krvg3fi567s5s3j2kmgrmf,absent,1.0.2,3.14.3,3.1
qfkyeggzxc35w7jibi24hb3eb4qd2f76,1.14.0,master,master,3.4.2
qhagnbbkmdsu4cltctmjn4iubx7q6s4q,1.14.0,1.0.1,3.15.0,3.3.2
qjmnvixa2tummff3g4k3greib5zu6xig,absent,1.0.0,3.20.1,3.1.2
qo5nq2ntkjc2koyzc7gmvf6nrpvvu6nu,1.14.0,master,3.20.2,3.4
qq7zvfem7yrpuznhk2wyr7dqasjgfgi4,absent,1.0.1,3.15.4,absent
qx5oqerlzq6vxs5ywc23kdjmnisrggse,1.14.0,master,master,3.3
qxfg6764g6n5x35ufazmaecpq6itcwbx,1.14.0,1.0.2,3.18.4,3.4.2
qzuj6cr5hwow4kmdd57itdqr7jz5gckz,1.6.2,1.0.1,3.14.5,3.2.1
qzwlv6ndvuxtcqirnsaqsnz6xuegy6cs,absent,1.0.1,3.18.3,absent
r32qalyi7uqdku2rwohmytwyvyyz2opk,absent,1.0.0,3.9.0,3.1.1
r7gwasvra23xro73xnkfj7rskf32sfpi,absent,1.0.0,3.10.2,3.1
ra2wceiq63bgctdxfqkuzvcnwsvrfc6t,1.14.0,master,3.19.0,3.3
rcs35degrfio3qkx6cgamgdps32g7uej,absent,1.0.1,3.13.3,3.1
rexpygfg3plirf26kohbzsygzxedy6cc,absent,1.0.2,3.20.0,absent
rexvksa6v7xdusm4fvgtnfruvre34y25,1.14.0,1.0.2,3.19.8,3.4.1
ri4bh47ztsak2b66tth7gqzuyzig7oc4,1.6.2,1.0.1,3.15.5,3.2.1
rnf3mkgzuquepvywrbenckvtzqtmg2sw,1.6.2,1.0.1,3.18.4,3.2.1
rnqy3ot3ogprprmkowydr7zc7wsajp6b,1.14.0,1.0.2,3.16.0,3.4
rohjiyjqpdh24w2v2hgazctm5qp73s4w,absent,1.0.2,3.22.1,3.1.4
rpla3qkoqk7664w6fd5hfiiwhadaej4b,1.6.2,master,3.14.3,3.2
rr733dxshgdaqpf2myifw7hxfvi2w6u5,absent,1.0.2,3.11.0,3.1.1
rrrh2h4m57depqzxnzpardnuqq3ebmcb,absent,1.0.1,3.13.1,3.1.2
rsb3jbhzelb4eky4uvncszydfczaz4hh,1.6.2,1.0.2,3.21.2,3.2.1
rv5rjrkmwgszc7rixwzvofztbhodtsa6,absent,master,3.19.4,3.1.1
rxnbhgxz3yl3w5bld5yfbsbt5ydtkgos,1.14.0,1.0.2,3.14.3,3.3.2
rynuwcc7wzuaar64fcyhnmmvrlazkyfq,absent,1.0.0,3.16.9,3.1
ryu67rbtxs4os54xgyjvzjmklhfcgnlz,absent,1.0.2,3.11.4,3.1.3
s2rv5j6ncd4j53bne7jk5ftvntkscytw,1.14.0,1.0.1,3.12.4,3.4
s3wmjaamjxriks7gfp32wfeexyxnil52,1.14.0,1.0.2,3.13.1,3.4
s464mytsmc3vtjpvby7nsrysjgdbrqwo,absent,1.0.2,3.13.5,3.1
s6mhdzfvijolc2bj73zks2vemxykj3t3,absent,1.0.1,3.8.1,3.0.4
s6ownqihsmzc7nuwirlder4gckqjpsfv,1.14.0,1.0.1,3.21.2,3.4.2
s7qhbpoakic2fxief6isoofe7wnwwvgn,1.14.0,1.0.1,3.15.1,3.4
sgzwguzohiscmrbpp7dnddyksiis4pwn,1.6.2,1.0.2,3.13.0,3.2
sjie43wfwb7jilj2maxo7grvglnt5hri,absent,1.0.0,3.15.3,3.1.1
sksq43q3zgijquwajlxz6ofydw76xuzn,1.14.0,master,3.16.8,3.3.1
squufsruinls5hvpsn3szkhoqougeprs,1.14.0,1.0.1,3.14.1,3.3.2
staryffuxd4vqyja7vwh27c45nhxxf27,1.14.0,1.0.1,3.17.0,3.3.1
sxl5h22dc2ywa6q5v7mtnyggt4wnk446,absent,1.0.1,3.12.2,3.1.2
syifntq2lg76jnecvz2xfx7k5eqwmkbi,1.14.0,1.0.1,3.15.3,3.3.1
szgknlrclq6eeygrpyf2m4n5krhip3wk,1.14.0,master,3.15.1,3.4.1
t2es4ca7gctn2rmi5diggcai3bfhtflw,1.14.0,1.0.2,3.8.0,3.4.1
t33hjdcbteozk7nw7d6ujwdtroauf4uh,absent,1.0.1,3.16.0,3.1.3
t3z3cw7b6ryk3d23zr5y7hijbxny44a7,1.14.0,1.0.2,3.18.5,3.4
t56bzsz4sredi4k7curlxz5jcgesterc,absent,1.0.1,3.14.5,3.1.3
tbo6gpb3p4xazkvdgxih2lovzbs4mrgr,absent,1.0.2,3.13.0,3.1.3
tcimip44u6wcaajkq5ygzykjqo5nzhwl,1.6.2,1.0.2,3.19.1,3.2
tfvwcdaf5ksonxnqlebboeypueb53geh,absent,1.0.0,3.16.5,absent
tfwtog7z2qychmb3abwn4pjmsnocb5lp,1.14.0,1.0.1,3.18.6,3.4.2
tgq7rt2horzczzmapfkzyzwi4dqfdwrj,absent,master,3.19.8,3.1.3
tham4wiq556eeblilg5wd2bazq5e7bhu,1.14.0,1.0.1,3.20.1,3.4.2
thdayeqmh6oyromayuidzij4t74h7inz,1.14.0,1.0.2,3.14.3,develop
thxic42zi7x7pedaqszigpb7jlauoxz5,1.14.0,master,3.20.3,3.3.2
tibzonsxkraosxfc33q7wrkqqadzs4xa,absent,1.0.2,3.17.1,3.1.1
tisra5zfvgbc7l7zzlv5d2yocwftk2kb,absent,1.0.2,3.20.3,3.1
tkh5nx4rh4wozkvwolppmlpac5yetir7,1.6.2,1.0.2,3.21.0,3.2
tkjy75sl44tlioz52hfiliawcr3spbsk,1.14.0,1.0.1,3.20.3,3.4.1
tkvudbazt4sknl43y53qkvex63dstjwc,absent,1.0.0,3.15.6,3.1
tmh5cufbdabfw5zww2wcd4x6m3ms73si,absent,1.0.1,3.11.4,3.1.1
tmsnqwpi2cvwbgm4blfn5v23cjdxowu7,1.14.0,master,3.10.3,3.3
tnrx3d7bdntdlprfiwbusbo2twssxqqp,absent,1.0.1,3.20.4,3.1.2
tpesbijmte2cx7gd2223ovqlrv26zlcl,absent,1.0.1,3.10.0,3.1.2
tsaobuootgk2zg4lfzomot54i4cmqg6x,1.14.0,master,3.19.7,3.3
ttpluq32zjzi6g3sqibyjlo5yjsbbt45,1.14.0,1.0.1,3.20.1,3.4
tva7cacpykvqyrlj6omjq7xucnc2s32x,1.14.0,master,3.18.1,3.3
tx3dt24vhsfjodupozomqb5adf6tllkf,1.6.2,1.0.1,3.15.4,3.2.1
txhhinkmalqdkxrek32j3tswslxeu447,1.14.0,1.0.1,3.13.5,3.4.2
tyjksdyjg334hcoqcdgb7qdsdeehswpn,absent,1.0.1,3.12.2,3.1.1
tz45fcu3gckmg7a5pgdm73zneqaiezlm,1.14.0,master,3.14.5,develop
tzwi3cgghn237uug6jmlou3bokdyrapu,absent,1.0.1,3.20.3,3.1.2
u24r46duradf352kcy557vdldffk7zmh,absent,master,3.16.9,3.1.3
u2opsmric473m2d5djlkj4locq42ph77,absent,1.0.1,master,3.1.3
u2wr6ltg67i2ifzb4o6zayfsykqoiq26,1.14.0,1.0.1,3.15.5,3.3.1
u424oam5475o55tsiq7epp4xij2756ds,1.14.0,1.0.2,3.11.3,3.4.1
u47sjvxloxrpjnssuxg5qqite76cfvae,1.14.0,master,3.20.4,develop
u4v5grvefyicydgyf2kpwpdpsvvbbho7,1.14.0,1.0.2,3.8.0,3.4.2
u5h4tqsloru4oa2e7kjvv2ynft2syhya,1.14.0,1.0.2,3.10.2,3.3
umougycbfnb3i72cpp6pry34egdouyn4,absent,1.0.2,3.22.1,3.1.2
un6a3xjfbfllytea7r6oxroj4isfzv64,absent,1.0.2,3.14.0,3.0.4
unesfh7uvbmbrq6bp4rlkwns45ribwrz,1.14.0,1.0.2,3.11.1,3.4.1
uqpnlfdiv5pogababoey3ulfnwavchy7,absent,1.0.1,3.8.1,3.1.2
urecfsm47xoffcfq3gmscciqudzuo2f6,absent,1.0.2,3.13.0,3.1.2
ushxy5et6pqrspjgbrfjre2ba7ec7del,1.14.0,1.0.2,3.9.0,develop
ut3eyp3atrytsiqvb2dlxzhesayypeql,absent,master,3.17.1,absent
uxcmvua3hynnhgap2hoczp7hgfpbott2,1.14.0,1.0.1,3.15.5,3.4.1
v2eoqwgt3qxa7qxeodl2aux4ig6aq65d,absent,master,3.15.0,3.1.3
v3be4s5aowjzahuc7j3qtpt7w3deavjj,1.6.2,1.0.1,3.16.4,3.2.1
vckhydtkqlripgye5w2xvxno5shf44eg,1.14.0,master,3.19.6,3.3
vddbp3u47qnjwswkfg227ghzykdmsde7,absent,1.0.2,3.20.4,3.0.4
vegbi7dw5zppqkc6cblyk6paqxxqwz3e,absent,1.0.0,3.9.6,3.0.4
vh33c5c4d5zhzdyc7jnc6snsah3rcfjg,absent,1.0.2,3.15.2,3.1
vhvcwxy43xjjtnimsga3ed2i32xkhgkf,absent,1.0.0,3.18.4,3.0.4
vnflsbhyzejgdsvg3vsl7b6v3inazuza,1.6.2,master,3.15.3,3.2.1
vo622mnpnvolggvusjcsrzx6ptmuw6te,absent,master,3.18.2,absent
vpckutmux3unypxyh27fvluxb4f72l7q,1.14.0,1.0.1,3.14.6,3.3.2
vtmucshap5r4gnebhmduvaylnmxv2sxl,absent,master,3.12.4,3.1.2
vujfrcn327sa6gdedg226uabt7aamxuu,1.14.0,master,3.21.3,3.3.1
vumbch7n5mi46k56qihg6emxgtqixkmq,1.14.0,1.0.1,3.14.5,3.3
vvlib6vs5ljae436gy3ey5jchtvlwzvl,1.14.0,master,3.13.5,3.3.1
w23m5xanwpwsn6j4urasoep6o5krrmnq,1.14.0,1.0.2,3.16.6,develop
w5e4du6sl5zukdufx7lahnipilxpjywx,absent,1.0.2,3.14.4,3.1
w5puwvonanbn3xjet6crwela37tyedh6,absent,1.0.2,3.18.1,3.1.3
w62hcy72a4iqctkg4h4sdhu3z2mdotyl,absent,1.0.2,3.9.0,3.1
wa3qnozshfokc6q6zozqizzlo7l3cpl3,1.14.0,1.0.2,3.19.6,3.3.1
wbnilhfsuxus3e5axsocexvklicqmm2d,1.14.0,1.0.2,3.17.5,3.3
whuvaab23lz52l2to636mzl5wnsqutgz,absent,1.0.2,3.21.0,3.1.1
wjupko7riv3bsi64dywx2a2gxtmapwps,absent,1.0.0,3.11.1,3.1.1
wk47fcegasexdi7u6e3nrzzapxiwsqcl,1.14.0,1.0.2,3.17.0,3.3.1
wk4z4nyebvsthl4vjcghr4dvt3xju63p,1.6.2,1.0.1,3.13.1,3.2.1
wkgogl4wxdnozxhbo6pgytfynwlaecih,absent,1.0.1,3.16.8,3.1
wo2z6ffy5e7q7smgwvo6ety77n3mstez,1.6.2,master,3.18.3,3.2.1
wqryhpxx67t5uduefockiet4xotuy5jr,1.6.2,1.0.2,3.15.4,3.2
ws753y7tueezoeit6ncwm65ry4zveexu,1.14.0,1.0.1,3.11.2,develop
wsoichr5nd5ywmeeivheft7yglol4v34,1.14.0,master,3.18.4,3.3
wtjualht3pe4mbu2ri3ailklnunepxzz,absent,master,3.10.0,3.1
wtmofs5ecr6egf7zz74eop5ugif7uaka,absent,1.0.1,3.14.1,3.1.1
wu7vbwgfib55sormauceq45gad56kcl4,1.6.2,1.0.2,3.19.3,3.2.1
wxeuzjxnkxgek6n6ajpuybenkrg26ruz,1.14.0,1.0.1,3.19.2,develop
wxixh66kulblh3yzrkfeb6sxvh22qfae,1.14.0,master,3.11.0,3.4
wxkrsnbv6lqgrkfzmxnfzrkxdossc6h5,absent,master,3.10.3,absent
wzojrjbjdkv2nmwzidioiygoin4jnm4b,1.14.0,master,3.21.0,3.3.2
x2r6idsw635ixsc5xdoew4vi6v6nb6my,absent,1.0.2,3.12.0,3.1.2
x3hmqayjzqkzh3q35aki6e63ykknwgaj,1.14.0,master,3.16.8,3.3.2
x47iecyjei4w74vw3fs7ssqt6bgecn6j,1.14.0,1.0.2,3.12.3,3.4
x4ceoetuvjdzbps7rzfzeqk52hfezljl,1.6.2,master,3.18.2,3.2
x4tdh3qbg2fnbeifw6fg5hd7ujpbynn2,1.14.0,1.0.1,3.17.1,3.3.1
x6l7qipvn53fszs45tkfgk774bdddcsd,absent,1.0.1,3.16.8,3.1.3
xa66xb6is26r6yzlyoeuw5amydwzaczw,1.14.0,1.0.2,3.12.2,3.4.2
xarsdri2aeenh4ubeyp77jqbgfkbcsil,1.14.0,1.0.2,master,3.4
xbub4a6tmyda57jqolxgvig7qnkcueyh,absent,1.0.2,3.19.4,3.1.2
xbxt3bbzv5wn76gtnkrlxcpyltkpiinx,1.14.0,1.0.2,3.13.5,3.3.1
xdocnvpeougdkomkuodsl5ldw2i35kjz,absent,1.0.2,3.15.3,3.0.4
xiunfjqfizp5f5xnkboano2p43lsm67o,1.14.0,1.0.2,3.19.4,3.4.1
xk66im44skvdb2vuopumpzbjrosjh52h,absent,1.0.2,3.9.6,3.1
xldsj5onyaq7qsv6ivhpwsyuftm6invg,1.6.2,1.0.2,3.9.2,3.2.1
xmpds6w3qku2bfkurlt52ahgvlacaalt,1.6.2,1.0.2,3.20.3,3.2
xnj4ynkuwqbdvz7a2di2oou37a5ycw4q,1.14.0,master,3.11.1,3.4
xrexuweuh3oq23yufjuitq3augmqirpp,1.6.2,1.0.1,3.13.4,3.2
xtjvmuzp2fhqysnzdqjvxcunmyg6zvtu,1.14.0,1.0.2,3.19.6,3.3
xwnq3fsfpj6mgrec6m77x2be7qjddvw6,1.6.2,1.0.2,3.16.8,3.2.1
y2ncgrnzvtugt5hoxcj5dgjwdwn7z2rm,absent,1.0.2,3.18.3,3.1.3
y3oy2ljzmmzdtsukhpupcycu4zewvshj,1.14.0,master,3.14.3,3.4.2
y4cjmlwuf5ypyhen47gl2gyysq7ndfvw,absent,1.0.2,3.8.2,3.0.4
y4f5eeqb3ftoyz7jwidoixezgx7reyqi,1.14.0,1.0.1,3.19.4,3.4.1
y62eauaqtdsj4arf5kogirh4dfctbxno,1.14.0,1.0.2,3.18.5,develop
y7ucxvltcnsgue7hxnbxhqymvnmgf5eu,1.6.2,1.0.2,3.19.8,3.2.1
yavnftqeshfd6xzgjzmdb4b2uryctgcd,1.14.0,1.0.2,3.18.5,3.3
ybgus2g5fln2z4dfw5betmblz5re4v4y,1.14.0,1.0.2,3.16.3,develop
yel4qjzyts2kfxgigbmgc45kvpjan3tk,absent,1.0.2,3.19.6,absent
yetdeb3b3cive3sepdwvc6e6zhac7a53,absent,1.0.1,3.18.6,3.1
yg7unebmisnc52uyupmx7w4p7tgzpqpm,1.14.0,1.0.2,3.14.4,3.3
yi4uilqlrguowparid7rhtqxz2ukvg3g,1.6.2,1.0.1,3.12.1,3.2
yjj6gqt44znir5idey63doagld3gwuo6,1.6.2,master,3.10.3,3.2
yl5qdy4er4qircpus56boo7rz36qp3od,1.6.2,1.0.2,3.10.3,3.2.1
yl6qsfauknqp4lquw36dwgtei52zmgea,absent,1.0.0,3.11.3,3.0.4
ynwfrdkar7vllt4jzxshvqbj7nb66x56,absent,1.0.1,3.12.0,3.0.4
yommrz57egqnuotgnofj5nqkttbv2qmb,absent,1.0.2,3.18.5,3.1.3
ypnexfogqncpia4l3s6u7w6lodzkcdsr,absent,1.0.0,3.19.6,3.1
yr34o2y23qdpguhlb354xxleijlsjmrx,absent,1.0.2,3.20.2,3.1
yu6p6nvlkzlhjpafirquiaavphquf2np,1.14.0,1.0.2,3.19.3,3.3.1
yveezfacjxef42q3afkgyivwqxptsidy,absent,1.0.2,3.18.3,3.0.4
yvnkcyeyxwkc5rdza4tb4ke4imsoeuv5,absent,1.0.2,3.16.4,3.1.3
yxnvilfzvtmvpugufsv5ycw372cggegv,1.14.0,1.0.1,3.8.2,3.4.2
yy5wjaggnsdxi2s6tbcp7ekffyfl67as,absent,1.0.1,3.13.0,3.1
yzdwrwzmkljqc5sjsxoqkcdgdznntngh,1.6.2,1.0.2,3.17.1,3.2.1
yzjnruqq72dg4ixcnf2wefi5cbkinyzz,absent,1.0.2,3.15.5,absent
z3wc2u2c4rrlj75d4omvbzgp6s7w4mnc,absent,1.0.1,3.14.4,3.1
z4gxxvl7qytgezvjfhu46lndh3y7h3jn,1.14.0,1.0.2,3.16.4,develop
z4jfrhlwuavyquvn6ghhquxh7fhm6gda,1.14.0,master,3.14.6,3.3.2
z5xftrsmubuafcsy5dkvgtrdkx6ydxs4,absent,1.0.2,3.18.0,3.1.3
z6bylvi2mtgvbx4zazqg57q43jbtteo3,absent,1.0.2,3.14.0,3.1.3
zae2rpxaqhx2o2aww35aiakzuginq3xn,1.14.0,1.0.2,master,develop
zenpeqah64rzfg4kdt2efk6pj2nc55dk,absent,1.0.2,3.20.5,3.1.2
zgb5dpe3oxuxtty44uxwekabdbv4j7uj,1.6.2,1.0.2,3.18.0,3.2.1
zhmbht6u3effc6eikhps67eb77nnvsiu,absent,master,3.15.5,absent
zigbp5dml6kbtkyxqhp7ropln5q2jyon,1.14.0,master,3.20.0,develop
zipsqzgxr46yvwuafhluxj63gwppqg7i,1.14.0,1.0.2,3.17.4,develop
zltuuirw6fj4dlfmrkbfdbs23ft7r33v,absent,master,3.13.5,3.1.3
zmaz7r4cstcrsabafhc63pg5p3jwnsw7,1.14.0,master,3.19.1,3.3.1
znhaql464wgcouctnlt4mjy22qdpg2dd,1.6.2,master,3.11.1,3.2
znpdecb2jvpvmedngxluucravawtjd4v,absent,1.0.1,3.13.5,3.1.3
zo3473boyp5ivl7v3ju3xr4bjmwy3n4h,1.14.0,1.0.2,3.19.7,3.4.1
zosv6ypk5xgtlv52ucgp4nfqk7k3vjeq,1.6.2,1.0.2,3.12.3,3.2.1
zpnw3qhym56iyhvovjvxuricg4xruewr,1.6.2,1.0.1,3.11.2,3.2
zprkh5bxebxt5ixx5f54mlsvmcija2jj,absent,1.0.0,3.20.1,3.1
zqwzr2aitp32cgoqsbiibxht5bncjtgv,1.6.2,1.0.2,3.19.5,3.2
zu2dkkfbdvjxdg4qt3jylghdcnbuusgy,1.6.2,master,3.14.6,3.2.1
zu3f73sijlto76u4gjdfilpuffvkjglx,1.14.0,1.0.2,3.20.5,3.3
zui5j4qmheawfwfnsc2djviua7ht2drq,1.14.0,master,3.16.5,3.3
zwohc5haku2s2uky2ykh5d3r44y6r6wf,absent,1.0.2,3.16.1,absent
zwznvzralblftzcppmexrojshr52fb6b,absent,1.0.0,3.8.1,3.1
zyi3n6a76d7iyaqcowxeniifkbkh7wfj,1.14.0,1.0.2,3.14.7,3.4
zysbdb4tskkru7xy6a2nu2zy3cqiu6f4,1.14.0,1.0.2,3.16.3,3.3.2
zz2zutd5zyoqilyxvttej7bz2y5dyzvz,1.14.0,1.0.2,3.10.0,3.3
2ahnka3kdad3esvz3yn5dkowgdabn3bc,1.14.0,1.0.0,3.6.1,3.4.2
2c7glxwxhn6krmfuirovlcsqizrjm6ca,1.14.0,1.0.0,3.18.5,3.3.1
2ca7yja5uewfgzkf2rfn7uteeunuoek4,absent,1.0.0,3.1.0,3.1.3
2pw2x254dtfztv5gteevftysalvk5oqs,absent,1.0.0,3.7.1,3.1.2
2x7xs7lzhecarrkh5v2dyabmzqboml7h,1.6.2,1.0.0,3.10.2,3.2
2yke7f2zinnod6y5c4ot5r2zpfklgqg7,absent,1.0.0,3.19.8,3.1.3
2z53h7o5vnsfaymsehnwfdrgubr6hg4t,absent,1.0.0,3.15.5,3.1
33zoszibqqx5jdhkqglqxim3l2hc5vdx,absent,1.0.0,3.15.1,3.1
34a6e3mscghems36s2bgqp3drkmybnbx,absent,1.0.2,3.6.1,3.1.3
35vychptdx7zl3bl4pa6e37vjoy5vhmo,1.14.0,1.0.0,3.3.1,3.3.1
375zzhpxudw7lvaldp6rllgnqaebz5we,1.14.0,1.0.2,3.6.0,3.4.2
37u5fzsfb2y6tswbpejnkbdkcyhgxsdj,1.6.2,1.0.0,3.14.4,3.2.1
3dlddn7rgvaut3k54di3txtwktpndryh,1.14.0,master,3.5.1,3.4.1
3hb3xlh7hqyxhkntioffol2c7djahnth,1.14.0,1.0.0,3.21.1,develop
3kmygmgnyu23pwd3rgwbeobrtmc3bmlu,1.14.0,1.0.0,3.10.2,3.4.2
3l6krjc4ksknm7rgc4lsfrgstnolz7sg,1.14.0,master,3.5.2,3.3.1
3lmq6zk2otef6a35k2opvu54fr2dcpuf,1.14.0,1.0.0,3.17.1,3.4.2
3pfefxbstnjghkida5ufjipxawwqhca3,1.14.0,1.0.0,3.21.3,3.3.2
3pqb72lcz4rmughavdwwbrh5caa7y6ya,1.14.0,1.0.0,3.19.1,3.4.2
3ww6ua7tdafqhzbn52wgp7qleb4ju5ik,absent,1.0.1,3.12.2,3.0.4
3yivucp65vrhm4qcopwjjlhx6j57kirt,1.14.0,1.0.2,3.13.1,develop
47p3sehw7cwenaegtav7fpmqbnniykrz,1.6.2,1.0.1,3.1.0,3.2
4bopmfkd6bypnb4d5geehxfbj6u5bkod,1.14.0,1.0.0,3.19.1,3.4.1
4ejlgagcld44d2jqkipystrujeoneyjg,absent,master,3.0.2,absent
4flszucltcbi277nuvahvwdtzu3aewyu,1.6.2,1.0.2,3.5.0,3.2
4jlmf2kbexfrrouxvln7lydvtfeog5rl,1.14.0,1.0.0,3.16.0,3.4
4nth6mxubmf6bphmxtk5x5olyzmfvgua,absent,1.0.0,3.4.3,3.1.3
4zw7dgwcytyzafhhwlkkt5icuayascev,1.14.0,1.0.0,3.6.0,3.4
52ho2jkn4eux4nctve5lexs2b3qlx4gm,1.6.2,1.0.2,3.7.1,3.2
54m7qmbjoc6v5wndb4uij3eriuvh2kvn,1.14.0,1.0.0,3.13.1,3.4.1
5eoxvxyf7vdbwub7hjpwruqahqxduccy,absent,1.0.2,3.6.0,3.1.3
5imqolgozkb6335wbo5v5l35kqfaj42h,absent,1.0.2,3.6.0,3.1.1
5k2lbhfpjjdkmtqte7q7s5l7hhqlgx2s,1.6.2,1.0.0,3.20.0,3.2.1
5lx56jaojsoeteafl2rpjag7z7ifikxl,1.14.0,1.0.1,3.6.0,develop
5lyihnueotxkzx5b64gnnezfzrkwyj6d,absent,master,3.4.0,3.1.2
5njo3d7ps5fou7gel5oukkudfhzulu2n,absent,1.0.0,3.14.7,3.1.3
5rgsxy42pe7vdgtastnifqjg2pjh42ux,1.14.0,1.0.0,3.5.1,3.3.2
5wovvx3insfay3coxm7ynl6ldvf6xke2,1.14.0,1.0.2,3.4.3,3.4.2
5xuhzsi7be4bjfirezlnjxjlgg2my6jy,1.6.2,1.0.0,3.6.1,3.2.1
5yugf4y3gse65fdsnodwkhdigv6g3zuv,1.14.0,1.0.0,3.8.1,3.3.1
6amk2fsro4bota6mf7cqpcmqgnpuiumk,1.14.0,1.0.2,3.7.1,3.3
6bnu4ab5gtau6htjc7brh7oh2fxbwvdn,absent,1.0.1,3.1.0,3.1
6df6nogiimr4xkvsywq4s2yamcx447nw,1.14.0,1.0.0,3.20.1,3.4.2
6e5dbvtnn6l4oj4kudovs7wjbipgongx,absent,1.0.2,3.6.1,3.1
6jqzvq62d76bdygfb67afwdfyvk6ekrf,1.14.0,1.0.0,3.7.1,3.3
6puvwpzescwvjbnznczmfxpf6plkgx5e,1.14.0,1.0.0,3.12.2,3.3
6rp7qd7unxkjddjthjgurp2uds4pryti,absent,1.0.2,3.7.2,3.1
6tjsziweg43rbxepckqsg7fteodbdgbb,1.14.0,1.0.0,3.17.4,3.3.1
6uvwjai2gjfihbuego3qtbuh3nuznedb,1.6.2,1.0.0,3.19.5,3.2
6vuoy3gpxye5o2zv5nv2eccng67rxg45,1.14.0,1.0.0,3.21.3,3.4.2
6xpd73iyxhjawdq73ivlsc5mvw4vwv32,1.14.0,1.0.0,3.18.4,3.4.1
6yhd3dtl4gkrivm6pdz23k2e4zrxlpzz,1.14.0,1.0.0,3.19.4,3.4.2
72fnf65n47ibxatmuty7qefcftcxdkzi,1.14.0,1.0.0,3.14.4,3.3.1
737rt7nad5wbhbw3z5lzxgz6gh7im6xj,absent,1.0.2,3.5.2,3.1
7f53v3nxuy2n3skuqsz3oh7lkmlinugv,1.6.2,1.0.2,3.5.1,3.2.1
7p73365pgx3q32ejkuh6dvhdaavcqjgj,1.14.0,master,3.6.0,develop
7qc6ufqdjtmpw6kqhe3yn3pnhqpsznpo,1.14.0,1.0.0,3.12.3,3.4.2
7svefcuhcnkzdzy3hunpxcc32x7grhif,1.14.0,1.0.2,3.5.0,3.4
7uzvrnsrbv4zoj667sruauhcg5p4mo3l,absent,1.0.2,3.5.2,3.0.4
7ylktu4t4ecm6aiqikc3rg466ooayx2x,1.14.0,1.0.0,3.13.2,develop
a2puxfenai54ytgqn5fkm7jqyrw2z2f7,absent,1.0.2,3.0.2,3.0.4
a6zpjmdpy2fbqh7q426a4oeiiio7cnba,1.14.0,1.0.0,3.19.2,develop
acx6u3vh6dkpgb62mwu2ycqk3jmfdesk,1.6.2,1.0.2,3.4.0,3.2
adcaohpkepjd322xbv5o4tlsbony3nw6,1.14.0,master,3.7.1,3.4
aimi22xerfeuhmvemqlaf6mb6yk7z7xp,1.14.0,1.0.0,3.16.1,develop
ax3cqdz3v5qi73bex3llbbeoqxyaw65u,1.14.0,1.0.0,3.18.4,develop
b6txi2pssdfpj7i66xw4ehepl2ijbz5t,1.14.0,1.0.0,3.13.4,3.3.1
bezfjoo6ft4ansfhq3qjjf33bxhn3wfm,1.14.0,1.0.2,3.15.1,3.3.2
bgetz2pds6pvagrmkvngg4lm7ji76y5k,1.14.0,1.0.0,3.16.4,3.4
bmkjomqvofqpco4d4dkrdjpje235bupu,1.14.0,1.0.0,3.14.5,3.3
bniruxfwctbbpw5ahdgluefo3kcif2cp,1.14.0,1.0.2,3.7.2,3.4.2
brjou5gjdmveindamkhthu56wgtlasew,absent,1.0.0,3.18.5,3.1.3
bvbqck23sdrlumhyazomncs72dkbqo6q,1.14.0,1.0.1,3.4.0,3.3.2
c3qrh6dymi27hqxdqr7zx33yc4gk3nra,1.14.0,1.0.0,3.7.1,3.4.2
c5o3ou3mihs7krx2inqwb4cwj36aiaaw,absent,master,3.7.1,absent
ca4qsz5fbw3bjbub7im4ug6534i24evk,1.14.0,1.0.0,3.11.0,3.3
cazehlnefayj6heab6l7pmw57s4fgdop,1.6.2,1.0.0,3.5.2,3.2
cbwnnkc5va7cnx65d5w2vpqurzqeyo67,1.6.2,1.0.0,3.7.2,3.2
cgn4tth3l4nhtmqu3piapaqmnzcbtwva,1.14.0,1.0.0,3.15.6,3.3.2
ciwnvsy2v2b2h63io46kh2wekgb7bjo2,absent,1.0.0,3.9.6,3.1.3
ckiz6xzwwbdqi7w566alovb7mzwedt3o,1.14.0,1.0.0,3.17.0,3.4.1
clydkt4x7xlqjgidxsv6dlpx3xmurrvr,absent,1.0.0,3.10.1,3.1.3
cma24afgxwt6sjqfqzrd64sixx4i54jp,1.14.0,1.0.0,3.5.1,3.3.1
cnlwyumrgjzxhb2ldws6wqzkmvbx33zz,1.6.2,1.0.0,3.15.4,3.2.1
cymshc33diyoxyv5rjzq3pb5xckfg232,1.14.0,1.0.0,3.14.7,3.4
d2g7a3bieus6njta7jtcq72adrmhzatt,1.14.0,1.0.2,3.6.1,3.4.1
dmriul3z6p6fvewc3j4bxboe5amhb5ot,1.6.2,1.0.0,3.14.5,3.2
doizjsb3bogtlqtv3ul4bvekr6hqkxi2,1.14.0,1.0.0,3.0.2,3.3
ecs6ruya3w3qisejfyshusiumvdrdj2a,1.14.0,1.0.0,3.11.1,3.4
eed4pfz46pbzfz3d7jgmbmmzlntpjayt,absent,1.0.0,3.19.3,3.1.3
ei2bd7pglugl4jr5muqeasq57cayxafa,1.14.0,1.0.2,3.7.1,3.3.2
ekb7ten63crgjvpz7z2afnjqpmetbpoi,1.6.2,1.0.0,3.4.3,3.2
elh5iaivs34266iahk46synv46ithjpq,1.14.0,1.0.0,3.13.2,3.3.1
em45zzbzrsvu5lnxfcgcibe2jhc55nt5,1.14.0,1.0.0,3.17.0,3.3
emlgtud5uwikho3nueyog3z5sdo524xk,1.14.0,1.0.0,3.16.8,3.3.2
eqw4xowcr2t7dmozntxtmc3hepohgepk,1.14.0,1.0.0,3.8.1,3.3
errvyja6jh73dxeqlco7szrqj7egrstw,1.14.0,1.0.0,3.0.2,3.3.2
eysf6r6kl2ulj6dtat43vsodbiyknekh,1.14.0,1.0.2,3.6.0,3.3
f4o3jqb5drlmzl2tz65ggp4t7z6tvu4d,1.14.0,master,3.1.0,3.4
f5zgljbnobd35bp76gwofdagkcascunf,1.14.0,1.0.0,3.13.3,3.4.2
fekgjqouv37pwiqf7zrbt7mt62taagv3,1.14.0,1.0.0,3.15.4,3.4
fhpal77jjntjqdxccphmegtol2bt7myf,1.14.0,1.0.0,3.16.2,3.4.2
fnu3ci2gzsfvczvozwvh6rcpmdcqn7le,1.14.0,1.0.0,3.16.9,3.4.2
ftaozd4ilhnn4dplktkxcs2bt6b7k3it,absent,1.0.2,3.7.1,3.1.1
futl564mtmzhcifpu2aaxjoavjqsscwp,1.14.0,1.0.2,3.5.2,3.3
fv7mngcnltteq6gkr56jxf7nd242dkbe,1.14.0,1.0.2,3.6.0,3.4
fxsausroji7wj6t3syrbnldicd6iwcxv,1.6.2,1.0.2,3.1.0,3.2
g3hvmwsb3d4kbkwnl2jj65kzvq3fvjxw,absent,1.0.0,3.5.2,absent
g6v7u6d5axofimbkkjjcbqybpm6imw6g,1.14.0,1.0.0,3.9.4,develop
gb7q26e4n2eexwr4u6cdjqdhynzxhgdo,absent,1.0.0,3.11.2,3.1.3
ggbyjfuxfy3eoopm7sklca7oandynpq7,1.14.0,master,3.5.1,3.3.1
ggpewevfugnentzzrvknwszv7iiirt35,1.6.2,1.0.2,3.6.1,3.2
gguuaqeqe6tzshwvxhcsmyk3jgbucwhk,1.14.0,master,3.6.1,3.3.1
gosnykdo6peboxt2bogqbudsbtmzhddb,1.14.0,1.0.2,3.10.0,3.3.1
h4xjfabqsyx3eshz6doqd3o3ilnheh55,absent,1.0.2,3.21.2,absent
h7l5nerlk4i4det7xwylmuhjrwqswrt2,1.14.0,1.0.2,3.3.1,3.3.1
hbemoncxyansm4mjz4wjex34aeus4kxc,1.14.0,1.0.0,3.20.4,3.3
henfbrfzyzh45ci5skwpzva4pfgdhnb3,1.14.0,1.0.0,3.12.4,3.4
hgms6rehqzy2wv4qw4lfmvnsslha4oh7,1.14.0,1.0.1,3.5.2,3.3.2
hoqc2wgra2jaeht7lnatdg672dbtioir,1.6.2,1.0.1,3.4.0,3.2
hs5xo7ppyxu7arbsb6aiajdid3d3gehs,1.14.0,1.0.0,3.9.0,3.4.2
hvbvavxa6z6tgw4qbqbn4wwgpbbt5woz,1.14.0,1.0.0,3.10.2,develop
hwzubwohilqxs3xlr7pifqpfoixwrc7s,1.14.0,1.0.0,3.19.3,3.4
hzhncitqubtjifgdefdp5dgh62utg76n,1.14.0,1.0.0,3.11.2,3.3
i4ttzjk5tqa2n2ymiap5ywg2qafc7sng,1.14.0,1.0.1,3.4.3,develop
i5qob5jc7irhbczrdhchezrxvmd2dgxj,1.6.2,1.0.2,3.7.1,3.2.1
icd2zcdyhepzvkj5fydpz2xqiexncuwv,absent,1.0.1,3.6.0,absent
idbjt7bbsduh2auxbx6yvzfnjoqg7wdt,1.14.0,1.0.0,3.15.3,3.3
ieqwexmb4dmy5u4odcwnqry22mbkdkpu,1.14.0,1.0.0,3.12.2,3.4.1
ikdisxuounlgdisgkfaqg77sqkom26u7,1.14.0,1.0.2,3.5.1,3.3
io72tdelgmsyikhvgd4kechnfjenwmlf,absent,1.0.0,3.0.2,3.0.4
ioxjz6ljim4qcfbkz3aw7eglfcxqhjnb,1.14.0,1.0.0,3.16.8,develop
j63bztiu6yalqsf5gkhvfpu6obo2nnnp,absent,1.0.2,3.6.1,3.0.4
j6v3p2fubltrdgyikif3gs5ci2xkbzhp,1.14.0,1.0.1,3.6.0,3.3
j6zdr7zfax7vzl2kyseqpuwux3wdgfh7,1.14.0,1.0.0,3.8.0,3.3
jpwiwp26spdaxrnb5sqk5ufkhpyeatpk,1.6.2,1.0.0,3.9.6,3.2
jsgwojp5pwx3u532uh3mv477b57o5njr,absent,1.0.0,3.6.0,3.0.4
jwvekttrtz2hxeeqehtgstl6e3kcjat4,absent,1.0.0,3.0.2,3.1.3
k4jmc6hze2di6aibbycjx4ujfkhzqdyy,1.14.0,1.0.0,3.19.7,3.3.1
kilhhoylkvlv5xsjfs5a4juwpdvimu66,1.14.0,1.0.0,3.14.4,3.4
kjpdqhpqsuo3bptmsphmlrqihlg3tdzb,absent,master,3.7.1,3.0.4
km6mwlrax77q7fns5rdh6pjguaqgd6t2,1.6.2,1.0.0,3.5.1,3.2
kmecwls5bs465bxunv45u7yeixvqv4cu,absent,1.0.0,3.16.0,3.1.3
kpah4dzxv3stzg64rn4ebfecbzsyydqp,absent,1.0.1,3.7.1,3.0.4
kpkubqxcpwuvmkw6szc6h27bdjotrh2i,absent,1.0.0,3.13.4,3.1.3
kspcdi7ipipgpma76twnrzwdtgvbtiio,1.14.0,1.0.0,3.1.0,develop
kvivi5vemlr2elfcoa5ps7cctce4ju63,1.14.0,1.0.2,3.0.2,3.3.2
l25rzbcergjtykfzocwekhkugm6rqkgo,1.14.0,1.0.0,3.9.0,3.3.2
l2b33v7ybn3zslvuf7olmg2boydzznaf,1.14.0,1.0.2,3.5.0,3.3.2
l3s3zpla7zqeja32ekamkiwk5vrdap7i,1.6.2,1.0.0,3.15.6,3.2.1
l52fbcezowgxmwjmjjzwkgeqm7eopaur,1.14.0,1.0.0,3.13.4,3.3.2
l5vfnzxuetqthgo6mepyuulguuttkj5l,1.14.0,1.0.0,3.10.0,3.4.1
l75ltyf3x4t5ytbypdie4v632akwkgkl,absent,1.0.1,3.5.2,3.1.2
lkrjfakz472ji5dkpujh3r7hkyb5khzx,1.6.2,1.0.0,3.14.3,3.2
lqmp4uqgzrvq5zshy6iaypn6hmeyfdme,absent,1.0.0,3.6.0,3.1.2
lvdaywa6y5f5kpizdjvhtywmd35wk7xz,1.14.0,master,3.7.1,3.3
lz2hzilx656t3gb3epst4kz7nnc37esr,1.14.0,1.0.0,3.14.0,3.3.1
mn4te3iebzmctpwwrxg6jmlz4bdez2f3,1.14.0,master,3.15.4,3.4.2
mqrc6srr4kpppvuefaumnjcgunabicev,1.14.0,1.0.1,3.7.2,3.4.2
mt2nvra7e6k4m63q2yn7muz6mx5botfk,1.14.0,1.0.2,3.5.0,3.4.1
mz6fylb7sh5335didnkuobztbvz3efah,1.14.0,1.0.2,3.0.2,3.4.2
n3mfcfr3t6oyuk4yh2yjs2cr65ctgwvc,absent,1.0.0,3.15.7,3.1.3
n6a7h3xele7zgpzeiwayvzud4vruc7iv,absent,1.0.2,3.6.1,absent
nao246sdgrhwpqjojikgntmxmxhzbpdn,1.6.2,1.0.0,3.19.2,3.2
nbpr5f6vjitzkos67ulwwhrkpuvdclnw,absent,1.0.0,3.5.0,3.0.4
nfunpudkb7v2xtugwzdqmgpe6tphojdx,absent,1.0.0,3.7.2,3.1.2
nkdgykryx2rjnfj2qw6ata3zfqydxqwp,1.14.0,master,3.0.2,3.4.2
nnaweud5mnaahdkef53du7ea3mc467eh,1.6.2,1.0.0,3.16.3,3.2
nnnbqkvkt6lxyzevcwtnk5aba5yxtkqs,1.14.0,1.0.2,3.4.3,3.3
noemwcn6krzbyc3ltrhe5zcidlmrwo4s,1.14.0,1.0.0,3.19.8,develop
odgudbsvqbpwxo5stgwmudzs4ceobq5i,absent,1.0.2,3.13.2,3.1.2
of6ftzfudifhnlsfij7hvwnsgaaoxaby,1.14.0,master,3.7.2,3.4.2
ogkeftna3c3vjd3ze4xqarqzgppgj6eg,absent,1.0.1,3.5.0,3.1
olbxfycnqatphoeftqnp2src7q3hz3oc,1.14.0,1.0.0,3.16.0,3.3.2
or6pvaidxo6sbndfqi6uk62crikudyhh,1.14.0,1.0.1,3.6.0,3.3.2
owrsmaerfvsqmeuxq5q5hvsun2jpdyem,1.14.0,1.0.1,3.5.2,3.4.2
oxl6a33e2u7qi6rhvonoykzrn6trww23,1.14.0,1.0.2,3.5.0,develop
ozky4sinudbunxek6bbq7kgm2uqe7dyj,1.6.2,1.0.1,3.7.1,3.2.1
p32ypx5c6idsbyhi63yohadvlqyl4ruq,absent,1.0.2,3.0.2,3.1.3
p5xhemtmhy55nprqavxg3rwp4eyla4ba,1.14.0,1.0.0,3.17.5,3.3
pbcbeousirbsjyjp4ao2gzu2wgclwps5,1.14.0,1.0.2,3.6.0,develop
pdyhsbhaggtvu37iwa3jw4yne6wokxv7,1.14.0,1.0.2,3.5.1,3.3.1
ptpfvwxscbh4dtsmuhwvnszfc5jzjids,1.14.0,master,3.14.1,3.3.2
q2hrus55u53x3nxjwpwbdyv44h5lpk6n,1.14.0,1.0.2,3.4.3,3.3.2
qtupvwpo4wykscj2rx5xherbcwskwbvr,1.14.0,1.0.2,3.7.2,3.4.1
qvaqrsz6yrpe62ldrrw4kfqthik25nvb,1.14.0,1.0.1,3.18.3,3.4.1
qw3vzmciasqioldbjfqhrtiowg3wwcyx,1.14.0,1.0.0,3.8.1,develop
r3kyhswojzlp66zif4mi5lwvrqljivyl,absent,1.0.0,3.4.0,3.0.4
r4j7kjwvevz3rnby7hljylsu7cehaltx,1.14.0,1.0.2,3.16.5,3.3.2
rb3ruy6oev3en7wzmjfrkdyhgtcdqp6g,absent,1.0.1,3.7.2,3.1.3
rbxmml4jaucdd27shbtuznkq4imbynnw,1.14.0,1.0.2,3.4.3,3.4.1
rcaxxcbg4ycvyqx322ca7atcrqe6lzxr,1.14.0,1.0.0,3.10.2,3.3.2
revfaealhodyvrm4rksyl4kbsdadirfa,1.14.0,1.0.0,3.20.0,3.4.1
rgwwa2f23hxb3o2tj4kbsxxcyudlhp6a,1.14.0,1.0.0,3.4.3,3.3
rikibaiu4zxay4cpgmw3gedlpybbbx4z,1.14.0,1.0.0,3.15.0,3.3.1
rlk722jiiwuf6xm5cnlvc52vf5ysbyon,1.6.2,1.0.0,3.6.0,3.2.1
s2p36xmpggzp5hvkbhpyxqi6orps2acp,1.14.0,1.0.0,3.3.1,3.4
s4pidriiv4glaamykwb3jkbfjl7ba6a6,1.14.0,1.0.0,master,3.4.1
sctqon34tgilg6vsluv4ob37kdzkimjl,1.6.2,1.0.0,3.19.7,3.2
sgigemrddlyc5ardmlijq5zbbcn727n3,absent,1.0.0,3.15.2,3.1.3
smxgr7uldrrqtdwsjj5cgu66pzxjzxfr,1.14.0,master,3.4.0,3.3.2
stfk7aokotn3wl4ox3mjg6oj53hh4tkc,1.14.0,master,3.7.2,3.3.2
supo3i6dsmsbn3kyydcdnpt5eyx4rwn6,1.6.2,1.0.0,3.13.3,3.2.1
t57q53cnnt3rrkhn6h4lq5pwgqrpyoto,1.14.0,1.0.0,3.19.4,3.3
tah43bnskrdwkb64v3oevg5cfjfosl7b,1.14.0,1.0.0,3.9.2,3.3.1
tilykpnqhl23h2c42iqwwrbubt67q2hr,1.14.0,1.0.0,3.17.3,3.4
tkjdusrtrrtcueox2ususg3qkuecr3hy,1.14.0,1.0.0,3.16.1,3.4
tpatod44kaja5n2xfsqdt4wzqgpz4zop,1.14.0,1.0.0,3.15.0,develop
ttb2lmrwqs2v274uyrxwgbx3n3vl7j4x,1.6.2,master,3.5.1,3.2
ttdkaojkwqufpykke5sxa2eofbl3v5la,1.14.0,master,3.5.2,3.3.2
ty5xyymxyqqvwsai7tg2jdhzc5cxh7qr,1.6.2,1.0.0,3.14.0,3.2.1
ufc4tayu4ody5we4olzlrxa776jcmbig,absent,1.0.2,3.0.2,3.1.2
ugxsey26bh7hx6gv7nojnmdsuxpuevjt,1.14.0,1.0.2,3.16.5,3.4
uj264g4d4kgxev6tpd3jybdq3q7r3uhi,1.6.2,1.0.0,3.18.3,3.2
v2tsrwewkqbhvmotdbxvsarfmj44czuf,absent,1.0.0,3.4.0,3.1.2
va5z4ve45j7klphmkrznmh5y5abnpuv7,1.14.0,1.0.0,3.13.0,3.3
velpvrcrpqot63eojycid6mrlgmyadqa,1.6.2,1.0.1,3.5.0,3.2.1
vrfexcpskgcx7neeikrpealth46m36qh,1.14.0,1.0.1,3.4.0,3.4.2
vwo36gee33ai7ottmrcrhdybomqo3ei7,1.14.0,1.0.2,3.5.1,3.3.2
vxg4xmbp46zdrauiixustjv7yo3odcp3,1.14.0,1.0.2,3.6.1,3.4.2
wf4nrgj72er2yycpdcpprose3rfn5lpb,1.14.0,1.0.2,3.11.2,3.3.1
wnyt2a6moy4xntyqn5f4ii4tdrzs4xjy,1.6.2,1.0.0,3.13.3,3.2
wsji2auvbiyybrr2veo2jgjsbiw7t2ol,1.14.0,1.0.0,3.14.5,3.3.2
wtdxivx4fs3j2xpk2lqhvorpz62as35j,absent,1.0.0,3.6.1,absent
wvj4ywqxwzezst5o2ddbgkso225oqffb,1.14.0,1.0.0,3.15.5,3.4.2
wyorh7gsi4pzmufsncwfcxbicwl3ulvk,1.14.0,1.0.0,3.16.9,3.4
x5cpmga5jpcgvu5333ojucbydjkrvpvm,1.14.0,1.0.2,3.6.1,3.3.1
xbz7dkvx2avunahopegktfqdwa426zhn,absent,1.0.0,3.14.5,3.1.3
xceeufvk7s7a7q3t2u2pmidd3pxmq6o2,1.6.2,1.0.0,3.14.2,3.2
xmxf62vrkxufw3fl3ezv64wmqmbakird,1.14.0,1.0.0,3.8.2,3.4.1
xo7merieahl2pwr2gcg3ec4dt56ign33,1.14.0,1.0.2,3.1.0,3.4.1
xpfda73xtdskitzi535rms2i4vduyrpb,absent,1.0.0,3.6.0,3.1.1
xquzhesw35eknjmeaxyea6xskktniqc4,1.14.0,1.0.2,3.5.2,3.4.2
xyh7rdwpszjgv4dr5ew2rs3vt5dov2f4,absent,1.0.1,3.5.1,3.1.1
ykdsfmmzlm2j7cwbqafqqcn4quyf2r3y,absent,1.0.1,3.5.1,3.1.3
ykrb4htctrqsjemc5ygmds57nb5hwxbl,absent,1.0.1,3.3.1,3.1.2
ytvtafmqtiqsskkrjrgph5x4vazvilqw,1.14.0,1.0.1,3.7.1,3.4.2
yzzajtsdoduakpsvxwi47xov3oj42qzu,1.14.0,1.0.2,3.5.1,3.4
z74fia4pd7pcr2amojsqn3ekyoc7rsbk,1.14.0,1.0.1,3.6.1,3.4.1
zbbrswr2briv5aqztf37ljsifi274dzl,1.14.0,1.0.0,3.11.4,3.3
zflffssbuucbnoxyk4wn6amezkpqbdyl,absent,1.0.0,3.4.3,3.1.1
zlniwfwsq3exf7yav4vjtugfcfguqm2u,1.14.0,1.0.0,3.10.1,3.4
ztnupzj76ehh2eyxvwgrzor4ixfgdw7r,absent,1.0.2,3.7.1,3.0.4
ztyw6unfbdb3xvv2wh6lthp3ewh7ehyx,absent,1.0.2,3.5.0,3.1.2
