,python-version,libfabric-version,openblas-version,phist-version,cmake-version,mpich-version
22k22jzgv64fufd4oed4q5at3iv55yde,25.0,2.0,5.0,11.0,83.0,13.0
22kokvopgeo2vb3xmwfuxsrx4v4mqzao,27.0,1.0,18.0,11.0,53.0,5.0
24seaga52km6eod6dzaozi7o5br3sr4d,57.0,2.0,0.0,9.0,47.0,1.0
25wwnmsib55vg4eebiwz7lr73bfgahuq,25.0,0.0,0.0,10.0,69.0,12.0
2bp4kam5gfcr6otdq5e24qwaoxw6yf7v,49.0,0.0,17.0,8.0,27.0,14.0
2ebzz5gju2l3m75eqou53eyxs2gznhhw,28.0,2.0,11.0,7.0,61.0,0.0
2icfulttytae42l2mhgmjxq6rfsugma4,22.0,2.0,6.0,4.0,7.0,0.0
2lg3a6lgzga3k2dhai2jy4354zaieeik,20.0,2.0,8.0,10.0,30.0,3.0
2nz65oc2zqilpcxwy64peffcen3vl4bo,3.0,2.0,9.0,2.0,8.0,4.0
2oizka3445czu7sz6iyxkpq43tpvgdlx,61.0,0.0,18.0,10.0,55.0,8.0
2oq7ukuckbiuudl2r74b2pf6qxps4yru,48.0,2.0,5.0,10.0,37.0,3.0
2ryzgmqca6ejupzh5lsikpbr7omuhbvx,12.0,2.0,10.0,11.0,72.0,4.0
2sjb6vvvbmymbj3mce2hmxoep2xaneph,35.0,0.0,17.0,0.0,55.0,7.0
2vd46nhvxb7vlmnb7ea7xl7ddwo64xvx,46.0,0.0,14.0,7.0,7.0,7.0
2wcp3ult7drkktfw6at6xumgnfirwjfn,67.0,2.0,4.0,7.0,2.0,1.0
2y6hckn2lbjwux3lmfz23ukcgvfq2pqi,49.0,2.0,4.0,12.0,4.0,3.0
2yn5ujc5yh6oe6anfymhntntdslpnedz,62.0,0.0,7.0,0.0,51.0,8.0
2zvzcoeu2c4pc5vbtepnaxhvohfy2hvk,18.0,0.0,4.0,7.0,75.0,11.0
32oqv2ku5cuyjt6xsx6nkfjslbzk26z4,36.0,2.0,0.0,7.0,21.0,13.0
36ynuixm54cciqoidnvkiw3qy3nwc2ga,65.0,0.0,12.0,13.0,33.0,10.0
375jhz77saudc6wj4xmrpmc2ji5ojots,29.0,0.0,9.0,13.0,8.0,9.0
3abxmxz23vlak7txs4fc7dyxxlbhve64,41.0,0.0,19.0,7.0,64.0,12.0
3djb44sxuu5cklv6mzgb5nkz3torpwjf,35.0,2.0,11.0,12.0,33.0,13.0
3ffk6vjvt7xokkyj7ea65tqd23mjdjni,25.0,2.0,19.0,3.0,23.0,3.0
3hen4yuc5zijm6v76gc3mhmwvtqk32hh,17.0,2.0,11.0,2.0,21.0,0.0
3jr4uksoucbjgv7t2ytatf5ru4te2ei3,53.0,0.0,15.0,0.0,37.0,12.0
3khpqrkwj4r2f2eeyclcivfmwaaeo74l,3.0,2.0,2.0,0.0,36.0,2.0
3ngqjbwor2xe7gmv5lngpgb6if6xsxsm,49.0,0.0,15.0,10.0,20.0,14.0
3qvhkjzpex6k3pgoic2hzcphqvwegokf,47.0,2.0,8.0,12.0,30.0,0.0
3ucwfecul3fb5lradi65fqdj7g7xsxwo,31.0,0.0,21.0,2.0,32.0,11.0
3wxi5a2frjyjurl475uzf7sule4hcsno,15.0,1.0,6.0,9.0,77.0,6.0
3ynmyofeb6kezcze33napmsni3knuaou,64.0,0.0,2.0,6.0,59.0,7.0
3z6tmv23qm4kik67gdzkdygk3ljgak34,39.0,2.0,8.0,8.0,20.0,3.0
3zzsot7nob2bu7mu4iwtnys6ndout7gb,38.0,0.0,6.0,13.0,54.0,10.0
42ne5o7eghdu4ryitu3yaslns5llwqwt,69.0,0.0,21.0,0.0,0.0,9.0
44p74mzkbafkuar2w42ndiheg2wdqqsd,33.0,2.0,15.0,1.0,11.0,3.0
45bu6at6pzp4nnmtcb3dlvucq4la5npt,41.0,2.0,16.0,16.0,64.0,13.0
46wygwjksifvfefoypojafaibkyqzbt4,37.0,2.0,11.0,2.0,80.0,4.0
472phk7tk363zhdf77vrby46q57vlest,56.0,2.0,6.0,10.0,48.0,2.0
4dakfry2yerbg3j4vl5rsklt7krijpig,61.0,2.0,14.0,13.0,17.0,4.0
4jbihoqczdmx5il6mjy7iiksqptprybs,29.0,0.0,16.0,13.0,60.0,10.0
4meaou6pwlru7vyv4qp4nr5tmfyjlevy,14.0,0.0,1.0,6.0,59.0,11.0
4mkrdvx34icr3mbc6t7vwj5mx6ehx6rz,30.0,2.0,7.0,12.0,29.0,1.0
4nt4tvd5k3tutcqohdmmn752cyvhu5rd,62.0,2.0,12.0,10.0,74.0,0.0
4o5dlylcyiccaxdvbmutjgvdepelbpqy,12.0,0.0,7.0,13.0,57.0,8.0
4poaghagzhcprqubpyelqtyeof5imce3,56.0,0.0,1.0,9.0,32.0,12.0
4vjvjjulpiaqq3fariltc7cvgszfmewm,11.0,0.0,7.0,2.0,25.0,9.0
4w2s4o36b7nv5gbctd4xxwmwwmvcekcb,6.0,0.0,17.0,1.0,66.0,9.0
4wsxodpyf6fxrp3iwg2p2ctipb3mmc57,7.0,2.0,10.0,10.0,10.0,2.0
4ziyrpncgj2mustqrm2mzia4af46kkaa,38.0,0.0,9.0,7.0,20.0,7.0
4zxn4n4ibzbvgjygr2itz45dcwtkrihi,45.0,0.0,2.0,5.0,8.0,11.0
53w7662vgomoxox7uytfoj2oic3uzlno,0.0,0.0,15.0,10.0,18.0,7.0
5hkugitwzdctxgkvm2gf7ld67lm47ls3,67.0,1.0,14.0,0.0,22.0,6.0
5ixqvv5k3injadpjhyoomxp3yo3z2kzx,11.0,2.0,11.0,3.0,27.0,1.0
5jqvm62npohywjxunkobvz5ztwbnnhch,32.0,0.0,11.0,10.0,38.0,9.0
5lqattlb7wmo7lrhln6cvqz4jg5k6va6,10.0,2.0,21.0,11.0,28.0,4.0
5mc3jpgajt3zyihqphxngrnsp6235gz7,3.0,0.0,0.0,12.0,4.0,10.0
5mgxhcvj7e2gixyv4bylzri4mqesapfr,26.0,1.0,12.0,9.0,76.0,6.0
5oatm46ezfjibtwx3jmjvvjgdtpyuh4c,20.0,1.0,12.0,11.0,5.0,6.0
5q7vswqqyuyjmkfi3vl5r5mb4ttcildk,65.0,0.0,3.0,13.0,83.0,7.0
5sq2odwf6qpz6nwv33lcwysag42f3sfe,35.0,0.0,12.0,12.0,66.0,12.0
5wqqk6tqixyvx4dnhmincqxopnxihwmw,59.0,1.0,13.0,12.0,52.0,5.0
5x5k4kzlfugjxgz32bvpwtpx3hyvka57,23.0,2.0,7.0,8.0,27.0,1.0
65e2wtwqmoqjfdx5fyogjly5uu5nyvjd,9.0,0.0,16.0,4.0,81.0,7.0
6a6c5rw7xf2q6yls6pjte4kojvfbadmi,52.0,2.0,19.0,13.0,28.0,4.0
6fwip3oyeadcy2y5ffbo4y7e455pa3fy,15.0,2.0,20.0,4.0,12.0,13.0
6ke4silbioq7kgov465yuj24zixbz3fw,48.0,2.0,1.0,5.0,71.0,1.0
6ncrixlvwzqx3b3eav4pmfvgijmigd7a,20.0,2.0,19.0,5.0,17.0,3.0
6nyc3b2d43waaqagx23bfw4ftanggwqs,11.0,1.0,20.0,13.0,59.0,5.0
6oy5yrpn6hfezpnv5wmp43edpellsu5c,17.0,0.0,6.0,13.0,71.0,12.0
6r7aye65difrbftuzgqcgg37iljj3o42,14.0,0.0,17.0,13.0,70.0,14.0
6z436whejv6k3dzlil54u7qcath2ees4,15.0,2.0,9.0,5.0,3.0,13.0
76bfm4ibddjk473xzzxqya4a7x5pmxoz,25.0,0.0,14.0,11.0,24.0,9.0
76zh33itdsou3tlb6bhwvhbs7ck7bw72,25.0,2.0,0.0,3.0,69.0,13.0
77jaj4uq6ywj3u6oyqmdeycn7khlwhqx,65.0,2.0,7.0,12.0,71.0,1.0
7dg7czgok7dfo5a7j4j6a6pyzbctnysq,10.0,0.0,3.0,8.0,11.0,7.0
7e53hwbz75ouhizuwc6n4yz5jvi2h2yn,7.0,0.0,20.0,2.0,32.0,9.0
7fceag6mvpzmhnuqhfgt4oeifv52wg2g,55.0,2.0,0.0,7.0,74.0,1.0
7kf7admmc6bb4hdb6dugkbcfftyqyaqp,49.0,0.0,16.0,12.0,71.0,14.0
7lynwjutpt5dfqc7kqjcgroi6trrcmya,51.0,2.0,10.0,4.0,23.0,2.0
7mhre6yd5akli46s5cfwcm5wnxcmkfhb,1.0,2.0,19.0,9.0,16.0,3.0
7rcamq5i62k6q3njmof6m6cw63p2qbcu,31.0,0.0,20.0,5.0,65.0,7.0
7t6wg3t7tm5dkhvpt44q4aqok2nsuz2t,33.0,2.0,0.0,6.0,7.0,1.0
7uvd74lsnupwmxyadnsy674l6xxt4nwp,30.0,1.0,6.0,13.0,38.0,5.0
7uy5l6ro6xvtnfn3hf3okhcpxfr3rt2m,51.0,2.0,16.0,3.0,38.0,2.0
7xm7nim5do42qatx2vzddsdftedvours,49.0,0.0,0.0,13.0,8.0,8.0
a333w3fsrngtin773v7ljm5xihr7vbko,46.0,0.0,21.0,9.0,41.0,12.0
a3mxs4lt7poywzhkdts3aubv6ueqpm66,69.0,2.0,14.0,2.0,16.0,13.0
a4kp663y5tzk765rwdry4tfgafjxnz6t,10.0,1.0,19.0,5.0,41.0,5.0
abfvefuhj2burcykabuy23ugk2swbfh3,46.0,2.0,15.0,13.0,41.0,2.0
aemzspuv5rpqy5pwpmdlxh7zeiw744le,21.0,1.0,20.0,13.0,32.0,6.0
aigxm34ihpmzzkiesmjkxfpeg7rkcxfe,17.0,2.0,9.0,8.0,16.0,1.0
amvgt72vu2tucqrblrpsjrnvwl5xoayb,26.0,0.0,3.0,6.0,19.0,9.0
anuh2jzz2pmoyeqjhmvarh6ggppsemdl,34.0,2.0,20.0,6.0,42.0,13.0
au362xfm76mf44422rmn6hc35y7x34a7,41.0,1.0,18.0,13.0,12.0,5.0
avg3m245m3nvqe7tecxyfwn3ocopyvef,49.0,2.0,18.0,4.0,42.0,1.0
ayqfg642jhozupdmnxbzqojitpuxvzlr,67.0,2.0,7.0,13.0,81.0,2.0
azstwykr2hpa32klneqf2gvj2ylcbfbh,29.0,2.0,16.0,13.0,36.0,0.0
b224ovjwun6hb36vjuafydhu2qh3gqeh,68.0,0.0,11.0,8.0,32.0,8.0
b2s7g6mgampwymka5zm7ydfltizn44tl,32.0,2.0,7.0,9.0,28.0,4.0
b3gvofashmqcv53rh3hh24hjojevl366,17.0,1.0,20.0,0.0,40.0,5.0
bckdxnhfzl6zq2owpgcmdbeemxvw6m5t,63.0,2.0,18.0,9.0,79.0,13.0
bdpw3dfjr6fcsdsyzvku3glap7yqgc5k,36.0,0.0,10.0,8.0,10.0,7.0
beghtg4vtmx3hfxhlnfavcqo2gel3rod,37.0,2.0,20.0,6.0,2.0,2.0
bkm6h3qp6pmqscmevng54gvyqgurgvcu,9.0,2.0,9.0,13.0,35.0,13.0
blf4rlvn35zqvgappoty622ef7fvg6qw,45.0,0.0,0.0,5.0,79.0,7.0
bntta7kk7p5vrk5v6en42zuske3ej3gn,46.0,0.0,19.0,11.0,9.0,8.0
bnx6zdhym3kwbqpmydy7jq43v6vgr3g6,28.0,1.0,8.0,2.0,63.0,5.0
bohtp2n4frqxe57tmufq3ptur6fhzwqw,16.0,2.0,3.0,3.0,1.0,13.0
bov4dagrwyl6uzik33bw2tct3m77cyin,44.0,0.0,5.0,4.0,65.0,12.0
bty33py6fx5bukx2nc7uz6tg54uvenhy,61.0,0.0,1.0,12.0,40.0,7.0
bvkybbnis3bnqygthxb7tn22wbwtrlzo,43.0,2.0,14.0,10.0,33.0,3.0
bxvv75zmxvaanl7bu6g3eppr335f5ugn,9.0,0.0,0.0,7.0,48.0,7.0
c2kycv5r2kdki4gjikza3jkxsygeyiwp,5.0,1.0,2.0,8.0,1.0,6.0
c3xuehwrwvklak365drwecmo2qxhiiry,42.0,1.0,20.0,13.0,2.0,5.0
c7hzyjppsz677j6adpts6huaifiwwl7u,33.0,1.0,0.0,0.0,1.0,6.0
call7swwsebntdobzh3w5gmwysvlzzh6,39.0,0.0,19.0,13.0,72.0,7.0
cdx64mrbk2ivr5b57dfqzwoipbdinq6g,17.0,0.0,18.0,1.0,80.0,14.0
cech66tcjj4iusfgd4ni5a23aauxpaed,4.0,2.0,21.0,0.0,50.0,2.0
chswgliyrmaoetzxxenvuhuyfzul2now,65.0,0.0,4.0,2.0,60.0,11.0
cjhgrstim5lfdkur362ryvhoxqhs6xlk,9.0,0.0,8.0,8.0,7.0,12.0
ckgcbpxk6xlverf2ddnpleazkpjwvla6,46.0,0.0,2.0,13.0,25.0,10.0
cluw3lmaqlzuxpvbbwvvyfjgkhadtsqh,55.0,2.0,3.0,0.0,56.0,0.0
cmq6vphebfqe75vbgq3uxxmihp5bj27l,41.0,1.0,2.0,12.0,71.0,6.0
cnpi54tvt6vmzwewkz2xcqqpgmjnhmof,44.0,0.0,11.0,4.0,40.0,12.0
co5l5ulw6h6yo2gmvzolr55t5lpk57qw,56.0,0.0,21.0,10.0,71.0,9.0
co5x45idvritoklfsxnnh6quycjjng44,46.0,2.0,12.0,13.0,68.0,4.0
cqteg5jiztelq5oosj6qhsve5hfqknnd,5.0,2.0,8.0,1.0,2.0,1.0
cqwtenjpam7bmcydokec2k3x3ugcotor,35.0,2.0,10.0,10.0,26.0,0.0
cqyudkns4r5emut2ldjuixd2b2cbanzo,53.0,0.0,9.0,8.0,10.0,9.0
crdqs2yoncrrgoizqudywqg2fut3stqb,36.0,2.0,16.0,9.0,39.0,4.0
cvlnfjrobmzizmqr62yoh6en4a6py5w2,54.0,2.0,8.0,13.0,18.0,13.0
cvqru4pculp62aosiknwaddmq4lif55b,42.0,2.0,15.0,4.0,29.0,13.0
cyso24wiagdcul6vf2q5ocpcmnhf6fgw,35.0,1.0,2.0,13.0,58.0,6.0
d2t6qdljrc6bdkt4dkpd3w7jlbuubbm6,66.0,2.0,4.0,4.0,83.0,13.0
d55yzieybe3jh2duetfx2boer7kwoqn6,64.0,0.0,9.0,7.0,68.0,12.0
d6fuatgozsljzb2b4gj3j7g3e2m74ixj,43.0,0.0,10.0,3.0,11.0,12.0
d7u7mtzzqlcbd5yjnfw2ehwdkl6barcs,14.0,2.0,12.0,13.0,79.0,4.0
db55qaw4omjsalud6nsygpy3wjxiwvmu,12.0,2.0,14.0,4.0,46.0,2.0
dela6mfaucynwyrxlajzmzoucwxotf3y,35.0,2.0,11.0,11.0,29.0,0.0
dfohlnufvzziavigwqkuoj6gcejsvijc,11.0,1.0,14.0,13.0,37.0,6.0
dicrr4vmmldfmbskrfncu3cjhmaeemhe,43.0,0.0,2.0,13.0,67.0,12.0
dk2tcbhbj7ka27rph3klj7xlhipt4brj,12.0,2.0,12.0,13.0,3.0,0.0
dmgr3nk3kcv3ctqur27lt5kg6l7d5wbp,24.0,1.0,3.0,13.0,41.0,5.0
dmi52ebcsdesg22sqxwbinv4ebagkp5s,25.0,0.0,13.0,8.0,79.0,12.0
dmraho3x3lozdmbjd5ah4e7ovyvwjpfd,39.0,2.0,7.0,6.0,59.0,13.0
dnoan2i3vxw2k4zoohfgjcuxuz4z2vw5,67.0,2.0,17.0,10.0,76.0,0.0
doqob6uvrqp577po6wt3zkl42wk5iaxj,9.0,2.0,3.0,9.0,6.0,0.0
drqskdoux22gjfpideb6v45q6mqyizko,66.0,1.0,4.0,10.0,63.0,5.0
dshddomza6jlm62vgmmkpimnfu5fzsgn,60.0,1.0,14.0,8.0,61.0,6.0
dskouy3vo7q23x4vg5rwxl3w5n263uqy,49.0,0.0,9.0,3.0,61.0,9.0
dtq3dcm3rqsu7spum35cniijgovjw6t6,31.0,1.0,15.0,0.0,32.0,6.0
du2ki6au2g4m76b3ezwysyknqynflymc,50.0,0.0,9.0,8.0,61.0,9.0
duthhmp2iks3ryekc6noxkdsq2k4m2ig,45.0,2.0,5.0,13.0,0.0,1.0
dxe4kuuypeevptjekbv7b5mfoaxhc4o6,0.0,0.0,3.0,0.0,49.0,11.0
dxepv6tdobgx3pgdkneae3tyyyx3pn6k,23.0,2.0,16.0,11.0,56.0,0.0
dyhrzagsiuqnznwdq43i2o5t2sv7xyc7,1.0,0.0,13.0,3.0,18.0,12.0
dzdkmvtc7huusffpdddaf727fldvfwea,58.0,1.0,12.0,12.0,26.0,6.0
e3plqaqcab2otz66mloivcqmzu7w6jok,22.0,1.0,19.0,1.0,84.0,5.0
eadjeri4pugpjbxoxnyh4peyotlvbqho,21.0,2.0,1.0,16.0,13.0,13.0
eetk4z26c5ihrkxkjaodu7uc6fwlljjo,56.0,2.0,9.0,11.0,44.0,0.0
efpso6s2cuemjp4vipj2kpcmbutz2alo,22.0,0.0,0.0,9.0,69.0,8.0
elwgfk6dqwh3qzmpgfz3n22qh2rhquo7,12.0,2.0,8.0,11.0,82.0,4.0
eu3ce46rfh2rempyrpo4ezi2j3zpufct,69.0,1.0,19.0,1.0,32.0,5.0
eu6mql4chr45xt25vmszqkpylju6vfoz,59.0,0.0,9.0,10.0,56.0,12.0
euixuizw4zz63psle2yvip3escr3bmft,20.0,0.0,7.0,12.0,51.0,11.0
euuu26v4hh2xbv4czxgc33jo7y3tt4p7,49.0,2.0,17.0,7.0,82.0,0.0
ew2zbypf6tbr7vqmuwwhtvpgmhylscpe,44.0,2.0,6.0,13.0,75.0,1.0
ewdbslg4cgbibwzlz73psc6haj6pc2hz,36.0,1.0,17.0,8.0,62.0,6.0
ewpxfxganb62xlw7xw6us4xmdjrjpuau,11.0,0.0,1.0,4.0,32.0,10.0
f5hjt7x364yk2ntwxxbxieuaunpp2aem,23.0,0.0,17.0,13.0,38.0,7.0
f7ifamowxr5nunoygw6h57wpss26ipuu,50.0,2.0,3.0,6.0,43.0,0.0
fcvxcra734lrcehefmxjnxwgahkmd4zb,31.0,0.0,14.0,10.0,15.0,12.0
fpgsyhxdtp4gh7g4clkkexg54cg4vl3x,54.0,0.0,16.0,3.0,79.0,10.0
fpyyssp6syh4arsywdvsm767fhx6txa4,57.0,2.0,7.0,11.0,29.0,0.0
frlkrdvb46dvu5nbkrrjrgcityfugh5r,42.0,2.0,12.0,4.0,45.0,2.0
ftsx5k45imipwfjgtgv7oj7snmuaat6j,55.0,2.0,5.0,8.0,84.0,4.0
fuwlz3lqd6m5gxcynamuqjrowqseqqga,7.0,2.0,20.0,11.0,17.0,2.0
fxewxddl24eaislheol7shkfvfhmyvgb,7.0,2.0,15.0,3.0,82.0,4.0
fxgrnzpyl2dwfidgmpvv6mscctzzdogj,48.0,2.0,20.0,7.0,51.0,2.0
fxuf5zectb475jcixoec7it6v3hbfc53,68.0,0.0,4.0,13.0,14.0,11.0
fyuf7wqmczukmkwhsgldmkhs6lwbyg6n,15.0,0.0,19.0,9.0,15.0,9.0
g5qublnd2dojfw6lagjllwr4k64zgyn5,30.0,1.0,10.0,5.0,13.0,5.0
gandeialsdjahjqjj5ydyq2w7d5kygwz,30.0,2.0,11.0,6.0,35.0,3.0
ghoblchfow4psralghpdvgzgcc5ekml2,50.0,0.0,10.0,13.0,81.0,10.0
gkftdkfrbsmeeezviubvvszaneha2aif,22.0,0.0,14.0,12.0,70.0,11.0
glugp2gvao4asse34zef4d3xfeo446ec,12.0,0.0,0.0,3.0,59.0,11.0
gousjmi6czmnnm33lheoqdooatchijyt,39.0,2.0,5.0,10.0,24.0,4.0
gqv5cb77drnpty5dh6gfohewsmhofoc4,29.0,2.0,14.0,4.0,73.0,3.0
gr66qckmzdyzmkgt6bmtbdfftcczu26w,16.0,0.0,16.0,13.0,76.0,12.0
gwayb3xnooxtkczv7q3ke6acdrjwkblx,30.0,0.0,6.0,7.0,38.0,10.0
gwu2molkznw55nso5ey4i3m4axzwug5h,37.0,2.0,14.0,12.0,18.0,3.0
gxf265eg2wjlpixnlcifdozy4dzsw2y5,17.0,0.0,2.0,6.0,1.0,12.0
h2yhftvwzwz3aqubwp4h3ioqiv7t4oid,61.0,0.0,8.0,2.0,33.0,10.0
h4eyxkkkkzabe3jfiev3acet7l7mncyv,62.0,1.0,12.0,13.0,51.0,5.0
hf3q67gdbb4r43vdsutafj6jfyxuxbfz,31.0,2.0,19.0,13.0,62.0,3.0
hgknxq52ohg2hefbuj3zomzdhr264ahi,0.0,0.0,15.0,2.0,76.0,12.0
hkm2wbihapzacfe7gkviq4dx6qzwpwev,35.0,0.0,0.0,0.0,7.0,10.0
hluluughlxa5bzvtlq746uxfgx2zulsy,19.0,2.0,2.0,13.0,56.0,1.0
hmves55dyyyj34rb4vctcrxeha5vcze3,45.0,2.0,8.0,4.0,83.0,13.0
hraljljexdtatc3o3m4qastaafnkqeqs,20.0,2.0,13.0,4.0,12.0,3.0
hrwxrcdf7uu6lrfxxgztbrv555a2xh4i,41.0,0.0,14.0,12.0,35.0,10.0
hvvlhfakjptj7enygqtwm2merz5wgmu5,49.0,0.0,6.0,13.0,78.0,10.0
hxzqsbuk3mwfnr3dz7xyon7byhwktlz7,63.0,0.0,14.0,13.0,78.0,7.0
i5snmv7qn7rah26rar6laigfavaivgp4,52.0,2.0,5.0,11.0,73.0,1.0
i5uv5jj6o64t3e5cycfh2gn2j262evwj,13.0,2.0,17.0,6.0,13.0,13.0
i7spmey52i2tikat6cp6zostgnlhbykv,16.0,0.0,4.0,6.0,51.0,12.0
ib7eypft2isvqyrsiiwfqv6poexv3hnr,28.0,1.0,15.0,4.0,68.0,6.0
idy4wgvivfv2fbunv63c5ysyjm7i7ywv,35.0,0.0,3.0,13.0,52.0,11.0
igjwgo2vk4neuq46b5vwvkysrxrufyxt,46.0,2.0,19.0,11.0,7.0,2.0
ii4yhdam44d2iypnbeufx6cl4x63la43,48.0,1.0,11.0,5.0,2.0,6.0
iptoaoj5ac46xrnuyarisq2f4xb444tr,31.0,2.0,10.0,8.0,11.0,1.0
iq2apr4is74vnf6udva2bhwr7vleilbl,65.0,2.0,13.0,13.0,63.0,0.0
iuz5ifw62w5pkmqj2pleiqmzobjbsuib,5.0,1.0,12.0,4.0,7.0,6.0
iw2ljad4t63yrexl24xne3mf2s5h3qgx,59.0,2.0,4.0,8.0,6.0,13.0
izvtoeclgy2e6se7o3elhqwghr7qufri,50.0,2.0,2.0,12.0,57.0,0.0
j5s2fbv22n4vsst3lu3gigvifyk3nuiw,33.0,0.0,3.0,8.0,40.0,7.0
jdsndfrvjxc5nkcavvdvbswo4owrrwpp,11.0,2.0,6.0,13.0,48.0,0.0
jjjjx7ndqpcmqlyb7ygjy3wjne23yqck,39.0,0.0,6.0,5.0,40.0,7.0
jnlggmxbuhbvfkigamzli4lzs7faphip,48.0,1.0,7.0,3.0,22.0,5.0
jomyug7lpefsd5zb3w4frdbwlame47s4,62.0,2.0,14.0,5.0,22.0,0.0
jpbrgmhp2t37wwk2os3j2fkc4akf75u6,66.0,0.0,5.0,4.0,41.0,8.0
jqpzv2zaudzfrm7con46ltr25csmzwyv,23.0,2.0,12.0,12.0,31.0,1.0
jscnqwistegbqq5aa3hcmnbisha7joio,57.0,1.0,9.0,0.0,20.0,5.0
jt7gc3lwsqmdv7qq5ondeog73fqna35w,68.0,2.0,9.0,10.0,2.0,4.0
ju6xwagdzjwdshfuznklrft5tegat4n4,49.0,0.0,0.0,12.0,3.0,10.0
k6uebwffz44vq4wue77xro52lswy47g3,43.0,2.0,17.0,3.0,39.0,2.0
kekga4fe4ylqueiv7ximsjdr2blu5me6,49.0,0.0,0.0,6.0,38.0,12.0
kglist3khb52q6emdoumpwjmaxfi7wr2,64.0,2.0,14.0,10.0,53.0,3.0
kks5r2cyzondirwyhylnnkzc6xgunqmu,23.0,0.0,13.0,13.0,76.0,8.0
ksse73paxeqzg66bxok6jx3fipucis4e,65.0,2.0,5.0,13.0,24.0,2.0
ktncvtobws6fhcajsslp5yvs7mlsbpvk,43.0,1.0,19.0,0.0,41.0,5.0
kulmqzslkfng73ezkieif2htns6zltnh,40.0,0.0,2.0,6.0,39.0,12.0
l23b3pqdvihmvjuwnu7npc6pc4byzqin,64.0,0.0,15.0,9.0,18.0,9.0
l4lwenli7hangecs4z6qrxlgntr2hs44,9.0,2.0,14.0,3.0,64.0,4.0
lbis65w62pbgcivkeecfyyn4ug6pe3mn,32.0,2.0,19.0,5.0,68.0,2.0
lda7cksqsz7nkbp3s5apmlwguo2fjk2s,17.0,1.0,9.0,8.0,46.0,5.0
le3mgxvhffd2bjys267oj7yeovsxpy52,36.0,2.0,18.0,7.0,64.0,2.0
ljsyoqf6o4krlyfmfbwdkddylryh6cuw,26.0,2.0,2.0,3.0,58.0,1.0
lpapsbhnydko5sddaz3vpgasq7plls7i,48.0,0.0,18.0,13.0,14.0,11.0
lphmln656nztms2fwl5dfua4p4nthmxd,62.0,1.0,17.0,13.0,25.0,5.0
ltqtmqgw3ccnvp54bfi2j5vlums7k5vl,50.0,2.0,17.0,6.0,59.0,1.0
lutswxsnhtgrrzig5navlbpdx5ubjj3q,61.0,0.0,15.0,7.0,81.0,11.0
lz52q2qfghmjviryxu4bey7uz36uexdb,49.0,0.0,4.0,3.0,41.0,14.0
mlcnob2bwgahigqwdpcrbsqnqw55mjdy,31.0,0.0,3.0,4.0,8.0,14.0
mnw547kp3dolzxs5gcfmmtbu7uikqmsj,2.0,2.0,0.0,12.0,82.0,3.0
mtsh6onxyg2d2e4avuhiceg7emul47ru,64.0,2.0,21.0,5.0,16.0,13.0
mysurkxnmgchud5eniirpr6hqpzo35dq,41.0,2.0,5.0,13.0,28.0,3.0
mzu247a2nn43zmnlvhlyyykv7pcin7ze,34.0,2.0,0.0,0.0,0.0,4.0
n6ze53pogjx7im66brmmvdffiopdhtl3,28.0,2.0,15.0,10.0,16.0,3.0
nbf7spffsalbhjyjrtblbklb62l5ct65,67.0,2.0,1.0,8.0,18.0,2.0
nborjheg2jqyfzmek4aiijjasd2u6osb,22.0,2.0,20.0,8.0,30.0,4.0
nef4kddbpxrbtpusxkzlutprvl6qwjkr,59.0,0.0,19.0,12.0,75.0,8.0
nf5e4xa6d2pbz5ujts5a6ygchtvdsvbg,19.0,0.0,16.0,3.0,25.0,14.0
ngqmihf6nbv5mwl24eb73yi3ipgth37r,63.0,2.0,9.0,12.0,35.0,3.0
nhngkhf26vfa7nyuxrloulknmtxqpjf7,23.0,2.0,21.0,8.0,11.0,2.0
nj5r5mb7lvzzmonl4fzcy4fjb6q242uu,14.0,0.0,7.0,9.0,64.0,7.0
nkvsd5ri2kqwlslfmklhcugviuz4rws7,66.0,0.0,8.0,8.0,82.0,8.0
nlv3gpee3imxscmorj6qca6xv6eagywy,19.0,2.0,0.0,1.0,80.0,2.0
nmwby2b7qkft7r5t2f366aigkzu2u2l3,65.0,0.0,17.0,4.0,53.0,12.0
noquftl6qxlmpzk6ikweogc3yganqhy7,57.0,0.0,2.0,13.0,56.0,7.0
nqbanr6yu7mlb3z7nb5zlldonbgzubsp,61.0,1.0,18.0,5.0,41.0,5.0
nugcazuruhfkq3jrghfaruvoyzzd3lbi,36.0,0.0,13.0,9.0,35.0,11.0
nx7hzqualq3o5hhvexd3tas5ydgunqeh,15.0,1.0,21.0,10.0,47.0,5.0
o4havdcueblbvosbv2rpkeavjuo7p6i4,27.0,0.0,11.0,13.0,73.0,7.0
o62goaeexpnfclyjqophf7pxbh2rcot6,23.0,2.0,4.0,11.0,19.0,0.0
oawkfgfy677wa4kbdyojzrmnrob7ddw6,61.0,2.0,21.0,0.0,38.0,2.0
obhsdqrizrzzoz76xssdx3i22h5j4v2i,27.0,0.0,6.0,13.0,54.0,11.0
okg2syesapodj42acrqkc5ajedxtp57e,36.0,2.0,9.0,12.0,49.0,13.0
op7vfnlmf2t2crinacagk4k4wu4gij4f,6.0,2.0,2.0,13.0,17.0,4.0
opbwqq7b4jhghohpppse2vdbaivi6mzh,65.0,2.0,11.0,8.0,60.0,1.0
opgb7oi3wuhkgcawodjjxz4ggxe3m5ws,67.0,2.0,3.0,12.0,66.0,2.0
oqxkyhtvcnpw46w6hp2iuckbbxirdyqa,40.0,2.0,4.0,5.0,57.0,3.0
oruued4ivfpy5l65r6anx7t7oicw5id2,51.0,2.0,15.0,7.0,78.0,3.0
ot4u2bmhxpbbrfrefezybhdk66gifeqm,9.0,0.0,20.0,7.0,75.0,11.0
ow2inobjkprttf5lgrigitw4wf5kaak6,29.0,2.0,9.0,10.0,32.0,0.0
p4r5yxwhpfwqryf2fmhq3uhhwwhlfyx6,9.0,2.0,9.0,12.0,64.0,3.0
pa6rmazqr4o62s4mu2iu36yozmvl7gae,0.0,2.0,11.0,0.0,13.0,2.0
pac7djxfmcslp37bhb2u27b4boiyncpi,25.0,1.0,0.0,13.0,58.0,6.0
pai3yaqfyl5ebn73xcne6xivyxhiqdqa,33.0,2.0,2.0,0.0,45.0,4.0
pbs7iao7nehkvpzwyk2twxg63hhb5svi,51.0,0.0,4.0,13.0,40.0,7.0
pcrtrtm3e4q65lhqg7hz6tob7m6asbah,53.0,2.0,8.0,8.0,36.0,0.0
pcuktwnogdnb54mofebebavuxzjn63e4,3.0,2.0,7.0,2.0,55.0,1.0
pdagbmy2yioddm3kw26s76shs2ezyasq,14.0,2.0,5.0,11.0,48.0,13.0
pgykkvxp4kcyhdx6p4cbotdqvd66qeto,26.0,2.0,5.0,10.0,70.0,0.0
ph3r53vkhwiopthb52sfsx2hyh6v3ylg,67.0,0.0,10.0,7.0,43.0,11.0
pi2fqfaltqzewaeqqrzq7x7itd4wzhuy,61.0,0.0,0.0,9.0,48.0,8.0
pinzg4bjb6hlrlr7ehywklx4c6rhgcmc,23.0,1.0,15.0,12.0,50.0,5.0
pj6hdyedxn7xyduuatmg6jd2fu3e5jd2,9.0,0.0,3.0,11.0,69.0,9.0
pjtj2vuzbjrkqndp2sfa5o2a67ow2m73,44.0,0.0,7.0,9.0,75.0,8.0
pkntbfapu3zk5zsjkeburkfcy7trlzhp,30.0,1.0,1.0,8.0,31.0,6.0
plsqkjfuxjkxpybc7gspi2iwfzt6d2sh,16.0,2.0,10.0,12.0,26.0,2.0
pmknhgi66pjer4f4yfol6hsavb3vu3ll,24.0,0.0,14.0,8.0,7.0,8.0
pqdgpvhmg4drsx6ynjmhccpbjstjujnv,54.0,2.0,16.0,5.0,17.0,3.0
pr2chpthxt5yze3b66vc47m7wx76jhj6,19.0,0.0,17.0,9.0,20.0,8.0
pr5fy22cg57cf4es6t335f7c4hosgwah,34.0,2.0,10.0,6.0,8.0,1.0
q6h3wcudgdjqr2mz7fekukan3yhu2haj,4.0,0.0,1.0,5.0,19.0,11.0
q7acjnesaq3hbg6y44hwvxykd5ma5egz,23.0,1.0,18.0,6.0,25.0,5.0
qb4xycob3g3wxngvuoxdougalpl7lnfx,52.0,0.0,7.0,2.0,37.0,11.0
qeevpinkugldxhsxr3bickx2ihizvdlw,50.0,2.0,1.0,11.0,3.0,1.0
qfg7gitseuuj3jx6mtbkd2owxyt4mhkk,25.0,2.0,7.0,13.0,27.0,4.0
qgrifyo5hmfylquzda7xektsexnavn4w,19.0,2.0,16.0,3.0,26.0,0.0
qgtk4rncojmxdef3fpf5fyj47wbbqwdx,18.0,0.0,3.0,0.0,69.0,9.0
qispzauswq7hr2w4kedmdghpt7e45flb,60.0,2.0,11.0,11.0,43.0,13.0
qk4uuka4nsref2re5z5yhz774bo3bhnt,42.0,0.0,4.0,2.0,40.0,9.0
qt4opmdyo6qdntzmffww6zq2ve4o7fx5,22.0,2.0,10.0,13.0,72.0,3.0
qucnwtpxwpmxwuc27y37nt5fh6wzdkkw,11.0,1.0,5.0,8.0,74.0,6.0
qxnd43bnavgv3meku2t7l7242u4nehs5,47.0,2.0,13.0,1.0,43.0,3.0
qyqawq7m3bu7vcikqmzrvjqne4l7njcy,21.0,0.0,20.0,1.0,66.0,11.0
qzdmwvkqgpna7wkxa42dtl67gloq5tyo,9.0,0.0,11.0,13.0,4.0,10.0
r3hcrdptl5f3e6bdggwlvay57y3mctfr,12.0,0.0,21.0,3.0,33.0,10.0
r4sgh6pn3tfyxq3aooo7kk4no5ptbopk,12.0,1.0,1.0,9.0,65.0,6.0
r6dj4es6cejins5fecto4lqhth6k2qku,14.0,0.0,10.0,6.0,39.0,9.0
r6nksenzuzc47fpxnpiedvs76lxlhr67,11.0,2.0,14.0,2.0,63.0,1.0
r75hdr3pklwd7hdweebsqi7d7rzg6huw,20.0,2.0,19.0,13.0,12.0,4.0
rcgslrwqcisbsidxcu37hre5xuawujb3,29.0,2.0,21.0,7.0,3.0,1.0
rhxmoprrcytn74kmmo3pv7uz3455mcny,38.0,1.0,11.0,13.0,56.0,5.0
rhym3ahh5kz3xbyhsi7z6xf7n6d6gznw,14.0,0.0,8.0,0.0,80.0,11.0
ri3lko6blh33wb3wdzhe7znikpvtwvbk,21.0,2.0,21.0,4.0,59.0,13.0
rjxe6qma3ywtc76je7uaw4lmn5c3bdxk,44.0,1.0,5.0,6.0,62.0,5.0
rk4hn7m4rv5i635f4dtvbwb45r5cdixv,24.0,2.0,5.0,11.0,83.0,2.0
rmjwifwmuzgdefdxfk4mpy5mdscwddjf,17.0,2.0,15.0,11.0,21.0,2.0
rmreezccl7uznazmbllisytqxajvhug3,34.0,0.0,13.0,4.0,70.0,8.0
rtp72thobhdampgz35hhhoxdhdspwoi5,36.0,0.0,19.0,10.0,26.0,8.0
rycrsl43s3qzwt5d7eiw2mngnjb2r6in,45.0,0.0,6.0,4.0,13.0,9.0
rzw76ib7kwffefkahe436nlykwmerw6b,58.0,0.0,18.0,1.0,53.0,8.0
s65wrhzc5ayrod3wnpru2rwh37chrwif,64.0,0.0,20.0,8.0,33.0,12.0
sccm3q4oll7vxabzlq3zjms4zrsswesi,37.0,2.0,2.0,1.0,16.0,4.0
sipaxjj6it5cjrl52mq2x2qvptkznmio,25.0,0.0,6.0,8.0,13.0,11.0
sja2m5ms66h3gukldnnn3yfp2c36lnt5,25.0,2.0,3.0,2.0,18.0,1.0
snq2pu4ae75xtwva4tllpn4mf2lithh4,34.0,2.0,13.0,2.0,15.0,2.0
snzhso2lxbcosbysd4rab7jfdrsxthgy,10.0,0.0,18.0,4.0,8.0,7.0
sqtvdrtw2vsljdsb6hy2iathbr42npub,65.0,1.0,19.0,8.0,59.0,5.0
sv5zh5nke4zgdjrpopp3cib6cqyriggm,52.0,0.0,18.0,13.0,72.0,12.0
swknyleomjsguvnbnbu5e4mjhmgsxfs5,11.0,0.0,7.0,13.0,19.0,7.0
syqhply3twfcqtryx7un4r3ntmus5use,59.0,0.0,2.0,10.0,47.0,11.0
szvkybqkx3jj6q464kx5q2ooyxa5dvnu,29.0,0.0,5.0,11.0,10.0,10.0
t4fxbb3ykuouih4fzssa7cjybt3pm6os,42.0,0.0,5.0,1.0,72.0,7.0
t4v66ruwpreysxcxjmym7y6hyaqtueeo,18.0,2.0,1.0,12.0,16.0,1.0
t5xb5xoltal3sr6newrh7hrvr6q62mcf,62.0,0.0,3.0,7.0,7.0,12.0
t6afkydxkicjvbxkwgivu5pfvx2m7gmj,64.0,2.0,21.0,13.0,81.0,0.0
t7m4gpu5sogy54ikpd4th7wdd6elpwuj,17.0,0.0,17.0,12.0,84.0,12.0
taiyfvajzhkasc7zj7cbxtbxxdm6tnyq,57.0,0.0,3.0,5.0,53.0,8.0
tcg5hloahngp4nonzjsmotaan7pqqinr,18.0,0.0,10.0,6.0,48.0,8.0
tfoiqpmqv7fk24htyomjlepm67iosex5,56.0,2.0,5.0,12.0,54.0,0.0
thpcomzf63ocqlat462xdqv2ppudv5xd,65.0,2.0,15.0,0.0,21.0,2.0
tm7hhtds4h4ixmqamag7g66wlttm6azf,39.0,1.0,20.0,3.0,16.0,5.0
toyocqcmvit7w36wp3q7s4ust74yndam,56.0,0.0,15.0,8.0,79.0,7.0
tphptu5lrngdv4g2epjophe4xfwzz7q3,7.0,2.0,4.0,5.0,1.0,3.0
tq5rxsqtzs7k5sc4xrbowdufftcdmbj5,67.0,0.0,4.0,7.0,21.0,11.0
tqpeho6fzqxpk3oeh5cot7lubtdxwiho,61.0,2.0,16.0,13.0,62.0,1.0
tucfzdjkuj5kemllwjxaenikoacfjbev,51.0,1.0,10.0,8.0,39.0,6.0
u4bvp2owwugd74n74nnu5uvzoov5vkt6,68.0,2.0,4.0,4.0,26.0,0.0
ucnncakhi3uzudjfhw3fjyyqhcipjn7h,29.0,0.0,3.0,2.0,76.0,10.0
udkdfjci6n4a6ss7jxq7gbso23oakpfj,28.0,1.0,14.0,10.0,78.0,5.0
ufcrq6senx6olawwjkybnmcvee2t4ysd,27.0,2.0,9.0,3.0,61.0,3.0
uiahwmpq4zl4s4dsznjizzxflbm6q3es,14.0,2.0,7.0,8.0,1.0,1.0
ujputgs22hovq2lx5q5lch5thaqruein,37.0,2.0,16.0,3.0,84.0,2.0
ulqtr6opjq6xnd66qqfqka5ej3ltjmca,22.0,0.0,16.0,1.0,10.0,9.0
uslailj43m54rhqxqql3bjyauqr6rx4f,23.0,2.0,15.0,8.0,16.0,4.0
utnotn6svkunjbbxsdwlyhxr3md2xush,56.0,0.0,8.0,10.0,35.0,10.0
uyyf7q75grnir3rlpr53uvhap62cvdfj,44.0,0.0,12.0,10.0,71.0,12.0
uzzpt6fc6mtceft3cn5yuzrmgarmpx7n,12.0,0.0,8.0,10.0,36.0,9.0
vabgjpexp4jzt3hxz5wjyxnkvjm2bdev,21.0,0.0,19.0,9.0,44.0,9.0
vdcbtocnak4kyr6g37j272g2ltecyzuh,35.0,0.0,17.0,9.0,0.0,10.0
vfdp752p45mg2qv5ojbb24psxj4uhscr,28.0,1.0,19.0,8.0,8.0,6.0
vgcw7m3cx67hgggnzotxpgt37vcj423e,4.0,2.0,9.0,0.0,22.0,0.0
vhazij4kyqierxpiaub3nfx447qw5cu6,10.0,1.0,17.0,13.0,72.0,5.0
vjux7qvxgmkzz5ua4vvfrwucnoltzuso,57.0,2.0,9.0,12.0,16.0,0.0
vkmggxguc54p2k4zievo2gqzwjbyuak2,20.0,1.0,1.0,8.0,59.0,6.0
vljlugg7fhab3ci64c4r2lqiespw65xm,15.0,1.0,3.0,9.0,84.0,6.0
vlmuuo64xxab22umykcv3qhe7evxrcfj,4.0,0.0,0.0,10.0,6.0,11.0
vlyjdrih7db3kxklk624inlzptbbq52n,56.0,2.0,16.0,4.0,3.0,4.0
vnhiw3znwhhugfb3esl2p42wejusdhmv,15.0,0.0,9.0,8.0,4.0,9.0
vopeta3t53pfyy6xs4t6xzckrammj5wn,52.0,0.0,21.0,3.0,50.0,12.0
vpdxu2agb64sk4nnpt2wsyygdp4huvx2,14.0,0.0,7.0,10.0,7.0,9.0
vpinkp76jybygtbgutcxigemsg4fpsvy,34.0,2.0,3.0,9.0,7.0,3.0
vrkdmfihdj2umgx5zxeie76a773kj5nc,64.0,1.0,4.0,4.0,3.0,6.0
vrptbfupr5oqypa5ntn4pweym6qheap7,37.0,0.0,21.0,6.0,3.0,12.0
vse5gmxnudhnmwi43ilizegcbboz5e6t,43.0,2.0,13.0,12.0,84.0,4.0
w4dsatutfqde4dttgodyc3hxibc2e25f,29.0,0.0,16.0,0.0,73.0,12.0
w5ecaeq2mtuyfyjkfkfuaspfh75u7an3,49.0,1.0,18.0,4.0,4.0,5.0
w6kkqeh5aqa2pj7vgid7loxgtkmcjodv,26.0,1.0,19.0,5.0,81.0,6.0
weveptcrvgqqjrxk2vvkizmcjua7et4v,39.0,0.0,11.0,13.0,83.0,9.0
wf5toprrqa7zxqlf3cltixctznvjvrzy,47.0,2.0,12.0,10.0,15.0,3.0
wf7otpsos55bj2ps44xpnpu2knwoijkw,57.0,2.0,1.0,5.0,78.0,3.0
wg7criuutkwmmyf2oyi2crtgy45rvsqx,36.0,2.0,14.0,6.0,35.0,1.0
wkut4awhhglv65uwwhop7mcrf7trorhp,68.0,2.0,17.0,5.0,24.0,3.0
wl6xp72m34j4j66jox4ovkrrxl4fg2xf,20.0,2.0,2.0,7.0,28.0,1.0
wl7aeiydb4v7j6thz5fayojjevqiezmi,29.0,0.0,20.0,2.0,50.0,10.0
wm4sxa6o4aghy3syu2kahr5d3hv2jx6i,22.0,0.0,10.0,9.0,71.0,9.0
wm7zpjtkkfheusgd5pwlnlxeifejovgb,48.0,0.0,17.0,1.0,9.0,9.0
wp3alpjdxvqi26rfpldrmzxf5uuiwrkg,38.0,2.0,5.0,13.0,75.0,13.0
wq4cy2fkljly3ausvtdmq5ejbq2to6pa,36.0,2.0,4.0,0.0,27.0,3.0
wslo764vs3jssftbtmxkk6lnp2szv7pd,39.0,0.0,11.0,1.0,26.0,7.0
wsojvzlkgsumjhiuhdg52ieiexii7zoj,14.0,2.0,14.0,3.0,41.0,2.0
wsqjxrbhrpb5uesnn2ojiv7za32lmwsy,32.0,2.0,6.0,3.0,82.0,1.0
wtq4d63ky6nw4lkc5sabpxqvmzjxtxre,55.0,0.0,8.0,4.0,7.0,10.0
wvs3i7ennaeqpnihvvwdgfvustaw6max,58.0,2.0,6.0,4.0,2.0,13.0
ww5pnsymccbr77vqd2ysjf7yslceixw7,65.0,0.0,4.0,4.0,26.0,8.0
x26uj3wtpotcy32xzv6vcwsambhmqatn,10.0,0.0,17.0,10.0,11.0,8.0
x44vde5wir4g7napewmxwjffuymyogak,22.0,2.0,15.0,4.0,16.0,0.0
x5rimliilpojz6hoxzely3r6a2fizh4z,20.0,1.0,4.0,6.0,65.0,6.0
x6vqogtxdwxmbyvtxrjaa7axnnewbgix,44.0,2.0,7.0,8.0,17.0,3.0
x7fglfcniubzcrz3cxrg4fblni2zki35,6.0,2.0,14.0,2.0,81.0,2.0
xa6b54cm3zcp3fxs6m74ohryeh3rajgv,68.0,2.0,12.0,11.0,17.0,13.0
xakwib2g4ssz75k47dcz23hrx5fc3wsb,17.0,1.0,12.0,13.0,35.0,5.0
xbayzof5johbxosg52qxaylwy2rup5se,18.0,0.0,7.0,5.0,10.0,12.0
xddbyqg5bt5fg5kry6ffvq2sqsi2onur,45.0,0.0,11.0,12.0,30.0,12.0
xeoelulpc5gds7s73jremkkv46uslx2l,56.0,2.0,10.0,9.0,20.0,13.0
xfjccjeoanqfr7ve2dnse2g3qjgkcipc,33.0,0.0,14.0,6.0,14.0,9.0
xgv4xccfgu7y3lt54hh3syjek3xwd3xo,27.0,1.0,4.0,6.0,63.0,5.0
xpespmswxqfmffqomhh3g5gaaiwcl7sw,40.0,0.0,3.0,7.0,49.0,14.0
xrldoflhzetologphvuseqdpovoj3kz5,16.0,2.0,19.0,4.0,19.0,0.0
xsele7w6urlae7wqhdx3e6xlafut2ubj,34.0,1.0,15.0,9.0,67.0,5.0
xsgedfm7v2xlq5pvoy76zgjjgjtoacda,48.0,2.0,3.0,4.0,62.0,13.0
xsutn2iid2g7xmpssnmwppiszdtpnusy,68.0,2.0,14.0,13.0,76.0,13.0
y5hu5woyqqqketjfkq3bz3quip66xzic,16.0,0.0,14.0,5.0,72.0,12.0
y6uv2myuflb2bzqdpxnbov43cwoghkjf,49.0,2.0,14.0,4.0,36.0,4.0
y7mn5jjk5thgbigskwyfukqtx7wb7ato,16.0,0.0,15.0,13.0,53.0,8.0
ya62rspb3fks6apoocn4huemtbxjbymm,33.0,0.0,3.0,12.0,57.0,11.0
ye7qefonpwhsltpmuf72562diepxvmq7,51.0,2.0,19.0,12.0,81.0,1.0
yev4d7ezt7eosq7jmp7ndpkmtyi4zc7w,37.0,2.0,19.0,8.0,43.0,2.0
ygnvi7emxeaxjnt6ovgtcfdd7lzcimdn,65.0,2.0,9.0,12.0,4.0,1.0
yhbrlkn2p7l7cbgxd45axbhgn7zrwyv6,44.0,2.0,6.0,8.0,32.0,13.0
yjuh654cl63fqai25lwbzqdh46rgfovt,15.0,1.0,17.0,12.0,24.0,6.0
ymb6767ftrhuujvyzcc65yeh3v4vqzll,68.0,0.0,18.0,11.0,27.0,10.0
yqpqjjnvarwpvusg5bpdoqhqnl36csox,52.0,0.0,0.0,6.0,77.0,11.0
ywwsqnx3oqxhkegkb6tms33tjxkyjul5,23.0,0.0,15.0,9.0,79.0,10.0
zakfk3232jjp2drmdr5unx22sovovlap,59.0,0.0,10.0,13.0,30.0,10.0
zens3ugfeyhp3bxebuxif4dvsvwtvd7q,24.0,2.0,19.0,13.0,39.0,2.0
zilhs5lgfzitaun2kafvd4ihx2tf6jen,17.0,2.0,21.0,10.0,74.0,4.0
zlto2g3uldpqlenjasv3j4iayqbhytxh,13.0,2.0,12.0,10.0,79.0,13.0
zplzackinto4j4rvxhditcbtgcmq5hfs,40.0,2.0,3.0,12.0,7.0,2.0
2ah5jnllbgh34axtqcxaqom443rgdfmr,9.0,2.0,10.0,6.0,43.0,1.0
2b4dyf4pxj5dgp6nqvoztdfhtpgf5knq,0.0,0.0,12.0,9.0,47.0,10.0
2fqivogtlabnhjjget4u34ok74xfb5gm,14.0,0.0,9.0,15.0,79.0,14.0
2kk2ul5k23tnfkyps3drcvuunnhtdo5b,63.0,2.0,13.0,15.0,44.0,2.0
2lat2xl4lxui4m2aqekazavnelzofj75,55.0,0.0,12.0,16.0,8.0,7.0
2lpltdpyniwjllg565w3foiqxho3jjb6,29.0,0.0,5.0,14.0,71.0,11.0
36baayw7xzk3gfcfb3ovp4ue27zpw4ho,36.0,2.0,11.0,15.0,55.0,0.0
3dmobe64kwyyfiuw4afaeuhnijyylide,53.0,0.0,2.0,3.0,71.0,9.0
3mbnrfmeq6y4rtigvovl4cvgs5d4vkgu,47.0,1.0,4.0,15.0,28.0,6.0
3qjkbdko6kf3ccpq7byacnsobskzxryt,5.0,1.0,20.0,11.0,50.0,5.0
3sl5hy2pmqwrc7baeadeeoyxpnz5xjiv,8.0,2.0,18.0,5.0,82.0,2.0
3x7d4o5n7yqwq2q7uyg7o3suwzrq6urx,49.0,2.0,2.0,14.0,65.0,4.0
4dzylmfd33bbwkad6rciwletml4zmxy6,4.0,2.0,19.0,5.0,38.0,4.0
4qmjzupvc4rfieignzzxryl5cqy7bjh3,41.0,2.0,0.0,6.0,19.0,3.0
4t6tg5bgnoxgqufzmh6v5tfc5rom7wl3,0.0,0.0,5.0,7.0,68.0,7.0
56hbbqymvyjof6cpef57r67efu5xgk3z,51.0,2.0,12.0,15.0,49.0,4.0
5gzsdswulquntr6qcbvuyvjbc6vis6kw,3.0,0.0,20.0,5.0,60.0,9.0
5xnq5ncpqe37fjqbt7qn7f34vowowk3n,8.0,0.0,2.0,5.0,26.0,8.0
6hiz3pu6lpxvnsryfqkfnw3rdeqlw5lf,34.0,0.0,17.0,16.0,29.0,9.0
72do2tuomr3svkjcis5inpgxy6eswv67,17.0,0.0,11.0,13.0,80.0,9.0
7apel55wzhvgb5d5t54b3p54j4qqw2np,8.0,2.0,17.0,15.0,42.0,4.0
7ddjpqoa53tukqmjflwqxmgupnyswwco,4.0,0.0,8.0,13.0,68.0,10.0
7ix6jhjmfhv6nz4k4mkshgxdkosjdkni,35.0,0.0,11.0,14.0,42.0,10.0
7os6vml7rcddgyluwibug46fzrgdegxs,56.0,0.0,17.0,16.0,28.0,11.0
azomftthpwdlykplntm5qpfqyrwkj3lg,19.0,2.0,12.0,16.0,50.0,1.0
bfjzmrjabxnncsqlclxkl6kpftcnlczd,30.0,2.0,10.0,14.0,25.0,2.0
bgawvoqku2lrpn6dvwumf4xppcj6gtdj,56.0,0.0,1.0,16.0,52.0,11.0
buflblomrjwgeuvawlbjmyzi7wttfcaf,15.0,2.0,2.0,16.0,69.0,1.0
c2s47aypfxsfped7jtxqalnvtbfkq5hb,28.0,0.0,17.0,16.0,18.0,8.0
csqzwtwksph5grwewokbmrntjqcunngk,40.0,2.0,7.0,16.0,5.0,1.0
cw473cvcckext6vmoxnywp6yhxk7bnml,6.0,0.0,4.0,13.0,27.0,11.0
dcdipbhuad4ucwctknf2vj34hnc6cg2p,19.0,0.0,19.0,15.0,57.0,11.0
ddulhjwriemtx5fxtknpveziv7ytlz2k,61.0,0.0,13.0,15.0,39.0,11.0
dm6aj6tmihwqax7yrco5lh3ja7nseqdf,6.0,1.0,21.0,8.0,29.0,6.0
dq3xvbvzdg2uwnovmtub6a4wbdkg3ixu,47.0,0.0,10.0,16.0,60.0,12.0
dssnqlnjiiz42vhfvlkhwckyumxyyvjx,19.0,1.0,19.0,16.0,73.0,5.0
e3pfwkpc22nbai3lignxrzcvopygezzu,28.0,1.0,6.0,16.0,0.0,6.0
e5xrp2lnjb3tco2ixmjpldhrda3za6sl,11.0,0.0,20.0,16.0,18.0,14.0
ebexgwkfh7lhvthksaf64b5iaq5fh7se,63.0,0.0,16.0,14.0,22.0,10.0
ei72n5kfvwpv6xtqgqy6n2msjjplpwx6,3.0,2.0,21.0,4.0,28.0,3.0
ep2xqoltf3yrs7ucvzdki5xllspxgtvn,53.0,0.0,0.0,14.0,6.0,11.0
er54pqe46qjd4i32ygd2hcbupbrb5xpr,11.0,2.0,3.0,16.0,65.0,2.0
evpqx5jrh2yohgtopww3uovm6evdje2a,8.0,2.0,13.0,10.0,78.0,2.0
eyws4jz2tsu75lggmkq42kr24df5sc4s,46.0,2.0,14.0,16.0,31.0,3.0
f42cad5vpyq2sitiwpfyhf42jlbir45n,55.0,2.0,8.0,15.0,62.0,3.0
f6lsi3bbinlicpzn2vw32rjc476sexks,27.0,2.0,19.0,16.0,30.0,4.0
fa26srhiqbluqr6cd3yvogpjk6n6npxs,25.0,1.0,18.0,16.0,43.0,5.0
fmmmbme2syckszocaaj23tppotltmixa,11.0,2.0,20.0,14.0,28.0,2.0
fsmjsj47omhp2ye2gibjkdeblrjkhsza,8.0,2.0,10.0,12.0,57.0,2.0
fxh3b4royp7ij67k5q5xfrl5tzsbxxuy,67.0,0.0,19.0,14.0,60.0,9.0
gcfsxjclb6ymfwh5trlvk4dxsf66g34o,0.0,0.0,19.0,6.0,51.0,11.0
gki3ldhvw72hiydgd2sgs33dzjkskb5s,65.0,0.0,0.0,15.0,23.0,11.0
heuyn3n6viwgleivmf5bttipdhmvz46s,31.0,0.0,13.0,16.0,81.0,9.0
hhstufonwsgurffsvu2z24wwumbrdelo,64.0,0.0,13.0,15.0,48.0,12.0
hj47k73wva4ogueadnhkpnvh47dy36fe,35.0,0.0,8.0,14.0,65.0,11.0
hxvsx7gzzteazypewtw4oubotdw3xv4k,8.0,0.0,19.0,6.0,40.0,12.0
i5tjthu4arqkqcwuc5nhgxsiov5setgp,5.0,2.0,12.0,16.0,8.0,2.0
iq2cqyhdy6osvghnomnckku65eihhq2k,23.0,2.0,4.0,16.0,10.0,2.0
iqbwx6doqjzo6ifkmfd2dzptajavuklu,35.0,1.0,4.0,16.0,34.0,6.0
j3fzyn6lh5be3itg6jjzw6rqpdbpy33i,26.0,2.0,17.0,14.0,27.0,2.0
j7zal2ixboewldi3telwt2zwsvkudokd,36.0,0.0,18.0,14.0,39.0,9.0
kgukuq5mql3vrhezzmebelccd3gzjrzq,8.0,0.0,19.0,16.0,27.0,8.0
kigvflzc3sfw34hzey5jr34k6wf2aqx7,34.0,0.0,7.0,15.0,16.0,8.0
kznyulehg7yqmhtudhijqpo3xxeldnmg,20.0,0.0,12.0,14.0,49.0,8.0
lfhlxbxkw2v2c5ck7flucwbnelzzaygq,43.0,0.0,20.0,16.0,34.0,12.0
ljucxbwsxtnspihapwjodt2kmhl6axgu,47.0,1.0,3.0,16.0,30.0,6.0
mak5mi44r5rr6xdc5hoxqad4ylx3hkyb,64.0,2.0,0.0,16.0,60.0,2.0
mc4vp7j7pwte23ifkevmog42ayom7lkg,6.0,1.0,13.0,9.0,57.0,6.0
mccu4oar3abrvuxocal4pht7qjzje5cz,3.0,0.0,11.0,6.0,55.0,11.0
mf2pbshnw7srd5lkanf3evyry6tavn2x,6.0,0.0,12.0,6.0,35.0,10.0
ntfa24sqdrdytl4ybo2jjfuzsyi34m7i,14.0,0.0,14.0,16.0,63.0,10.0
o5i5lnqrapvkzisyv24puakp6n4txsgh,59.0,2.0,9.0,14.0,80.0,1.0
ogo35vw272xfcprcb5sa3mpmdkkcgoh6,10.0,0.0,1.0,14.0,22.0,8.0
p6nk6kkacpbvolrs3cxoo5stdn4gmi5r,8.0,0.0,19.0,13.0,14.0,8.0
pbsnfgt3656yv7rzbnssozh7sck47yub,19.0,2.0,17.0,16.0,66.0,4.0
pfaw2r6kmtmzlnyw7ojback4m5mue2df,45.0,0.0,19.0,15.0,50.0,7.0
pfbrm7bncf4yzzys6hfcasezxq6ptbt3,17.0,2.0,1.0,15.0,60.0,1.0
powaj64y4uvcabhtg4yo2avkhrtxegs6,44.0,0.0,14.0,8.0,80.0,11.0
q5sabfqelp4yot7mv53cearo4a6oxml6,37.0,1.0,19.0,16.0,64.0,6.0
qaglp3aonbetfgjolxk7o4bh7ua4f7nn,26.0,0.0,18.0,14.0,25.0,8.0
r4e565bly3d2mbmttihcqujyacwvrzew,14.0,2.0,1.0,16.0,68.0,3.0
rdechim7yu7ziq4st464cq7fmt3mjkuq,44.0,2.0,4.0,16.0,28.0,1.0
ri3sw6oqprggk27m25phvlefcdfessbr,45.0,0.0,2.0,16.0,33.0,8.0
rlcl4tcka2hncikg5mnjr7lmuhm5mvmy,44.0,0.0,21.0,14.0,63.0,11.0
ryismkashgtdu2kxpnz3uuhqgwfldhaz,53.0,1.0,17.0,15.0,1.0,5.0
s3te7lnnoujzqepqnql6mn2qfd4kchwd,49.0,2.0,6.0,14.0,81.0,4.0
s7h44fjtpodvtdpfjnewkdd435vtjrov,5.0,2.0,3.0,4.0,38.0,1.0
sfiglx6tkpvdfwwcegae7tyz2z2ryczf,65.0,2.0,20.0,15.0,27.0,3.0
sgrsbisrrzfaqvhe3bok3vm7azgr247g,45.0,0.0,16.0,14.0,3.0,12.0
sni63ocmam672h4w6anhbdr5mx6nvo2g,7.0,2.0,19.0,16.0,63.0,1.0
snlgt7sbw2iidhlxpsxoofnkbma2fl5l,59.0,1.0,8.0,14.0,2.0,6.0
swlk6em2jshivukzwoakk4hkuu4ovxvu,56.0,0.0,18.0,16.0,16.0,11.0
swomafukrmjqap2g5svltvlkre6eael7,17.0,2.0,13.0,15.0,46.0,2.0
taetxzhwnpv5vzsjyue3jrimz3ag2mdd,6.0,0.0,7.0,11.0,47.0,9.0
tcykevuiouls3s3rq5cb3waoeixalesr,54.0,0.0,4.0,15.0,52.0,8.0
tgcmpl6jns2svscx3jnuqj33c5tilf2e,23.0,0.0,3.0,15.0,3.0,8.0
tkvffkomymbjck2kalf4kjgopjkk3ala,46.0,0.0,14.0,15.0,63.0,10.0
ts3tw3esdca64r3p3ffg357iuj7hqqj7,1.0,1.0,2.0,11.0,34.0,5.0
twmxiqxh2v6ixtcfx54hpcxievylewms,59.0,0.0,14.0,15.0,6.0,7.0
u4ezpoau4hrk4evuwm7v6fcshfmj4rtg,60.0,0.0,11.0,16.0,51.0,9.0
uhznalnzedjaset6s3gvbeb3x5bauvrh,30.0,2.0,5.0,14.0,5.0,2.0
umnhfbsval6lam6fejgjd47fham6eoqp,25.0,2.0,1.0,16.0,9.0,1.0
uq65tc7a6pd5jsrtkftfbo7l2zkc3oyb,8.0,2.0,16.0,9.0,63.0,13.0
v3amwoxcjyyrvp6po2k3cbf57pyenuyx,65.0,0.0,16.0,14.0,60.0,8.0
vhhdjszeuie6qektqru6sqvjoxhs3ikt,15.0,0.0,19.0,16.0,44.0,10.0
vio4shhyprml2wsrjprffolcncxobmqq,8.0,0.0,12.0,12.0,0.0,11.0
vkb5soebed3s2inqrc6x5u3xrwi2zlnc,0.0,0.0,21.0,16.0,61.0,7.0
vpnkxg5gzv6i6wpqfis2x5sljwsscky7,8.0,2.0,17.0,12.0,56.0,1.0
vq4sxjqomedbp7xz67j2zlixx7enu4mv,23.0,2.0,19.0,16.0,5.0,0.0
vwhsxgr7mym3juv2yxxyd6jqdtiizqip,44.0,2.0,17.0,4.0,80.0,4.0
vy3quyflztgfkcn6j75rdhqss5oucnah,32.0,1.0,3.0,13.0,0.0,5.0
w6ybkeo7gbzzam7li22d5g5qgvpvh3y2,46.0,0.0,4.0,15.0,49.0,12.0
wn6r3h473nu542qfzgo7tfw7rvgtxa67,15.0,0.0,21.0,9.0,80.0,9.0
wrlxhwutnrcvpy6xqri2zbpo2qvalymn,49.0,0.0,12.0,14.0,8.0,14.0
wvrztuu5jgqglzobwfvvawjhkg52ctaw,54.0,2.0,14.0,16.0,24.0,2.0
x5omkmhsgztghfu662kten3zq3mosziy,6.0,0.0,9.0,9.0,30.0,9.0
xfeuferrvzhawvruvgk24rrbncsdyrjh,56.0,0.0,10.0,15.0,62.0,9.0
xoxu4p7mkecq3nuzuizddzdop2bknfpz,66.0,2.0,15.0,14.0,29.0,2.0
xzxjy4v4rnkcijvlgq75doa6k4mxkvkf,37.0,1.0,18.0,15.0,10.0,5.0
yexdwh5volrt7kl4pinoalsbgybks4td,8.0,0.0,11.0,10.0,22.0,9.0
yfmg4ukqhctut5l7mqwoce6qvzkoninf,29.0,0.0,19.0,16.0,65.0,8.0
yho47fgkmawigk4juwn3x46d2ihuoitl,40.0,0.0,10.0,15.0,72.0,7.0
ykkwnvhahzzpzagfykvwu62umxhu57wm,56.0,1.0,14.0,13.0,4.0,5.0
yo4rowqjdkrl7bnmh2itv7qgpsqjnl3h,44.0,0.0,14.0,16.0,73.0,10.0
yrfoejot4qch6pl2kmoooiapaj3xgbyk,29.0,2.0,14.0,15.0,79.0,1.0
yzls62ef6zngnb2av4vorzoas7nepwhv,5.0,0.0,12.0,12.0,41.0,12.0
zd2pacim7ehm7h77ce3mecjfqnxvvass,62.0,1.0,6.0,14.0,55.0,6.0
zea3zl3qnkf55iypmwbgqlj2xpgeitzu,4.0,1.0,18.0,15.0,79.0,6.0
zfkslktuql6s5mxdc7ncphxknxnjqqo6,51.0,0.0,5.0,15.0,31.0,12.0
ziglijfnrlywt4gpd4wyq72pkplaxhts,63.0,0.0,18.0,16.0,66.0,10.0
zmag565gtb7mbwipkmkrvjlv4lny33cc,28.0,2.0,12.0,13.0,80.0,1.0
