,plasma-version,cmake-version,openblas-version
24rzp3zy745j4vgm7dcv5yu52laotpgx,20.9.20,3.19.0,0.3.4
2ef6dg4dnttvhbqwuke3qdsjb4ty742i,21.8.29,3.17.5,0.3.14
2jctcevef7lxdaslrce3kfbk423ylvrp,18.11.1,3.19.1,0.3.16
2mz5a44fciop4mdga7mefk2aqmnvackq,17.1,3.17.5,0.3.18
2qcvlyvj4gxcdtruacf4d4qv5utfei72,21.8.29,3.15.3,0.3.9
2r2bi5dk733rb3bx6p7vv2jspzqt3qgz,17.1,3.9.6,0.3.14
2ruxkgkis7ps72sjo5etfdqdt2zgfxjp,21.8.29,3.19.5,0.3.8
2sfx6ffazj6m427igga4rmlhlimpwnie,21.8.29,3.12.0,0.3.12
2xeujpa3gwb3oibvldxxe5qijrh52yha,19.8.1,3.14.5,0.2.15
2yf2lncovrwmymzuuqpjsuejaglbuatg,20.9.20,3.18.4,0.3.18
2zulco3huq3ccmo25xcvymrxwqtdvmcm,18.11.1,3.12.0,0.3.10
32hkwhoxsiwy63nl2r2cjzv6mxxbzdas,20.9.20,3.11.0,0.3.18
37enuv6jn3zix2sc76mllpql7d4pk44p,18.11.1,3.18.0,0.3.14
3bu2r5xvyyr27qgdu45zp76nz5sfbtcv,19.8.1,3.16.6,0.3.13
3gbxroczrfmxv4uzlo2o3agq7wwqw5v2,17.1,3.19.3,0.3.17
3gzq24trf6ffcpxyl374a5w4hxsrprhq,17.1,3.19.0,0.2.17
3mz2ntfqkm665c2zk43tsvr5eoy4brza,18.11.1,3.17.1,0.3.8
3nyxukztln7fmmvj3xiapowxxfcsp64x,18.11.1,3.20.0,0.3.16
3pso5duoyix3zqivlrfyiview2mvphi2,18.11.1,3.9.0,0.2.20
3s47nsk2mj3edfikxkmmeg5pnb3nqdps,21.8.29,3.19.7,0.3.6
3szm265plo6s4f5vwykbediyxf4tu5nt,18.11.1,3.20.1,0.2.17
3zvvuwzzbkmy5te4viqk4cdljjhrnsef,19.8.1,3.12.1,0.3.10
422q473daka4qtabgviqym2tp4gv4yge,21.8.29,3.14.5,0.3.12
427oglwkxu5vwqi6bpah45umsynr5jf2,21.8.29,3.12.4,0.3.16
43pql6hdkmezsriz6dqsqmv36hs4rt7m,20.9.20,3.20.3,0.2.17
47e6iqfd2z2wyr37dpd3xheqxypkl4ok,20.9.20,3.15.2,0.2.15
47htg4ulqhg2c44rqib33edefck24dzb,20.9.20,3.10.3,0.3.18
47rbiljymsim7qh6bwugigtycjwag4uw,21.8.29,3.20.1,0.3.5
4e32ruyowxpwtryg2pts7s6mclxj6wgz,21.8.29,3.19.6,0.3.14
4jsiuq3g2ld5zhoswsoeo6ekgzqrt3i4,19.8.1,3.16.9,0.2.16
4kk4mjh72irsdhq2mf7va4gz7swjmwnd,21.8.29,3.13.2,0.3.6
4metk3oxe2r5v4wa7vmp3e5dg44lyu3i,17.1,3.20.3,0.2.15
4mrj7fq6rzpxw4aq4iaka7ntxnfhhm2u,17.1,3.13.0,0.2.16
4oee7qvbkbya3bzq2hdpkuxx7rsdk2bz,21.8.29,3.18.3,0.3.17
4tdopmruakf4rcup6jssmpxsenewlfoi,19.8.1,3.9.6,0.3.17
524ypysnk6y7y6ea6jhsl5hgtmqxi7jt,21.8.29,3.15.7,0.3.18
52qtsa7ldji2sbweuiil4la7oxk624tg,18.11.1,3.13.1,0.3.16
542ustdvmyhncrxwgd2ic2ztdvvusct5,19.8.1,3.13.2,0.2.19
545c7hm7x4ojp3rt75vxf7sw6r3mj24o,17.1,3.20.0,0.3.15
54abu4wux5ubwbqq2rxdo2xjgzmg7ahw,20.9.20,3.9.6,0.3.16
564ejckokj3jsr3rsaruvfzeilxuaxkc,21.8.29,3.14.5,0.3.5
5a6kdmyx6pxhfelbgimfs6ecnxo4ljas,19.8.1,3.20.4,0.2.20
5czy5qrpibn6euqwvlt2ggojjqbi26qo,17.1,3.12.2,0.3.7
5gpdl2yjswjotthlln2ot62azc62stxt,18.11.1,3.11.3,0.3.14
5hdiu566sdacxvk4hnijbca2xtxsqerx,21.8.29,3.10.1,0.3.18
5hfwxtmznqpg2eam772z6u6j4tpmuuv4,20.9.20,3.17.5,0.2.20
5lfysndnmlics6czfalqfe6qc24qvzd2,18.11.1,3.18.0,0.3.11
5n5mixkqtaeul5klnyk6u6rzehed66jd,20.9.20,3.20.0,0.3.8
5pfauaae3fjdshpztz6cbo5xcap7447i,20.9.20,3.18.6,develop
5pg2nmla242dx4gmaqwnkn2kxkyopv3f,17.1,3.13.4,0.2.20
5rw2caduch6w36svv2lh62bjmya24yzf,21.8.29,3.20.4,0.3.18
5sgnaffy6en5y4titvpfflkjzjhu3ofc,21.8.29,3.15.3,0.3.5
5wejv54vrav6dhd7ixb6logcbv4pxlge,21.8.29,3.13.4,0.3.11
5xc3ltcip32avv6kg42fylq7qcicisof,19.8.1,3.14.4,0.3.14
66b4eqb3ck6go7hawpzkaldaf6mglq2l,21.8.29,master,0.3.17
6bn6ac4nvgkna6c2lisua7zawmj46suk,21.8.29,3.16.8,0.3.14
6bvx27khruedmin6cbwd4mlqc223un7s,17.1,3.9.4,0.2.19
6krjwjmj3vkukva5qntw4pkxc4vv3qpd,18.11.1,3.9.4,0.2.17
6mbrz32gys55hvdle2ynchretfx45lcc,19.8.1,3.17.4,0.2.16
6pla2tdmob7fjglcbm6dp7srojdbeho2,19.8.1,3.11.4,0.2.19
6rblfgp5t55fn4ofwffgxgeddeccv7r3,18.11.1,3.21.1,0.2.15
6tvrsxu6hnsaidzq4an5zakvnrekqdsj,21.8.29,3.17.1,0.3.4
6wuc5wm7ofkobbveou4uom3feofrdtyr,18.11.1,3.19.3,develop
6y3bytnemnzr2uv6tahyru46kwkdnjt7,18.11.1,3.16.7,0.2.18
6yuverpjxnui7burc3vxkrmaxjy5d672,18.11.1,3.16.7,0.3.9
6zezafzlmsinny2upfschfb4dmpjhw5w,18.11.1,3.18.1,0.2.15
73ca2ghna2ckzcp5dywdld33ektyoy7j,18.11.1,3.16.0,0.3.7
743mx3caoes7sia62cvewg4vjom57rs3,21.8.29,3.20.3,develop
75yzstw2r2xdm3xqxwhyom3zecaetg6e,18.11.1,3.22.1,0.3.7
76h4i2gakj3a35zxbniiwnba3skcfahf,21.8.29,3.10.0,0.3.7
7amhq6r4swjfsaual74d6jpy2oxwix7i,21.8.29,3.16.7,0.3.9
7f5b6b76h7xpd3ljv6mfvlkdklfcs26w,20.9.20,3.14.7,0.2.19
7gayuwu7a7yhign3qvhvpezaxflqpip5,18.11.1,3.14.4,0.2.16
7wclqbtwypt4xks7tktrgbkru7fmnl67,21.8.29,3.22.1,0.3.10
acqzutymikydvpob4cpo37dv2h44vpgy,19.8.1,3.20.3,0.3.16
ah3xvdcswtxn5j2xryg2d2u47gfqfhmw,17.1,3.14.2,0.2.17
aqnwq73xm7y23ypcvfxbm5qzcnwhqnnk,17.1,3.8.2,0.3.11
ayyjumlupn5kbwb65kaanhi7vjmvgkpk,21.8.29,3.21.1,0.3.6
az7lyve3cphcrvvjexnbebpizemaisq3,17.1,3.20.2,0.2.15
azieoj6v7stanxegvy764uutx6nqdkul,20.9.20,3.19.8,0.2.19
b2ekwf7fi2r6layhwj6p4wgpjdhumq3z,21.8.29,3.12.4,0.2.15
b5dbuuw3mf2ddmgcsgbhn2vinjxkupo3,20.9.20,3.20.0,0.3.14
b62i6hslji53j3tap65xvwccsrxfkjbn,20.9.20,3.17.5,0.3.18
b6zhpkdkdupgkldxr2ceabphe3r3c2fm,17.1,3.5.0,0.2.17
bekj2zv77iew47vsvziwr4v7nm4as27o,20.9.20,3.17.4,0.3.17
bg534l4shvryyh52clhrqtvv6xe44kos,21.8.29,3.16.3,0.2.20
bhkbtxtq7x7yf5oyd4kwjtccygooq4sd,21.8.29,3.17.5,0.2.20
bjjm56x5kkxjg2yxcyb7arz5qqjagb2y,19.8.1,3.14.3,0.2.20
bo2hp4ulzjy6wzhzlje4xxtsui3mx7lj,19.8.1,3.18.1,0.3.17
bpmut5oie7purgdc2gy4o7vptd6eodvf,21.8.29,3.15.1,0.2.20
bqclnew77r53fquiqtc3dcujfmgtjzjj,21.8.29,3.18.2,0.3.6
brccxdcfqzm6lrk26qak7sipsc36jabb,20.9.20,3.13.1,0.3.6
bs22puf3mtmkgfso6qddvkbgri3czr6v,17.1,3.9.2,0.3.17
c4oqyd3tlyilp6p4vzk4zcp2dkoqi7z5,17.1,3.5.2,0.3.16
c6x2vjm2zd6uflvlvuxuqwxqdnvmfp42,18.11.1,3.9.4,0.3.12
ceryfo4bhlmt5322mtiu2xwouia4bczz,21.8.29,3.18.3,0.2.20
cexqxpebclf5lbpi2mvr6ujhoon3t23g,21.8.29,3.16.7,0.3.18
cineosqpokorj6f3glrkcolumis7h5sv,18.11.1,master,0.3.9
cjok7octqzoqrxqwuubk4363b6t42jce,17.1,3.12.4,0.3.16
cn2d7yk7dxnww5d4a3bkphnqvxghblxn,21.8.29,3.16.2,0.2.17
cq5ezlkcq47y2ihwd7hv7erttxs3zgcm,18.11.1,3.20.0,0.2.18
cvshvqjfxiekjwo2yupakpwfp2t5zct2,21.8.29,3.14.5,0.3.11
cwwg4plxxfcsolwkzzzarmatafwu3f7i,20.9.20,3.16.9,0.3.6
cxb5h7atjtbka2g5kia2f5jhjx4n253u,20.9.20,3.11.4,0.3.16
cysvkq7yh7457qsfedqorwoufbfkxk3l,20.9.20,3.19.2,develop
d2kp2nr4vagmiql3pgrnystzxoyobb6r,21.8.29,3.14.0,0.3.17
d543urlgckz22c5big2mqlxubjxnnda5,17.1,3.10.3,0.3.18
day7wikfc42m36etrjhfoycfnlfiwdtv,19.8.1,3.19.7,0.3.9
dfw5t6ib54rwvkizertycwpfpz4pelba,18.11.1,3.16.4,0.3.8
dkinuhyblx4rwzxcyo3vm5y426awtw5n,21.8.29,3.16.9,0.3.17
dp2ttpbbguo34uc6t2erfytnhdptlq2v,21.8.29,3.14.3,0.3.11
drz4fntbk5qx7cu7a7spnpee774ag3gq,21.8.29,3.19.5,0.3.16
dwq634ryldt7tlugi2c6oh6vjibacgzl,18.11.1,3.18.0,0.3.18
e2tj556tsmux2277x476xqtwq5vz3xn5,18.11.1,3.10.1,0.2.19
e5qrfriszmau5g5fzqxo3xazyipp4qmz,21.8.29,3.14.4,0.3.15
e6coa37kt5axl4xmw6axfyvf2zg6zrwz,17.1,3.13.2,0.3.18
e7p2p4vumwx3mfjqantyaupxdvqgggcs,18.11.1,3.19.3,0.3.4
efmc56dkozzy5x6wjrbd4k4l7rwmrfxy,19.8.1,3.15.6,0.3.8
efwqie42lazm4gtxjca5dftwjdeqjsw6,18.11.1,3.15.7,0.3.16
ejekmptzv6oqophrelwr2dbrtbdhu3uf,21.8.29,3.18.1,0.3.18
ekpgto53irugode7l5glbrrshhskluct,20.9.20,3.14.3,0.3.4
eqzy2e42n2xxcr6r2jut5peje3egglc6,21.8.29,3.15.3,0.2.20
euqakmxcpxy2bbf3jkaoq6rh7ngt77xu,20.9.20,3.10.0,0.3.11
eylcpitm3df3ya24jcbffv6mrplvrffa,17.1,3.21.2,0.2.17
f5elg7m3huej47melltifwwsiucd72dz,18.11.1,3.16.3,0.3.14
f5jdo6ve7y2ymg6tihvokgjiw24yqk5o,17.1,3.16.8,0.3.14
f6od6hkyergcod54e5zoe6mrjhvlbyal,18.11.1,3.17.5,0.2.19
fbx4bhhqgrx3bxbauaukv3nbkiyffufz,18.11.1,3.16.2,0.3.18
feqeooopqnuhblr76potjutblzyvzfuf,17.1,3.22.1,0.3.15
ffcxbrfo4au5b74qcnfvfnpbr5vuqw3u,19.8.1,3.19.5,0.3.15
ffqb7526eg2tqv6orprowghpesoeh3uf,21.8.29,3.16.9,0.2.17
fj2jtix2xn2tjakyixpzmr7n2n6bbw26,21.8.29,3.18.2,0.3.9
fmdcgs4pkzdxizygc22kvo7cku2gchsj,17.1,3.17.5,0.3.17
fmlft3fwck4padgdpajw5nhaikfwfkto,21.8.29,3.13.1,0.3.7
fmzbvjbe7vfhkf5uircuehxj7a4m2gcr,18.11.1,3.19.3,0.3.8
fn6bkvfrbqur7pnvitibjnqbx6ng63dk,21.8.29,3.19.1,0.2.20
fpahfcach5uz4ip5hhiq36dy2lrlwk6e,17.1,3.11.1,0.3.10
fphngbhvbh37i2mtnpeszbnv7bi3npv3,19.8.1,3.9.6,0.3.8
fwtffiucmp52tj7iwvge4weuf46ms463,21.8.29,3.16.3,0.3.5
ge6mhtwkrcchtcnnitrvh2we62bh64is,18.11.1,3.12.0,0.3.15
geqdynniiyvhg2ldl3o65al7hqezxzvb,17.1,3.16.3,0.3.18
geru2bznc5rulchpuhluserwpwlvbbix,19.8.1,3.16.0,0.3.12
geuxmr75fzkukrlofb4jknnfknan4uta,21.8.29,3.13.0,0.3.8
gf77ka74zlrwandkdr7dhvcvgy6wxw2z,20.9.20,3.11.1,0.3.14
gilgbxp7wtbodijkmvohsxakc5pf5ijd,17.1,3.15.5,0.2.18
gpge5j577jjiqoxjb3tixvk3novkvhvi,17.1,3.18.5,0.2.20
gtiy4qlha5ujynjydtnfo3al2znx4td4,21.8.29,3.16.8,0.2.15
gu2mifo3rz6kpbhpbnf7thokpdpqho6x,19.8.1,3.17.0,0.2.15
gybhzvrhan235d5htxpaucj35mctqx4w,18.11.1,3.16.2,develop
gz7yuuvvuhuljy5xhsmf466hsqccyi55,18.11.1,3.10.2,0.3.7
h4pjb3zw4qkjgewnz5mdbvqe65qf6hbc,21.8.29,3.14.7,0.3.17
hbxzjadlimepdgvee5dlcdstdpuucl4a,20.9.20,3.21.2,0.3.6
hff64an6bpmotk6u3dlxk4crgtybxwkx,18.11.1,3.10.1,0.3.6
hgcts24632sfn2pbbjstkzj5dcjzked4,20.9.20,3.17.0,0.3.11
hjn2ya2o63s46ujyh5rgdzfjyqeupgos,19.8.1,3.13.2,0.3.7
hkphpe3ej3s44rm6hrnabejxyne77qqm,17.1,3.19.5,0.2.20
hnys4zutpybbsup4zyngysbuav57rsn4,17.1,3.12.1,0.3.7
ho4yfdmevrrxwr2s674penvg7fojoq75,17.1,3.16.1,0.3.12
hr53lvt5jcwy35gkscqu7yrjpnyfa7ui,19.8.1,3.14.6,0.3.4
hsdfh6ryyoc2bmgzxqrox2lhlqpnyq25,19.8.1,3.17.5,0.3.4
hso43astrrxuecx4xkmy4dcgdiduzj4v,19.8.1,3.14.5,0.3.11
huccy33l6m2rpus7fuaayu5p44yp5xyl,19.8.1,3.19.0,0.2.20
hv4zvldpmxcbbotg7bxidko2gudksxev,21.8.29,3.15.2,0.2.15
hw6ocmkx7pjlmx6mie3xed4ezimyjlco,18.11.1,3.18.4,0.3.4
hzpuc6t3ncguzndc7ds7y55uxsgeayw4,18.11.1,3.9.0,0.3.10
i6l2c7qzdiv2442pxb75u7jmywzissqi,19.8.1,3.16.9,0.2.19
ieczemcldrqnvvgt7cgmkibhctqm7i2u,17.1,3.16.1,0.3.13
ieiytx5unh7fkcrjqknp7wzszteubhic,20.9.20,3.12.3,0.2.17
in3gyixvupwh3rdckb4skdms7akabyps,17.1,3.16.2,0.3.12
in4722cisskyfxg7knfzkhzvgzqwvbho,21.8.29,3.15.5,0.3.5
inkntq622ona2fgdu2cv2pxb5othkn2v,21.8.29,3.9.6,0.3.13
isowpjb2ft2rv4i4cp625rro42apc6yo,21.8.29,3.16.1,0.2.17
iv2y4zpoagzs3s6iffytvkak75q6arw4,21.8.29,3.19.1,0.3.18
iviyuz7btuywnotizcvrhb3kqnfmdvvk,17.1,3.20.2,0.2.16
j34sr3ujufh74vygwylysshmee3gkuoc,21.8.29,3.16.4,0.3.8
j677trekczj64mneoofba4pjf6mlpcd2,21.8.29,3.19.5,0.2.16
j7hchqsahxibyzjasfm6mf3ztiuuhm6u,18.11.1,3.12.1,0.2.15
jjs3emb25oh6zdnjjarujdkock5xjsbj,18.11.1,3.12.1,0.3.17
jko54cczd3x67myqizsttcjwuamt4wyl,21.8.29,3.10.1,0.3.4
jnbcdcv3rvh3zrav522rpr67a2zgm2g6,19.8.1,3.11.0,0.2.19
jpptw6szptkm3p5ma3h5kwih7pk6zhou,19.8.1,3.11.3,0.2.20
jq6qezyoqaymjutko72347fdllei5h33,19.8.1,3.13.2,0.3.15
jyw5wj4aglhu2uypmzshujqidxb6sl6x,19.8.1,3.12.2,0.3.5
kcyzhol2v4svpfcrszfnfv22lyrjn4pb,21.8.29,3.16.2,0.3.16
ke6fja7epxh7eobbvnvny77kylsswx4r,18.11.1,3.16.0,0.2.20
kfirxkqqljkxkwcfln3zcimzb27regok,20.9.20,3.15.4,0.3.12
kgquxyfyi4qhbxmgcrpfdp5z5mbetyg3,17.1,3.7.2,0.3.7
khnx6ynj72qpbngs54tlgfmyrxgk43il,21.8.29,3.12.2,0.3.5
krtspxnofw6za6qqwpcegsn4jtpsvh4w,19.8.1,3.10.1,0.3.17
kv4mtowzirzse4v3pjgi5qtefu7cv2cg,20.9.20,3.15.3,0.3.17
kxssseoiomimythnhxgycpfleyjuqdm4,20.9.20,3.18.1,0.2.18
l3x37qo3p55bslno7hea5hq2353x37ge,21.8.29,3.14.3,0.2.19
lhs7ybg7ql7xgeuh7o3sg6wezdrtgiom,18.11.1,3.15.0,0.3.5
lkcpgkqdzaeokrgafqkedyskdadbmtuf,20.9.20,3.12.2,0.2.20
lmedqn32cgrf64r25i6ozrdbn7st6yzj,20.9.20,3.19.8,0.3.8
lszi4wfoex4n7qx6efro7ozuqoi5g55f,21.8.29,3.12.3,0.3.4
lunksnfvkhvbalu2frxkasc4tot4fkqt,21.8.29,3.22.1,0.3.18
lv5hra4gcxomkz4fh7iqz3z3wqw4uuwl,21.8.29,3.16.3,0.2.18
lwttcdwmreguxe6k3t6nlgrekhukhdix,21.8.29,3.16.5,0.3.18
lyrsqeuehg7bw3ti5bjevcblv5qjmruy,17.1,3.18.6,0.3.15
m7r23xthnftuezyjxzgvrfo5n5mtmd6q,21.8.29,3.14.2,0.3.14
m7smo7sx23k3jxd5obwqe4rizxvc4odw,19.8.1,3.21.1,0.3.14
ma7qwua7mxyqd2deo33iseha5yyvh4wy,18.11.1,3.14.0,0.3.8
mcmlrnvlefs2muhpw522rqapkkzru4di,17.1,3.14.1,0.2.15
md5trntwo535x5gnbz2m7agmaz6glc6q,21.8.29,3.14.0,0.3.5
mdhwwhbu4x4pdxwf4nyq5feymhwvdu4r,17.1,3.5.0,0.2.19
mewgynniisdq3ht33t7wa6v3daznvmcf,18.11.1,3.19.7,0.3.12
mjdwdsnhetmjivf72cv4bcylilu26lf7,21.8.29,3.12.1,develop
mlql3nv634457iug3fungi5fhtrkrvwv,21.8.29,3.21.1,0.2.16
mmkvswp6gz2aajlpunzmug57tobiu2tf,19.8.1,3.19.5,0.2.17
mmz4qwophdti742tcgskxkya4jsrylwb,21.8.29,3.15.3,0.3.14
mnz4c56huwnicjifziaf5tzotnyip6dw,20.9.20,3.17.1,0.2.16
mq6adijnh2n3z2gobcnuqevwx23od4pl,21.8.29,3.19.2,0.3.9
mqsu4zlltgre66xjaqvtjtmvlxoe435z,18.11.1,3.9.2,0.2.20
mqu2ycppdzvp2iyztp2nyidkbt2umq4s,19.8.1,3.20.5,0.2.16
msb5n3aqogbpoxraq6yrtpiupsgf222a,17.1,3.20.2,0.3.15
mtr3nm6blugsac4eusism2ip6tznls5f,17.1,3.8.1,0.2.16
muc5jlunry4g2kuxi3ck5ux3g32espfn,21.8.29,3.16.0,0.2.18
mzmkb7urrqkew2bg44xst3cr3oox773v,18.11.1,3.22.1,0.2.20
n3g6zgdjkhkxyie2fnady5vpamk5eth5,19.8.1,3.16.7,0.3.18
n3vexssx6h72c7sdmoqextfl5zdkbwmz,17.1,3.18.6,0.2.18
n5hf3k2ga7diadd5c3jn53nartuspmmb,17.1,3.16.5,0.3.12
neh54gllwstfwas7qftaixf7ec2q2mqx,21.8.29,3.14.7,0.3.5
nfjq5yfs6z5wql27adgifj6zttp5i4gv,21.8.29,3.21.0,0.3.18
nfpprpxe3kpikxb6hcrbgyke7du6vg7t,17.1,3.15.7,0.3.14
nhmiesiwvtecyfdqpgyohfoo5ww4d65t,17.1,3.18.5,0.3.17
ni2w5odyey5732xgtu2taimemo3xttu7,21.8.29,3.15.4,develop
nlszbkhb523znawzsjuc4so67fqstdmj,20.9.20,3.9.2,0.2.15
npjk5nab7wlw4iqfhpl5ky4osbnq3fq3,19.8.1,3.10.0,0.2.17
nqa7vj3x7giqwrhn2tedgm74xbfgqoaf,19.8.1,3.19.7,0.3.16
nqjpskaiang6wgxijdb4dvhd7edjfyoh,21.8.29,3.20.5,0.3.13
nsawypg3sea2i4nrtabbd3twfbcebmjl,18.11.1,3.19.8,0.2.19
nt3265cvhqaz7vgm4yebqjnrck4n54yl,21.8.29,3.21.2,0.3.16
nw7sg5xvi2kx77ne4oqavox2vxzunya3,17.1,3.19.3,0.3.12
nwrrvso325dntlw37zmrb3kypv2o4djq,21.8.29,3.15.3,0.3.18
o3mlx4q5z2lxjvm52hyxq7akqgzglilb,21.8.29,3.21.2,0.2.20
o4hz3bigkpxfzatxyjaw5nhrqojnqukh,21.8.29,3.12.3,0.3.8
o6v7zynvyzedibfoj7kugrugbf3fnni4,19.8.1,3.10.0,0.3.6
oj2udfzlc6lawg52qum63qiip23spqis,19.8.1,3.15.2,0.3.12
ojxqrakv3ngyqv3henflhh2be242bbfg,21.8.29,3.10.1,0.3.5
ok4ckuh457xe446s2q3vqsseda3miksu,17.1,3.5.0,0.3.8
olf5g47rmzv5vfgmrx2c2bjspb5wcccw,17.1,3.10.3,0.3.16
oo4ovr6ldrr3hfilqsmxgptjw7chuac5,17.1,3.0.2,0.2.15
opelo5bpkk2czfbdclv77qbodi7u4mcr,20.9.20,3.12.0,0.3.4
oskotb2k3hw2wnls45oqpqj2vospc5z2,19.8.1,3.19.2,0.2.15
oujpmcwwvfs5veuacj3u6b4dh55ezhsc,21.8.29,3.16.7,0.3.14
ow6ynruxgl64o3ie77a5ldq7lvubugcq,19.8.1,3.21.3,0.3.9
owc2j6ew25ksg2xhu3lvwmmqcwys2djr,21.8.29,3.14.4,0.2.17
owmf6ytik5gc75rphgservkloy5hztaz,17.1,3.11.1,0.3.8
p3q7hffww6x4nachfujzlbqfnoins5bn,20.9.20,3.9.6,0.3.17
pclnkutrkj23p7i7dc5in54327zxpcyy,20.9.20,3.18.3,0.3.13
peearqmeoggodhan747exz7vicnmhwat,20.9.20,3.18.6,0.2.20
pexqvdfrtusdqn2qnbbzc32sb326tosl,20.9.20,3.15.2,0.3.17
phpp5rwh4mhd7blfqha4bsopwjq3rl7p,21.8.29,3.14.4,0.2.20
piomxqpzfmycqd6ok7dxvd35ftyfrn3k,17.1,3.13.2,0.3.14
pliznsubeb4jphagp2ieaz6g3bxbxtjk,21.8.29,3.19.0,0.2.18
pmzhug42q5eabeeqg2q4gpe3umzaqhmk,20.9.20,3.16.9,0.3.4
ppmqogkwewwxejgudctbxrryfwbaqe4a,17.1,3.15.0,0.3.9
pyrdiuyd5vtlnghyczvogc4b3waopq6b,17.1,3.13.0,0.3.8
q2q3en67akg6vnzjrt63dgzjzeihimo2,17.1,3.20.0,0.3.14
q3henctslgwraumi7c2mbleyz5fukyld,21.8.29,3.18.6,0.3.7
q5pl5beojlxbabs3co2434ypefb4buh5,21.8.29,3.13.3,0.2.18
qchfl6t2xquqvbjbioomd4gggkbeasoo,19.8.1,3.15.3,0.3.4
qhack2e6nymvnb4rytpbzk3q6jg6vcsw,20.9.20,3.19.1,0.2.16
qjhw6ikdwigduoljzpmyipi623vqew6c,18.11.1,3.18.5,develop
qjkst4uc3e4hsxl4fzasqtkqlxkvshld,20.9.20,3.14.2,0.3.17
qoj3tbkb3423mvowd4pwpc4dk56fsieo,20.9.20,3.16.5,0.3.18
quotdeatgsabikiwnxoq52catzjoovvq,19.8.1,3.22.1,0.2.20
qwnw6z4ds3twfxsmdbxmlkyzhtdetdgm,18.11.1,3.19.2,0.3.6
qxgv6w42p2scg6jeh5wctuvrj23ayhxu,21.8.29,3.20.5,0.3.15
r5fzc3iaxqo7z4x45jq23wrssr67zpvv,19.8.1,3.10.2,0.3.16
rbzcvtakgt5boc24fw2do6hjqacz6h6t,21.8.29,3.21.3,0.3.18
reenpvkadascmx5pbnp5spkroq3q3al2,21.8.29,3.13.0,0.3.14
ro5pxmqlxbbbo25mkec64e6qih2oyl6b,20.9.20,3.14.7,0.3.16
rqdyroa5kchbbc55flaz6lr2we5jmte4,21.8.29,3.20.4,0.3.7
rqwclnvuppsuvi3sw4qrnwb6m4ji7gli,20.9.20,3.11.0,0.3.11
rsrtx2wzelu7v6eygk6dsuu4q5wc5ckt,19.8.1,3.13.2,0.3.5
ruj5j737krx6novgbttyfbgs2j36wvrh,17.1,3.5.1,0.3.9
ruox6qugcxlb4eap24wxzbrhnhm62fks,19.8.1,3.16.3,0.3.10
rwbz4pw7nv7q4ssjnpwxlp3n64adbviy,17.1,3.14.2,0.3.12
rwdjbc2dffpnzv3ruusji3xh3sgveqmy,19.8.1,3.20.1,0.2.20
rysjatv5rap4rvtgc7ltfjohqfrtan4n,21.8.29,3.14.2,0.2.18
s6if5pk7ahdm4na26sq3tb4dpq2nnkl2,21.8.29,3.13.2,0.3.13
s6u3bgpa7xt37u5u225za6gfi4hzejf4,21.8.29,3.17.3,0.2.16
sc2yyhxnzwmgprdlucnnxws6fdfm4sox,21.8.29,3.12.4,0.2.17
shnakdshoh4wnhwvt6tu3o6kznydqlg7,21.8.29,3.20.4,0.3.11
sjrvt56h6gzttxh5jttfe5mpsimqjmgp,18.11.1,3.13.0,0.3.18
sp5liyco5tejfpjpw3gn6uohs7mynprx,21.8.29,3.18.3,0.2.15
sp5z3djqv64bdcsdrmipd7pi6l4ykelb,18.11.1,3.15.3,0.3.18
sufg4oobketiyhdqsi4h4tq6a3ubrtnc,19.8.1,3.11.0,0.3.5
svnsmw4jwwz7db6hjzycuptu3hdxront,19.8.1,3.12.4,0.3.18
sw257j7nwpgyq6icozbxix67yw4dsa2z,21.8.29,3.19.6,0.3.9
swxnueyopjeunwtlsrqckhuzrjwfjp2g,17.1,3.19.0,0.3.5
sxuizy4ylffuowsx4lgaroc2x2atydlm,18.11.1,3.20.1,0.3.10
sy2xidw3x4l2hkeezgdl6bjxoriwjqwx,20.9.20,3.14.2,0.3.15
t3ubhaboen6w55dqj46vniq2f3hmozct,18.11.1,3.17.4,0.2.15
tcfzejq6sm6n44btsimbnicaduvhsgz5,18.11.1,3.21.3,0.2.20
tl4uj7cobiblg6nx3zmbeasj7elagagh,18.11.1,3.18.1,0.3.5
tp2mpzstd5ujkgi3zmb5ulcbjk42ruvd,19.8.1,3.18.4,0.3.16
tqbujpm6w6wasodmhlcyhbv6ffkakgz7,17.1,3.17.3,0.3.6
trd35jh3puskxuahat2aplhmw7r2lqjq,20.9.20,3.18.3,0.3.8
tsfdtinbubsly2yqk454whyh6vyfwgfe,19.8.1,3.16.1,0.3.10
tucwu6p56s33ukrbrsn3qv5qkf3j6exk,19.8.1,3.16.8,0.2.15
tvbai5tabgbwvqp57v6zsxthuibtsfrb,20.9.20,3.18.6,0.3.18
tvtfdr3j4bbdgurn6yawydlwasnk7eq5,17.1,3.21.1,0.2.15
twflsneqirwjt5jgps2atddtbr2lahpf,17.1,3.18.3,0.3.16
u27jvch2upzva5nwfidgabokzkzgjesh,17.1,3.16.1,0.2.15
u4i5m62sexbeewggrf7iw6v22pfdmuyf,19.8.1,3.14.5,0.2.20
u6ghdljtbupextwb5yu4d74cg4efnmli,19.8.1,3.9.4,0.3.15
uc5vksl6zitontuxg4pkl2fqxybujbnj,17.1,3.14.5,0.2.16
uckhvw7tdj5xlmj4bozzcg4v62yma3hr,21.8.29,3.14.7,0.3.9
ug5lxo5yd33ctas27ga32oh64hxd5eul,21.8.29,3.9.4,0.3.9
ujto5xpjon7gj3n72ur43iqn6hohc5x5,20.9.20,3.20.5,0.3.5
ulpbbfkk4gx3zpaesk4gdux3yfp2v6kb,18.11.1,3.19.5,0.3.11
upcxzlgrztgqnmu2nedymjbq2rj6tkrv,20.9.20,3.15.3,0.3.18
utt2l7znefjr663ltejd3beswlssln5i,17.1,3.18.5,0.2.16
uvdyxxa5iyx34bx4tfjoidkm6bnt5bes,20.9.20,3.15.5,0.3.5
uz2iln3dt2uixpwtoh7pk7fwcmdjcgrn,18.11.1,3.15.0,0.2.16
v2vaqb5uveko5sakfbsjl6khppjxkxk4,18.11.1,3.20.2,0.2.15
v7v5zovha44nkssb52rz2jo7bbuellmq,21.8.29,3.11.0,0.3.12
vb66ufuajpegyskvghthmjhier5euf3s,21.8.29,3.20.1,0.3.18
vbuf2sqgxjd4yxlkfu4nscefbhsvl5s6,19.8.1,3.14.0,0.3.9
vcilxezpgrp6j3qb763ytc2wxjeoscom,20.9.20,3.10.2,0.3.8
vgjpdxkpiplkszejfk3r66ywpv27s2fs,18.11.1,3.14.7,0.3.10
vh74freqh3eg2kqkdofeonbckrtmx3lr,20.9.20,3.17.4,0.3.16
vodvmgqoaooverhie4d7g7llt4qkgs5t,21.8.29,3.19.8,0.2.18
vpq3fcgxr3vjxg45snv6rxal5mxasplw,21.8.29,3.17.4,0.3.6
vqf6kmderunhidqnuzax7pb4ztbq7stb,19.8.1,3.16.2,0.3.6
vr24oyfp4v2kwnssdlz4cc46qu3yien5,20.9.20,3.13.4,0.3.6
vrwsigqww3ryda4zd2obw4fgyqikutth,21.8.29,3.14.7,0.3.14
vt37h46cb7xpbdydpkeqazkgd5grqekq,19.8.1,3.13.4,0.3.18
vu2dsfmvombrynppn3zv43nssvoalmkk,17.1,3.13.5,0.3.5
vuuk47ivhvok5v5ixq4jo5uczkzgeyis,17.1,3.17.3,0.3.7
vzzer6j2wykbebbqa6vuqb5zftevtekl,21.8.29,3.13.3,0.3.8
w2nhjbzbymwvawua6pcpvevcutrjqko5,21.8.29,3.19.4,0.2.17
w3q7mcm2j4cay2fg5pho3gtpah2c3xzl,17.1,3.5.2,0.3.10
w44rd3sfiljjfdh6cwlchsrvxlgifrps,17.1,3.19.3,0.3.6
w4bijbrdzmqvw4gmswe7fdojcrufit7n,17.1,3.15.6,0.3.18
w4nxy44nwqqviz4jlj527ug7r3lghfzi,17.1,3.21.3,develop
w5j2pp6sxv4npxngiqb7e5ahj4cuxcji,21.8.29,3.16.9,0.2.15
wb3eymf3ihnqowbzjvkjuwgq7zgl5rgl,18.11.1,3.15.7,0.3.10
wdhfbr7l6iz5z4b3a4iqpadeabocj3wt,18.11.1,3.21.3,0.3.9
wfjngndro55wjcuehvj242i7fbd36s3r,17.1,3.20.0,0.3.6
wgi5mbzdregay66ttj5qx26h7zciqws3,20.9.20,3.19.7,0.3.11
wjmur42mhz2fo77jcb3z3cjmb6y7lqzz,19.8.1,3.13.1,0.2.20
wlmph73xrvhlxtmmjpf7jvg3wrhrzrtv,17.1,3.12.3,0.2.15
wm3jrdgcyhhgm5gqms3ewz2nkfj4n5ic,20.9.20,3.14.5,0.3.14
wo4onavud45wpupnw57bkjeroytegeum,21.8.29,3.17.4,0.3.8
wopmthzvpd3tsirjbqt6xpbdzxj6pa3i,20.9.20,3.11.0,0.3.7
wrxrqldgkg4xuainon4amyehn4nyo5d4,21.8.29,3.14.3,0.2.20
wurjbelf7b6jngdawbrrzpvzuanonyym,18.11.1,3.11.1,0.2.15
x5dj5yu5flndgsy73mqfavxlsgzg6mn5,21.8.29,3.19.8,0.3.18
xakrexsj4jhi3qracngjc2hywoh4rgqz,20.9.20,3.12.2,0.3.17
xf2l6cuu3csfctps4xtjc53pngohbomp,21.8.29,3.17.3,0.3.14
xhsrqodusjdpudxhhxtym4qjgjahou7h,21.8.29,3.20.5,0.3.18
xorz7uney7zmunhxq42q52tgzjwsp662,17.1,3.14.5,0.3.10
xpkahatptutomjq36urkmoxaqmoe53oy,19.8.1,3.9.0,0.3.18
xrq6udzcmhm226piwd6xhq64ojdamggc,18.11.1,3.15.7,0.2.20
xsebfqynklz2vj3vzfegk4x53mclgnxm,19.8.1,3.10.0,0.3.7
xuz2rxllzlh3dh3i4brj54ejqksjwuun,18.11.1,3.17.5,0.2.17
xzh3ygrllx3dnb6mkmkdebjvpzhcfk4f,19.8.1,3.10.2,0.2.16
y2xp7n5dwooyoheefyi4bahqguphos6t,17.1,3.16.3,0.2.17
yk3ewavjaycacudlgg3u6tdv5rloy5el,21.8.29,3.19.0,0.3.11
ymskme47psbrt6iyszxcq5pbhn7o62lf,20.9.20,3.10.2,0.3.17
yntafdpnax2eo2e75mzyzyc4afc433y5,19.8.1,3.10.3,0.2.20
ytregb5ugdhu35ixkdh3bf5t42kcnqpd,20.9.20,3.11.1,0.3.5
z2wivehc4ff5lzbudvneh7w3hzddpqle,21.8.29,3.17.0,0.2.15
z34wlbrczg6dl3p4nr3xyulwkh32zloy,21.8.29,3.18.4,0.3.8
z5q67rffrl6olg6kznv42gacog3lc6l4,21.8.29,master,0.3.6
zbsd6kllizp2ilekmlnss3fnmmr6av5c,21.8.29,3.20.1,0.2.19
zikpe2ndpkry4jz6ys7755v43squkn5i,21.8.29,3.17.3,0.2.19
zkt4zthvad2ozjba47tc3wyvxwcsolk3,21.8.29,3.18.1,0.3.13
zn7nbtdtfyiffhzugccn25z7njv3hkvn,20.9.20,3.20.5,0.2.20
znxc4zzxde23x45uupowsrdcymv2ig7v,18.11.1,3.17.1,0.2.15
zqpxcdmoqjx45c5hilbcngog7c3kiwu6,21.8.29,3.14.3,0.3.12
ztruesbq66z4ramm7b2emxvwhuex7eun,20.9.20,3.18.5,0.3.13
zvtdajyaffi47ozzekvqzktv7ngr2rjv,20.9.20,3.18.5,0.3.8
zxbfoas4v26zvflu2fwrxgcb7c54qjvq,21.8.29,3.22.1,0.3.14
22u54zpunonet45vnl6flpjv5uvjg3j5,18.11.0,3.19.1,0.2.20
267ewqpimypql45qvdo5zcvqidk36imd,develop,3.13.0,0.3.18
2bqtiv623ibp67nvbggu5363qxpveslb,18.11.0,3.9.4,0.3.18
2fzarnsju6jaqmgpkqbds4ijd4hmfa3x,19.8.0,3.4.0,0.3.11
2ov3icctq25wlxbia3mauihd5pgump5b,19.8.0,3.17.4,0.3.4
2s2g5nytlajf36ofjenva4x2ic3ohqej,18.9.0,3.13.0,0.3.5
2wi7ifx5pmffhj63oupqpwhf5mpkpahu,21.8.29,3.4.0,0.3.15
32ycakbna7g7bshoapjsge5zrm3np3og,develop,3.16.1,0.3.6
36rivereegefbgbt56zcmacrviafpgiw,18.9.0,3.13.5,0.2.16
36tkkpdgsfalj7w3r4haukggwvoqyahj,develop,3.11.2,0.3.18
37sytfflfwt73elppxfqvdjeka55mm7w,18.9.0,3.17.5,0.3.4
3ausido6ydrjrfrevze3iem56ebuyw7w,18.11.0,3.11.4,0.3.9
3azdink5pddazdqkp46djbxcw5mlx3lw,18.11.0,3.7.1,0.3.11
3dkq3db3hqwwd62a2gh34bufir4qunxq,18.11.0,3.19.3,0.3.7
3faqalrrtcmwisnappdgn5jljydf6sbd,17.1,3.10.3,0.2.17
3fom6vyvab6ufb2fbr2tdqn2ebr4kwi6,develop,3.11.1,0.3.18
3hjzsznidsdgneya7ujxgjibrjnla3hr,18.10.0,3.22.1,0.3.18
3hxuhyrrm6xpr6v3dmrjdqns7rqwlnp2,18.10.0,3.20.1,0.3.9
3kre45rsomwl3hxqgfjwgn4ynd5hsvhc,18.9.0,3.15.1,0.3.10
3lgww4o7izn4y7oarli772ziclo4ygts,18.10.0,3.19.5,0.2.20
3psyycem36wrcshrpym36b3lqtrcb4cz,18.10.0,3.14.6,0.2.17
3qthe4rpj3ss53x7g7vpjl5if7iyvnb7,18.11.1,3.16.6,0.2.20
3rzkoqodr44drsnkzjp2ma7nmpsi6rpm,19.8.0,3.16.3,0.3.18
3sanpow4db227z6f62pqcohmrte3zlvf,19.8.0,3.8.2,0.3.4
3uyiojca63ecvy4n6wdip36axjso66ff,develop,3.15.3,0.3.18
3zelg4ayjey4vl3jswh7ffi2t2z3brtq,develop,3.16.0,0.2.19
43y56agxgdpxjgb2bdikqvwtflf7dwcx,18.11.0,3.7.2,0.3.10
445mwzbiaickm3mg5qsi33lrtbobh6jb,18.11.0,3.15.5,0.2.16
44amcyzdoslat4mjfx4es5p3hc2psa7o,21.8.29,3.7.2,0.3.7
44d4qtpk5iufkdjjco4ll4qnjw7rahao,18.10.0,3.13.1,develop
44dpr2s3ktkfitwluevtvnktbs2di2oq,21.8.29,3.0.2,0.3.5
45qaakb55ksaa5z5afv3sshxr3ktfv6j,18.10.0,3.17.3,0.3.15
45vyyxmbwhtjjt3ytoidqi6a4hegrrab,18.11.0,3.13.5,0.2.16
45xwdnkyyhaqhgm7q3rz4a5qt5cn4fqj,19.8.0,3.16.0,0.3.18
46rlim2hkvsc7abi7uccyzt57khwz2wc,20.9.20,3.0.2,0.3.16
47w23jpc4wyvgnfr5xlmsh46bm77ram3,18.11.0,3.16.4,0.3.18
4ad56uqbyxq24u54xvhmyfip42xkheil,18.11.1,3.5.1,0.3.10
4asvms5efsnckpm2f6vla4sbypg2ch7x,21.8.29,3.5.0,0.3.7
4bopqmhegr5e7dikvhbknab2nayt6ltk,develop,3.17.5,0.3.8
4doiuyrksx3z445yz6tpo6gkjgxxix74,19.8.0,3.5.0,0.3.7
4h6ugttvqvxrzzvh3rzt2ifx66enko5n,19.8.0,3.17.4,develop
4hob7fdx4pims3xm5v2t64zqubexugou,18.11.1,3.15.3,0.3.9
4kih3o2l54odvs3t4kyj2i7kdqnoxxuj,19.8.0,3.15.5,0.3.4
4kk3tmnexttoxbmebcujavetpww7vn2a,develop,3.18.6,0.2.17
4svtopu75a4ol5dzcpoevvt4ww2wumea,18.10.0,3.17.1,0.3.13
4urrmfqig2lfuzcpwoqy5r3kz4bo3hle,18.11.0,3.20.4,develop
4wqlfjk7ih66txdbnpptbtipjmyk7s5l,18.10.0,3.11.4,0.2.16
4x3bn6mvp6ciwto2jd4a3ikedyzglhjd,19.8.0,3.13.4,0.3.13
4zh3l34x2j4yncp4janpqkx63nofc2zp,18.11.0,3.14.0,0.2.17
523jzj6w7abcjuxp7jt3v77yky74p2qo,develop,3.9.2,0.3.13
53aqlloewbr5cvfjchpx75kd3ftu5a3o,21.8.29,3.0.2,0.3.14
53mv7dhhfeqijubklxvv65jiuvrmnzjm,18.11.0,3.18.1,0.3.11
55hly2mcrxgpafirco5ysmjlqgqk2j4v,develop,3.8.1,0.3.18
5ioiyrpwsiyahd5bwkvevuks42btzkrk,develop,3.13.0,0.3.17
5lkzzxrvkodohcunexvwhxiu4bzoh4sq,18.9.0,3.9.0,0.3.7
5nhm4unoy3ovcd7o3l4owdmlrtmu4djj,develop,3.21.1,0.3.15
5pjheyhomsqsdctwjuc4nozlv4kv6que,develop,3.14.1,0.2.18
5sf4ese7xzxrcencqyapltc6ynlnkikc,18.9.0,3.12.3,0.3.4
5spjareiacrtxjq3knymukytzhfhqotn,19.8.0,3.10.0,0.3.14
5sr7a64bl5zz7gjrdp7deudkwwpygk3g,18.9.0,3.4.3,0.2.20
5sz7gkcoq54xergrsb72wsdp43wi6imn,18.9.0,3.10.0,0.2.16
5vm7zubmxu3e76dwfk567ozsofywusxv,develop,3.16.5,0.3.4
5xdnzvnua467lcxn4t54wqpyth235pvt,19.8.0,3.0.2,0.3.16
5ystajp5snuvyrogoy7xsai2czitnmg4,18.10.0,3.13.5,0.3.7
62fnin5yccmm2nquhh4fgi6canozqjfo,19.8.0,3.16.8,0.2.16
63vbqen4on45vqx67odpxfwmtrefebmp,develop,3.20.3,0.3.9
65cgny2pvhzp2jx7v45t7q7ctewvrmie,develop,3.14.2,0.2.18
677kbjmpafdyyqmdurs5mtybmov3kfk2,18.9.0,3.14.1,0.3.9
6ad7cz6576ffbh43b7jtbcwo7nlfj5y4,18.9.0,3.20.1,0.2.18
6icmg7gmvtpdf57tpxysq24vh2sheceg,develop,3.11.4,0.3.9
6nwior42ls6hzl2r2sqbp55ssyuix2qc,18.10.0,3.19.7,0.2.20
6pgn7l67jxukre2zl5joliubysrwux3i,18.11.0,3.5.0,0.2.19
6qp6viksm6aeec576udeelqosxn3rdz6,19.8.0,3.4.0,0.3.18
6ufte7prwibdwjtfbbvrjwuvrjgcmot7,18.11.0,3.13.5,0.3.8
6wgh5zylukxdrpqf4nwyps25tpawpmfy,18.9.0,3.14.1,0.2.18
6zatotovli6dufwgoognab3kwgopjqfk,20.9.20,3.7.1,0.2.17
6zt4jdrfynek5rqv2wcefkpa2vy5g6rx,develop,3.5.0,0.2.18
6zwc75peukz2esbg3q2xie6ylvrcpnwo,18.10.0,3.21.1,0.3.4
72y4thsbquwu62ojzgx7dg43qlkxxb7k,19.8.0,master,0.3.18
75t5gjfnr5oijf6uppqab4oxmbnnx2jm,18.9.0,3.15.5,0.3.7
7bsqmaolvirhwz77idhtuuh5oj4mp5w6,18.10.0,3.16.3,0.3.5
7ekcbcmwohjxommb755yggjcgyn46pnz,18.11.0,3.14.0,0.2.19
7gbcbflrlnb4xsk52bo45722d62g6ejo,19.8.0,3.15.1,0.2.18
7gkvliuyjxzdqv6blgtgj4uknw4exzkm,develop,3.21.2,0.3.15
7i23kr3tj2ei5ws3zy3ygwxzy76yuj5b,develop,3.17.4,0.3.16
7j5swpfvxlhz2wlzgo6wjaq4tsvte7pf,19.8.0,3.14.1,0.3.17
7jyjj2xre7n6gfx7pcdkxspkkzcg2y7t,18.10.0,3.11.0,0.3.10
7l4y3xhganevvq5mxkqfph5lgcrkehsi,19.8.0,3.12.0,0.3.5
7lcaxfcn52wo5q3izhiszt6wmy3ygkt2,18.11.0,3.12.2,0.2.16
7sqpxkkndqdovlbp2q2kdsdfooz6upe5,develop,3.4.3,0.2.16
7wkq7lo2456wqsau52hirxkclsbzgy2d,19.8.1,3.5.0,0.3.13
7yjdnmuvh5du2hp6jlvjbpajtlxsxlc2,18.9.0,3.13.5,0.2.19
7zwy7icikry4nq2vctduxbsyizqvb44f,21.8.29,3.4.3,0.3.4
a5g5efqfooxb7jitqaaff4j256bl2hhf,21.8.29,3.7.1,0.3.9
a5tfpvxrz2soiwbchbhcdgvoqv6fnu56,19.8.0,3.16.4,0.3.9
aa44qwo53wqfwxwnmnn6xabfeftyiwts,18.9.0,3.19.8,0.3.11
afoco3wi7lihakl24c5e5x6uq2muzgii,develop,3.16.2,0.3.17
ah7tgwaj6ykwy6efgm4gpo7zgttndy4b,develop,3.15.7,0.2.19
akwb3bl6uemq7uqhfigjga6ml7me4t37,19.8.0,3.18.3,0.3.8
aneecnxwpk37rlk7zxjebrk5qjioecxq,18.11.0,3.15.6,0.3.13
atlba3ffbofe6iboevxyf6tcxy6cfw6h,18.11.0,3.14.4,0.3.14
avowy54xhe6njp4ijxcinvork44uebql,18.11.0,3.12.2,0.3.18
aw6s3q5mfhxo2rjlnptyg6nhgrvdghdm,develop,3.19.4,0.3.17
axsf3uibjnfjzpmlbfhjs45nztqi7dzm,18.10.0,3.17.3,0.3.18
ayq6u5pggpkuk4kniuftzl4xksjndalv,20.9.20,3.3.1,0.3.14
ayzdqzor2opw5ud7b54gk4uic3ou7gsf,18.10.0,3.14.3,0.2.20
azb5sgxil4jjkqltg4tboeptgonpdtww,18.11.0,3.15.5,0.3.9
b5daezxtjm2dd5po4fsoxjqksnn7cmcv,develop,3.15.5,0.2.17
b5xetfioov7jqf3rxq4b7whs3vvr6lwg,18.9.0,3.14.1,0.3.10
b6d3qaqr5y3mpni4fdbc2zfyog24eyqo,develop,3.17.1,0.2.19
b6yxwz5c6gqoqnyr4tbh4abw2vm7kais,18.11.0,3.11.2,0.2.17
bcxhulwn6zzag7innrughglg5ajewb67,19.8.0,3.20.5,0.3.14
bhgroaxmbbqlg4uczczeccygpcpihe6l,18.11.0,3.11.2,0.2.16
bie33cnjjfcuwtaf2dnioyvoi5kps74p,18.11.0,3.19.8,0.3.5
biszt44l3jpdnrzlbwjm6ec34q77i7z7,18.11.1,3.14.1,0.2.17
bjkp3qcpte276ktyyu4b6d5yv6s2t55e,19.8.1,3.5.0,0.3.9
bkcp5tyy6ehho7ip7b35bsfb7ugmwqnn,21.8.29,3.4.3,0.3.7
brpniaqvaa3i7dpfgqr2fzdkjmv3ib3k,19.8.0,3.16.4,0.3.18
btjibnxprt4ecva47klqpx5rrtkfviub,develop,3.9.4,0.3.17
but4a4onpet53ul5owhmn42z6zeuitv5,19.8.0,3.1.0,0.3.4
bwycdvsqss4eimwdegu2cbdpvznahjiz,develop,3.21.2,0.3.18
bxkmoiexapbbm7z4egztw74nyrk4yhji,19.8.1,3.7.1,0.3.18
c4pkeif25c7yqjzrds5u5nmntniw5fpj,18.10.0,3.15.7,0.3.6
cc2eztwrcfp32f4do5fks63ncxtxacp2,21.8.29,3.8.0,0.2.15
ccm5jo2fhchryvdf2zn24i3vhwgesmye,18.11.0,3.10.0,0.3.18
ce4p5jmsirmcicknmrwyxc4nbvvxgkj2,19.8.0,3.16.9,0.2.19
cijevokzo2ngxsio6qkl22zxh4mg7q52,21.8.29,3.8.1,0.2.17
cldwokerr45fda2t3pszkkzr644geeap,19.8.0,3.21.1,0.2.19
cmmrrtay3o6temzl4vw3w33gjzk45lzk,18.9.0,3.16.1,0.3.17
cqyfz4wpcl54vvg5l4wf7tivjrv27l5e,21.8.29,3.6.1,0.3.9
cvlqq7aacs4tjqstoxst7ih33hcmc2x5,19.8.0,3.19.1,0.3.10
cweaiixqtomhtl5d6urztncjx7puncwf,21.8.29,3.7.1,0.2.20
cwz734qx5wl7ccc53fzw7bxla3lfw2d7,18.9.0,3.0.2,0.2.15
cxdopdmqcxgm35tserwrsbic7ybl6xhs,18.11.0,3.8.1,0.3.9
czboixf47rpigwvzfovc76vqlujixpnz,18.10.0,3.18.6,develop
d3fn74b52wicvi5w23yi42qkyf2fyp6z,18.11.0,3.12.4,0.3.17
d4a4nnvgnnqzirakbymaccv5apbhet6t,19.8.0,3.7.1,0.3.15
d4m72kse3b5vcvo7gubj2wd4chels3aq,18.9.0,3.21.3,0.3.14
d4xor3icgu7bpblc6hqini63hazkb7lh,18.11.0,3.11.3,0.2.15
d53jrmjvl2i47qccy25djg37ahegdcfm,develop,3.14.2,0.3.12
d6c2jka5z6g5cw5v2q46bagvxcdxdw7d,develop,3.11.3,0.3.8
d7mtnteo6ajwsk3wtl42kohre6mgrct4,18.11.1,3.5.1,0.3.9
dapz4zvcz2vdpgqurednm2w2ynwcgnj4,19.8.0,3.13.1,0.2.17
ddwk7sujy7sckvgvzhmvrc2ftwaziwyu,18.11.0,3.21.1,0.3.15
dfpm2yzyo3vbnsclhlw6bvuqpqr7zdb5,develop,3.13.2,0.2.17
didrgois3jpeh7jmyzniatmrne4m5fzp,18.10.0,3.19.4,0.3.10
dk62mhxqypt3xygpwcu24rsauohhsqth,18.11.0,3.13.0,0.3.9
dns2drhzkdatk6kamdyojgrvvnsxtkie,18.9.0,3.5.1,0.2.17
dnw5whk56k4pwm73f3qj5ypwucdcwe4l,18.9.0,3.21.0,0.3.10
doskzqwnifrswem6gto2tcrzeyfauc7q,develop,3.13.0,0.3.6
dvwmlmrnvmup5elzedckiyfh5uxhkxdz,develop,3.13.2,0.3.8
dxfjngt6qubfcrivffpbipv6uw4sb5zh,18.11.0,3.20.5,0.3.9
dxvonkja3gdiilummcwlr5lavju35g4s,21.8.29,3.7.2,0.3.9
dypo65jt62qtiqeq6xohnq72mm5lghvu,19.8.0,3.8.0,0.2.18
dzfbuweno5mojx5yzidzztjph5hr44aa,18.11.0,3.14.2,0.3.9
e2342m3qjfavp5nojhb7qs4yz3tble6d,18.10.0,3.15.3,0.3.13
e2xmuyie5o2xgsf3h2dexjfznyh5igvh,18.9.0,3.4.3,0.3.13
e4gffrndw4elop5h2na2wf7xwopsk4zt,18.9.0,3.6.1,0.3.8
e6xxkilr6537ftlcibiyhd7l3tiaxhex,18.11.0,3.18.0,0.3.17
e76zhrscfdjhfecdyijxw7kqpzerzrrh,18.10.0,3.20.1,0.3.14
eazi7a4jadbjqrmxma45ydmai6vlh6e3,18.9.0,3.18.5,0.3.7
ekhdbjlrvxh7fkcylsgtqbraylxwv5hc,18.10.0,3.4.3,0.2.17
evcvwqwe56jbeek6hfgrihv733pcyvgz,18.9.0,3.13.1,0.3.4
ewfcrxuf4ncit45e46cfe34c2kjzczub,18.11.0,3.19.5,0.3.6
f4ibyviokuf3d7dc3bavlqb67vacueew,18.9.0,3.14.0,0.3.14
f53a6rd2kjkooswypzsbsnpmqb4ohprt,18.9.0,3.6.1,0.3.16
f6z5cli3nudleb4cqv4guyskl344wdbd,18.9.0,3.18.4,0.3.18
fbmlnu5dww7p6dq7lcrbu7r7xb4s32oy,develop,3.15.1,0.3.7
fff73uttw5bv7oemj3eorcveoyw6tzu6,develop,3.7.1,0.3.12
fg5435vf3tk3kualdm56n23oaa2xvyh5,develop,3.16.6,0.3.6
fm3ukhlqo5fkwv373ficpe3wfnzda52o,develop,3.1.0,0.3.18
fotrpjodszt3q5vtld32gmvsxvnkmtfh,18.10.0,3.16.3,0.3.4
fq6l6muzubuta2q2l2s44lzf7p455i7m,18.10.0,3.11.0,0.3.18
fspmgxfxqmrgh36yejjkwribbr2yuqoy,18.10.0,3.17.3,0.2.15
fu2ntdhgiu7os3dlas24enednnulyon3,18.10.0,3.22.1,0.3.10
fv6gz73euye2yijrnsv52uvyhhryjwgc,18.11.1,3.19.5,0.3.9
fws4qm77r6ekv6ov7l46eo7toosjcgq6,18.11.1,3.8.0,develop
g2cahr34vhzy2tu34fkmfwsk2lk4audd,19.8.0,3.13.5,0.2.18
g3zauvai5b4loxml75cf5z563jjv2phl,develop,3.14.2,0.3.18
g5prs6bbwnbktmpjhodmed6eyz375yx4,18.9.0,3.16.6,develop
g6wznokbspxme4x2fofjo67u3srv6ihv,20.9.20,3.6.0,0.2.16
gewyw2cqphg7o4jf5g4bklgglppeyvul,18.9.0,3.8.2,0.3.11
gfrlnqo4hmtq7vxps3e5d3roowwmag4m,19.8.0,3.13.0,0.3.15
gmhnefnd24unmmjbunilg3x2yk73x7rg,18.10.0,3.18.0,0.3.16
gno6lh5j2kqqenf2vqdagt5hwtzudxfr,19.8.0,3.16.6,0.3.9
gu7m6br7o43ps4darqytzpgu3hiamaqq,18.11.0,3.16.7,0.3.13
gufhrimms3fclkqp6j2gyfjbx6qnxmb6,18.11.0,3.11.1,0.3.4
gvi4pooynqotawym6psfleybt45r2e36,18.10.0,3.20.2,0.3.8
gvmomacshynu5gys226d4uuhbp34kji7,18.11.0,3.16.4,0.3.8
gw5aksqx57d4gswzjypb5zmas7oh5dkg,18.11.1,3.6.1,0.2.18
gxe3v2i5aa3jtjhu7iusipndocsy75mn,19.8.0,3.19.8,0.3.15
h5kgcbm4ncbd2pfo4k643gyjodbq6qfn,18.9.0,3.4.0,0.3.7
hdaftribwm33keohs7wwhvzd3xe3gsqs,19.8.0,3.15.4,0.2.15
hjfw3evqlydevvvt77nh2xdsxt5vyuhu,19.8.0,3.20.4,develop
hoqp6b3jbfyw6q72nd6gbbwjbbv67s34,18.11.1,3.5.0,0.3.8
hpbhxj2zdqhampuiselhvwvckimkivhg,19.8.0,3.10.2,0.3.10
hrwtw6vd46tihzndyoogv3e43x34hoyz,develop,3.10.0,0.3.7
hxwoflym5dhavv7ibuoroezbehft5dyy,19.8.0,3.5.0,0.3.8
ia2fkkzgip7nrfelody3yynmwgpd54rs,18.9.0,3.16.0,0.2.20
ibxyw2py6lpfceexvztt4w6llea5764v,18.10.0,3.8.2,0.2.19
ihhipx52pslbag43hc5fde3u6nmxab5o,18.10.0,3.16.3,0.2.20
ihponkcnkqf4ihaaedvhlwjari7z7p5c,18.11.0,3.12.0,0.3.16
iixlzjvpqwoqewzata5uh4hmxjmenynu,develop,3.7.2,0.3.16
ijrasiywqu2lzmx2gq6uivvmf7uyekbw,18.11.0,3.11.4,0.3.16
iosz6htq6cwso42dqw3oryeto2l5wvnf,18.10.0,3.21.0,0.3.11
iot2i7z4oyzxkgq4jbpmwpxz7r7ffon4,18.10.0,3.12.1,0.3.4
itu2a5qdiv6bdjok24a2eoammaqiirtn,19.8.1,3.4.0,0.3.18
iunvzd33bqnqeyxwwj2emed6vldag4bi,develop,3.15.1,0.3.6
iuz2figq7euhxh3nx5deaujmwl5tmxwl,18.11.0,3.11.1,0.3.16
ixcnhv32saarj2bpmvjryazd4jvmp54j,18.9.0,3.15.5,0.3.11
j27aqculq4hhwfv35zeifnh5xtbzv3fr,20.9.20,3.4.3,0.3.17
j3ijcxeb44dhtvjr3cpnlwfr4djox63p,18.11.0,3.21.1,0.3.9
j6i6lidyqzizg4fdiqyxkmoox5f4al6g,18.9.0,3.8.1,0.3.9
jab2lkp7ahiqaga5gl6bnewby2ohjalp,18.10.0,3.14.7,0.2.16
jajrjsepc3jecrh5wuygquftpzjpamz2,18.11.0,3.18.4,0.3.16
jcynbsnpfy6kajhnorfssslu3hbzdo4y,18.9.0,3.12.0,0.2.17
jdypdps2d3m6gf23pdub7rnjy7xo3ddd,18.11.0,3.5.0,0.2.17
jgd7b4g2ktshk5yonjd6z3ypqjeuexiv,18.11.0,3.0.2,0.3.7
jgmtlqvx53grluxuvb37rzv4sm7xtzqz,21.8.29,3.17.1,0.3.18
jl277a4t3l3jubqxpv5rzbkfvefbgohp,19.8.0,3.14.1,0.2.16
jls5rewtr5vl2oahrid2oo7pz4mebi7c,develop,3.7.2,0.3.17
jlshjv7eeouwrfrquiorgpegxfyvh6ii,18.11.0,3.20.5,0.3.18
jm3ghh4s7ttpxiqmbpaj56v7xsj5aqdq,18.9.0,3.16.0,0.3.12
jm6ihobdu4xcyhspkmhxig5qjgwfyesx,21.8.29,3.4.0,0.3.13
jsyaqfvp54hvssuma7gf37cgkjj6zwwx,18.10.0,3.20.1,develop
jui54ktwkyh2fk3yzixfu6gyb6hyt4ce,18.10.0,3.14.7,develop
jv4ilszfwrvplamxj3ecsho6zgcjpmp7,develop,3.10.1,develop
jw5uv3jegsm5wczd27sbcdf5u4wfy4q7,18.10.0,3.15.4,0.3.15
jwxxhnij24jgec37w3fdwmfh2cvewebk,develop,3.10.1,0.3.5
k2l43psaasm4nxbo5k73oufms2fomxa3,19.8.0,3.19.2,0.3.12
k3pdhpijva7rjrkswbegexvv5bvx2oft,18.11.0,3.18.0,0.2.16
kee3flvswyasb235vbojfigkrsdxmjfu,18.11.0,3.19.8,develop
kemf6ybbjpi34rdcajweo53rhqt5zmr2,18.9.0,3.12.2,0.3.8
kkixyiz6x44w5h7imf2ztqof53jzeqn5,21.8.29,3.8.2,0.2.17
kmorguinqyobwnlz5tslxmc4qhscd4nw,develop,3.14.6,0.3.5
kmseenoqqxwzv7dnojlmxdhgfktlbj4f,19.8.0,3.20.2,0.3.12
knmgfjxfzqmmmj7siqptmpzoynkme6gc,18.11.0,3.8.0,0.3.6
ko62s7adkvjqsoxkklxqkktwj7s33ktn,18.11.0,3.13.3,0.3.7
kobizps4tmorcv5k6ewxj47lxbiny76l,18.11.0,3.13.3,0.3.9
kpywzokq4kmro2yqd6ytbgbpzyzrjm3b,18.10.0,3.16.8,0.3.14
kqi7m2yhxt5qadhrihfuq3zvfvtsnbsk,develop,3.3.1,0.3.15
ks5eudi4tc57aityn5bzwswmzujpe6yz,18.11.0,3.9.6,0.3.15
kul72yys4lwsdwade25muyrlotdmzxtn,19.8.0,3.13.2,0.3.14
kw2ty66ahtymxspmbufhyfk77pnqrjmh,develop,3.13.0,0.3.5
kw3sj4fcpem24egbmtrvxmqn5lxhoqm2,develop,3.11.3,0.3.18
kwdnkjunzo7bzmcae27m5iizwjm2vduc,18.11.0,3.15.1,0.3.4
l52qsjcs7bafesfmzmv2liixdpi7dazd,18.11.0,3.12.2,0.3.12
l5nwzlxbm2nvpkyt77t2t2enhsg2qk7q,18.11.0,3.15.7,0.3.17
ldffvnzbc76t2gausmihuq2h3r3gfoiq,19.8.0,3.4.0,0.3.6
lhamxcvhdtfphzrx3narnhh44zp7c2vt,develop,master,0.2.16
li6tgsefxjxcexxtiq7x6ce3xwc27aan,18.10.0,3.8.2,0.2.18
liujxzmdhfvdvbaxzsdgqucdjk2cwqnt,18.11.0,3.10.3,0.3.13
lj3r3gtbyc2vada2gd6g2ssbrgetl4pi,21.8.29,3.7.1,0.3.8
ljxg3v6h46ljd7bokrgkzthuxamwgrbq,18.10.0,3.14.1,0.3.12
lkelg2vvhkeehljjp7ayfcsf3h67rrgr,19.8.0,3.8.1,0.3.18
loc3prakx3b4ydpyczqefmu54zgzkwlu,18.9.0,3.19.1,0.3.18
ltdgpjlcuy4r24efvxrzb6ufuys6n5qr,develop,3.16.3,0.2.18
lwk25syermby7srvrwre4aocrmh57p2q,19.8.0,3.15.7,0.2.19
lwymiwpormsrqnzbtvrv32ojz2bjnbp5,18.9.0,3.18.2,0.3.13
lx6z5da7qwdfcved3z7cl7qimifxu2yf,18.9.0,3.6.1,0.3.18
lxudyaozzpzco5icvcf74rnt25fb7yhm,21.8.29,3.6.0,0.3.10
m3niwh7utujqmu7uh3oxiqgc5odpcpck,18.9.0,3.19.0,0.2.18
m46viw4u6chyydlyqf45ismtixo6z6ex,18.10.0,3.22.1,0.3.13
m5ex73etf7lsyorl6leyh5rwqjx3iujr,18.11.0,3.19.8,0.3.10
m76ehoqt5wk67wicxaa34g5vvrrev7kp,19.8.0,3.16.2,0.2.15
m7eo3l3oincij3baebj3zipuhnteviyf,develop,3.19.3,0.3.12
mi34gkoy3vfariodldvcng6vlfbwcdhq,19.8.0,3.19.8,0.3.7
mluonughzz7irp2wodqnghk625n2pxjb,18.10.0,3.5.1,0.2.17
mprbpsqswsmeeuhacpb32t3hbybzsfqk,18.11.0,3.18.4,0.3.4
mqlcv27rmjwcdzxbr2b2jqlrriyfq3nj,18.9.0,3.8.1,0.2.15
mzon6awftlhn5xvn4hjvequ7goxybmyx,develop,3.14.1,0.3.18
n2iagh3abeqraswrx26v4eyct7oaehoj,19.8.0,3.13.4,0.3.18
n2rszzkbdux6qxrzbn4ztih2iuzqv4zy,18.9.0,3.14.7,0.3.15
n6h6g5sfkwqgrz6rjpgre2zk7zxchtdy,18.11.0,3.16.9,0.2.18
nbojdyfhrxugzdivnauhxj52geci5l24,18.9.0,3.14.4,0.2.19
njeana34gnroy4y65urqlljgwi2d6m3d,develop,3.16.3,0.3.17
npclheis53mbb3ouu37jtedwymwnu54r,19.8.0,3.7.2,0.3.15
nqcgziwbwwb5u7gbxcdmhmnqhe5kmmnn,18.9.0,3.21.2,0.2.19
nqdietuovqolsgdhprgrtoaq2qwn4fke,19.8.0,3.20.2,0.3.18
nqj3kbez4yotdtgufgk5esr6vqfetyeh,18.11.0,3.18.2,0.2.20
o4ngi5q62k4vkk4j7ivqs3opdxndyj46,18.10.0,3.20.5,0.3.14
o5ghbb3yfzlwflvxjdgl4mfkztwbdamb,18.11.0,3.12.4,0.3.12
o7hkwljtvi3dzcryky6cedf7jwcy4se7,18.9.0,3.18.1,0.3.8
ofizk7ce722vurokxiluyvddbhjusibw,18.9.0,3.10.0,0.3.12
oklzrj3i42rcf4iwqh3pnh6wfabnl4n2,20.9.20,3.4.3,0.2.16
olwuxfdu5fnz2jv7crsfhp2r3bvh7n4m,18.11.0,3.20.4,0.3.18
onsupabznrtcavrb3wlssvjmfehuibxb,18.11.0,3.6.0,0.3.16
or5aybdf2sr4pkrgfpmvbklb3hm4qdga,develop,3.10.2,0.3.13
or7c3v7juxbtvceuzxnoyt3h4kkw7iq4,18.10.0,3.12.4,0.2.20
os7ijieuxcszcmxxxcgem3mm756tnagr,18.9.0,3.12.1,0.3.15
osqa4pofnhy5yxhhpx6m3uneozt5dsvc,18.10.0,3.18.4,0.2.19
owvmikuaehytoxmcky3oehehoqiv3umu,19.8.0,3.15.2,0.3.18
oxfe6p2dz4fhiedq6t3ixpoijrfhgr7m,18.10.0,3.15.3,0.2.19
oyg7uhdudg6q3pt5dhui7awholm3mq3u,18.11.0,3.12.1,0.3.12
oyqtqgnbsdqqhhhmgwqnzp4vwolugrf3,18.10.0,3.6.1,0.3.17
oysurary3szjxiafov7idrv3ofa5ymsv,18.11.0,3.14.3,0.2.18
p2oqix6hwlayaehfo422ryge2b7lgoad,18.9.0,3.20.0,0.3.14
pd5vavqljejqrfzdbzhmwvoqaexronh5,develop,3.16.2,0.3.4
pdmrmqy4sfwnhbxslmn723frwnruqtu6,18.11.0,3.21.0,0.3.6
pg5gabew4nnme3onl3gqkanaa6l6vc6b,18.10.0,3.14.5,0.3.13
pkiqdcwekjoixvakoshm32el6rexmxsk,21.8.29,3.19.1,0.3.14
pm4wepj3atq5pq4u5g6lxxoqu2o7c2tw,18.11.0,3.7.2,0.3.18
pnu5jrnxx23n6vtxo2grjsy64btkflgl,18.11.0,3.19.3,0.3.10
popakqhlzz6pq537pr4u2kdtczngfj4m,19.8.0,3.18.3,0.3.18
porddmg573fxn3n2p55lmu7ozeok373l,develop,3.19.0,0.2.17
ptcqlkhzghogzrcjnfuctc3hu2wgijz3,18.10.0,3.13.3,develop
puiuoao5cbmngymjvflqqjdgstocczdo,18.10.0,3.22.1,0.2.19
pxis6iq2axnl4l3ith3keraalca7ogvd,19.8.1,3.6.0,develop
pxkdpkoyoy7vm35dotmwkyicltqmgmuy,18.11.0,3.17.1,0.3.8
q2aovaqpila5ti4rpkun4p3d3hp4h4cz,develop,3.13.0,0.2.18
q56ud3bm6f7gtzdsfukjini26g5kgrxq,21.8.29,3.8.0,0.3.11
qe44okvilnirpoxafi65pl34ptn2ga2x,18.9.0,3.19.1,0.3.11
qixukpup5cyw555f3hoitieg6mia35cm,18.11.0,3.16.2,0.3.4
qjcmqhitpe3x2ilevpkubdx3c72ov3cm,18.9.0,3.6.1,0.3.10
qjrk43bgppeqw5kuaqdabo4ndjjezmn4,develop,3.16.3,0.2.20
qki2q576eogcrl4sxtkn4ap4vtuyzemj,18.11.0,3.11.0,0.3.9
ql5vdb5m5nokmn2mgz7s2u3xnxxblbxj,18.10.0,3.18.2,0.3.18
qlnhs2opomhjwve25eoczhvmalwswrwe,18.11.0,3.12.1,0.3.14
quhbtswch4dzepgdftgg5tsddnrppypy,18.11.0,3.19.4,0.3.9
qzmiw6avcvav5gjlwmmdubnwas75wd6p,20.9.20,3.6.1,0.3.18
r3niqtbxodruvtz4apgulno3k2uvyv5y,19.8.1,3.4.3,0.3.18
r4gb6hoc6zay3lwfo24xf7enk35t6tyj,develop,3.19.6,0.3.12
r4tcmcwg2fcywwcz4yj2xamfhcyx6u3g,develop,3.17.3,0.2.15
r5uwh5gyttkxu2jywevfir4humqfe2pf,18.10.0,3.12.4,0.2.15
r6yd755tikmelgqzyaxodohdzexwsgy4,19.8.0,3.3.1,0.3.11
racxfncrabh6qfepqfi7qlgkpy2j4pwk,18.9.0,3.12.3,0.3.12
raz272gayt7k5in5qwgwiaz7les5i3qa,develop,3.10.1,0.3.7
ren2cge5ken3g7doag23nin6ajgxwmhu,develop,3.19.1,0.2.17
rfxhikaakkhw7vdpsdc7qc2nbljnjy7b,18.11.1,3.1.0,0.3.5
rh3nogqekaa2ngvjs3nmrnrrya2bxy4m,19.8.0,3.9.6,0.3.10
rh5gsdprpf7qbkkxdd37yserx7hiciey,19.8.0,3.15.5,0.3.18
riysk3r7l4sph3kiidtfz2aoh5wdzscu,18.11.0,3.17.3,0.3.9
rkkvfyh465a4atzc3by5x54c4pg5tm72,18.9.0,3.18.0,0.3.4
rkovxjnoieyvzu7el5feon6wcyk5gyrd,18.11.0,3.4.0,0.3.4
rllalze7tcg2zbuhgjnfhuu4oscxizn7,18.9.0,3.7.1,0.3.7
rlvdiz5gbkpc2x425ic543ydjp4jshlh,18.10.0,3.11.4,0.3.9
rlwfjowbnb7ylmcwmsc25sdbwn4txeol,18.11.0,3.18.2,develop
rp6jpehuzme43cwcldywmhtbymlrnpnq,18.9.0,3.17.0,0.3.12
rqfhhcfpmef3ad7censgbfwpnzhwrh2s,18.11.0,3.17.3,0.2.20
rqxujln5y62fg3ornctaozufjp5y3tnl,19.8.0,3.12.2,0.2.17
rrsovixdt6xtwjoz35ojqmop4h4exe3z,18.9.0,3.15.6,0.3.10
rwdku4w5yiqcpcy7fv5hbnnra6wqm2sq,develop,3.17.4,0.3.7
rxagnbxc55lj6anjzb4js224hebe74ir,18.9.0,3.14.6,0.3.13
rya5ihf7r6ec37hgujlgph5n4m5krbol,18.9.0,3.18.4,0.3.12
rykytmfc6tumevermzc4jl52roigqo23,19.8.0,3.9.2,develop
saippprc6nbto6zylepnqflruew4dhae,develop,3.10.0,0.3.6
samhci7d3m5yeecvfroudslphv2ulqto,19.8.0,3.15.3,0.3.17
sci6a6k2damzw6gh7qrbcz7okewk7gkj,18.11.0,3.17.0,0.2.19
sgasfllfpvteh2nldjcilahra4hio6u3,19.8.0,3.19.6,develop
sgibz4zw2lfbx3j676vrbhame4kemrw6,18.11.1,3.0.2,0.3.11
sgxevcg3csuk6r76f2shaw34cvm6b7au,develop,3.22.1,0.3.11
sics4lzuserl55r7vojp2nzglkqxjrrs,19.8.0,3.13.3,develop
sknx4lxsauoi6cdhc2ir44mdv425736b,18.10.0,3.10.1,0.3.11
sksa62s5f5q3noxsronaqirplx5ckjj4,18.11.1,3.16.9,0.3.13
sm4vzvy5efkbca23zm7bnmtvwebgytr2,18.9.0,3.19.4,0.3.17
sms5tmkwldrqyyndk7syonv25uulyjw7,21.8.29,3.4.3,0.3.17
smxgtzpr34udu2xexl2kpbyzimq7hozr,19.8.0,3.4.0,0.3.12
swctj7zmkz7pkoby6r6g6fbgtvdkfdi7,18.11.0,3.15.7,0.2.19
t2xlgaxxmweeylc2syh4s5zzpai34xfg,19.8.0,3.19.4,0.3.13
t3pc6fwmufrqgmh4csyvbhea6yzbf3hd,18.11.0,3.16.4,0.3.7
t5n3vygtp2bitmcxvi7bhmc5aa3kwkby,18.9.0,3.18.6,0.3.17
tcccofcu2hvfk4h4iuv736usymbooqij,21.8.29,3.4.0,0.2.17
ti6n223zhozilumhhniywekkxfxsuh7x,19.8.0,3.8.0,0.2.15
ti6vttk7oe3isrvvoiqzg6sz4os2hyxa,18.11.0,3.5.2,0.3.6
tj36pzjyzzbdc6pfuqraa4ijca3mtunt,21.8.29,3.7.1,develop
tkcyxmx6r73hljkbkwawocymgpbn6nou,19.8.0,3.17.1,0.3.11
tn3shbgjkq2yohhqnnmask6cj3okkru2,18.10.0,3.8.1,0.3.16
trej6y75yu3v7luyzmdgeuoghqsyzexi,19.8.0,3.10.0,0.3.8
tvdidg63snt2qon4lmxcyimpti5qchnj,21.8.29,3.5.0,0.3.17
tvqyi56mj5v64t376wgu6h3mgpgn6iie,develop,3.9.2,0.3.14
twcdfis4fc75wqy6k3v4nrdcejgep3i6,21.8.29,3.8.0,0.3.6
tzclohehl4zkh3sw5wzjkfvzpkfwu422,18.10.0,3.0.2,0.3.7
tzjrp6subo2edhogmrr4lbi4szwxn5qh,19.8.0,3.14.2,0.3.15
u4am4hdx6bpxiouzvpyvuzq5p42ei6iv,18.11.0,3.14.0,0.3.8
ucq7epm5yrelwuwlbp4tyvmp7ffxfv5v,18.11.0,3.20.2,0.3.5
udaxh7fjd77mhj67gc6z3ydt4uysjle6,18.11.0,3.18.3,0.3.5
uhqigckzbkgvc7lifcgu2fpjjjmgak67,18.11.0,3.19.0,0.3.11
uiztnm7qfyaam7d5uhulrrrciwyofnnq,18.10.0,3.12.1,0.3.10
usor2swfo5hydwm55tmruyd37jjr5gu3,develop,3.14.5,0.3.17
uypy6ejcynucputa5rx2bc4swkjjzfop,20.9.20,3.6.0,0.3.7
uzber2smje5giwkhxwj6k6ruvxh2vpci,21.8.29,3.8.2,0.3.14
v2tplri6xh4jxvgfavtkmjj3jgk6xu6l,develop,3.13.5,0.2.20
v37slnz7ffbfmnv6igu7w44xaexssxy2,18.9.0,3.17.5,0.3.16
v774d4p3wfowy7fsokkvaj4abvbfbhev,18.11.1,3.4.0,0.2.18
v77lbbs4gbi3bkutdqds4oludslmz42e,19.8.0,3.7.1,0.3.10
vcp6jkwjt3aqjdmqluueef45axspn5eo,18.11.0,3.5.2,develop
vczw4vs2qtgunimn7epcog6bl2oqodx7,18.10.0,3.17.4,0.3.11
vd6kdczndimzygdnvlns2wgbs7nokto2,18.9.0,3.11.1,0.3.6
vdi7h6diaodmslq4upiyyz6mdljxrqqc,18.9.0,3.16.1,develop
vhwwrynvruzzo6opkuvtnkr4zlhhdiw2,18.10.0,3.1.0,0.2.18
vmwhjm3ocn2ujmx2twdhexff7ffvukum,19.8.0,3.20.0,0.3.13
vo5frmulb6gduvhmgrmyap55axrarl6z,18.10.0,3.6.1,0.3.11
vqb6lublryz4b7zsnqhktxqapza7w5sp,19.8.0,3.21.3,0.3.9
vqfdo3ablgli6r7dzrfyavefd52pvtry,18.9.0,3.12.1,0.3.11
vtur5d3cwyengfdfz2ub65dwug3aocnn,21.8.29,3.7.2,0.3.8
vxj43op5tmptjcmsrnkw47bz6fiik3p7,19.8.1,3.7.1,0.2.20
w5zi3x2nf42pw2fvszfjmfsotx2pew23,19.8.0,3.13.2,0.3.6
wazzuyqgwjywujgifykxwhp3w753zyqf,develop,3.17.4,0.2.20
wcfvl2kl5pdkrlxe3zgyhrumodypfk23,develop,3.20.2,0.3.13
wg7gg33icclxgdnzj2co76jbrvcr6qkc,19.8.0,3.18.1,0.3.9
wgeq7yzki3ben2mspcqtdggwduaqjgcb,18.11.1,3.7.1,0.3.6
whk24au5d7c2pp4c4nudjn2us2co6r26,19.8.0,3.9.4,0.3.13
wic5qdskw5qn22y5ud4vrq4cxcrqhh2e,18.11.0,3.19.6,0.3.10
windchhnwbzmnxm4medfk5r57ihshe43,18.9.0,3.14.0,0.3.12
wkozsz2bmv2hxrxwz3rt7ugdbmtg6cvu,18.10.0,3.13.0,0.3.18
wqd4w25nmudku5kgzf27qraf74m2o557,develop,3.3.1,0.2.16
wviif6dw7bvfwc6r6p3mrlkrqc4z3z2x,19.8.0,3.16.7,0.2.17
wvlvceclqijw4lxbcwn7xd7rbslzvo6b,18.11.0,3.15.5,0.2.19
wycolpof6sg4gz7noeyhgqm6rphakezs,18.11.0,3.16.9,0.3.18
x2bbwcospjyno2bgjmxpyz7z3xguvs53,18.11.0,3.11.2,0.3.14
x62okvvw7dnrw2siqmluki4kcgoosf42,19.8.0,3.4.3,0.3.10
x76zmmqm5qxcm6bnnny37anga4qaxv6p,develop,3.16.6,0.3.8
xd2pc346ti2cbqexqbk3q3ljis7eizgx,18.9.0,3.8.0,0.3.8
xddgpfhhbfz37pvcpslwajb2s52mb37i,develop,3.15.2,0.3.7
xe3ccikp3p6d4kglc7zk7bgspujasrla,18.10.0,3.15.2,0.2.18
xfs2cqcnhe6mfk6geff4fyle25ro3fjd,19.8.0,3.8.1,0.3.17
xgw4ta3xiousccwvuz2bknuxxzsso72u,18.11.0,3.21.0,0.3.12
xm7yeysblpuf2aktfokgw2rbuuvb6mr4,19.8.0,3.10.3,0.2.15
xprnpng3m5z2af264cnghlx3cto64ygo,20.9.20,3.7.1,0.3.15
xtxjy62ex6phy6aym77z4luzjfsngeih,19.8.0,3.14.4,0.3.16
xugfiz4gyoaj7rwprl2gy2thdubb45qc,18.10.0,3.21.2,0.3.18
xwjiwmsa22jec6c63mhrko3d2wi2nebz,19.8.0,3.5.2,0.2.15
xwtrabmcttu2rwwq6bo5z672qu4nkqrj,develop,3.14.1,0.3.9
xxdqsfa553yoxlrfqr6cwq3a3gjq62pl,18.10.0,3.18.1,0.3.11
xyhfjfb6lxk4mpthjpp6yz2gkymcrvta,19.8.0,3.19.2,0.3.9
y6w2s66ifnbrgk6xqw244whtrws3hpi3,develop,3.16.2,0.3.10
yblck2nlxzxdfneskqiouqwu6kd5z6gs,18.11.0,3.20.0,0.3.11
yboeosk7ulbutzqhg7dmqfwvtqrm63m6,develop,3.16.4,0.3.6
yeg7d545dx7r2go4pcjhkzkunfxwbetw,18.9.0,3.13.1,0.3.7
yei2vuawkygk2y2zgtlfivkbvvkgo7xi,18.11.0,3.20.3,0.2.17
yi5setjhet3mgh2qrf72rqdfzbjvxzky,19.8.0,3.13.4,0.3.7
yjjjqe76zz5pazpvefwk7pt2mga67rwl,develop,3.14.6,0.3.8
ymhvkr3r7as7pg3eyfaixqbzambk7aeb,19.8.0,3.18.0,develop
ynpmesltrrb6fq3srjfchm32rtollsix,develop,3.12.1,0.3.8
yqdqmy2rq73eochatuulmyzv2ee23i2t,18.10.0,3.16.8,0.3.11
yrmjd2cnrg5wexdbhzhrvmlk3jesnz5s,18.11.0,3.8.2,0.3.11
ysl6dguxhl4px5s22u7xe3mastoc3bqb,19.8.0,3.15.7,0.3.15
ywaxbnmibmx34qmm3r4viqjg6lxpbl6f,20.9.20,3.8.2,0.2.15
ywr2nszyft7ixsmz33m73m5eeckviwle,18.10.0,3.16.0,0.2.17
yxo37lp3ax4cuyov4m2b5jz42gleu43a,18.10.0,3.5.1,0.2.19
z2okqtev66oh6p3rwdojo6yfptadsaqy,18.11.0,3.11.0,0.2.16
z55e3wq5disopsicrrvxam2bfe2x5w6b,develop,3.14.4,0.2.17
z6qyrbxlghgbs7cqavl7nkla4fbcslg2,18.10.0,3.13.1,0.3.4
zbh7cfh6svm4yi4vrkqpyfvqeyecbhja,19.8.0,3.7.1,0.3.8
zbqw7f5klev3jke73rwdtloac7xslcgn,18.11.0,3.15.4,0.3.14
zg7ji5eua3im3iltva4327npwzxejwxp,18.10.0,3.22.1,0.2.15
zh2qcixxosawjp4ug6x2fvgbjiiuxl4k,19.8.0,3.17.1,0.3.7
zjepytj2cysj5yvlxmxtj2ixmjlsf6rs,19.8.0,3.10.0,0.2.20
zmyi7vrw7c64kuo2hoc5uvleol55h5iy,18.11.1,3.7.2,0.3.15
zowuass62czxmudfafima5kbifwd3d2l,18.9.0,3.15.6,0.3.12
zrtkpphxxsapcjvm62etmprziaejj5uc,18.9.0,3.7.2,0.3.18
ztsiaibzeicp2a5xgl5xqi2hp3q74gff,19.8.1,3.5.1,0.3.12
ztu2ph7ym3mjrd35vidngiwbdtphernh,18.11.0,3.18.2,0.2.15
zvwkqhnhsveuggs5l5uot3sona6ysy56,19.8.0,3.16.8,0.3.7
