,libfabric-version,pumi-version,cmake-version,mpich-version
22dptqcdsktmcp7xseumgu53rphpjgei,absent,2.2.1,3.19.0,absent
22rkh2xiwy4gwkabt5b3l5376whvonjo,absent,2.2.4,3.16.9,3.1.3
236scndh774e76enuph7hforvjahtkgu,absent,2.2.3,3.16.9,3.0.4
23ngarzacstz3eizjgr4fmc2dacaecz5,1.6.2,2.2.3,3.1.0,3.2
24cfdrhtqmbopufzs56h5paqd25w2e5l,1.14.0,2.1.0,3.13.3,3.3.2
24eomrz6zgsie6ypibgp7nyvme35auvx,absent,master,3.20.0,3.1
24nkwmuxinmzia2o3zkjoin2wiyj5zfa,1.14.0,2.2.5,3.21.2,3.3
264qbmxardgfphmygtaedjsrv2cat7sz,1.14.0,master,3.16.4,3.3
27ibe5wjz3e5zoz6i26kmyu5un2ikajk,1.14.0,2.2.4,3.6.0,3.4
2e7aki3cektlzlsqoftfwwpuddmrjx3k,1.14.0,master,3.10.2,3.3.2
2fc3tpoqdwptnczztqjm6xn5tzlbpmx6,1.14.0,2.2.6,3.5.0,3.3.1
2i3ra4dari6lw2tux2oa3nhz4jwgrvsm,1.14.0,2.2.1,3.16.2,3.4
2iknyboezkbl7r4ra5icaneptee2udzp,absent,2.1.0,3.19.0,3.1.2
2jedytzbr62r35eusgpalwg7l6xlrjdq,1.14.0,2.2.6,3.9.2,3.4
2l5wcgf3eajwxslmgndmww3dxp2tdtys,absent,2.2.6,3.14.4,3.1.4
2m55enkqjh4rsyk5mmeqcg23dez6ewxh,absent,2.1.0,3.13.0,3.1.1
2maowdeeddxnt4lqjpc23nqtbkpgeiv6,absent,2.2.6,master,3.1
2naiczr5uh4mxkandc6mv4jcanegmyqx,1.14.0,2.2.6,3.9.0,3.4.1
2qfqczdfa6rs4nhozw6lpgpaz3oeejsh,absent,2.2.4,3.14.5,3.0.4
2sorfyfsrm4mslkopxwt5p22q5ju3nbc,absent,2.2.6,3.15.1,3.1.3
2tgwwc6fgpczhv566qyhy6zzeeemeo6q,absent,2.2.2,3.18.1,3.1
2tsk7dkfmaatsjaxglxj2pzp7rk6zcez,1.14.0,2.2.6,3.15.0,3.4.2
2umquip65x2ikuijknm5j77dzx75p3po,absent,2.2.0,3.9.0,3.1.2
2vexs2f5y2xpg3tqnyzta4cqwb6gnyyw,1.14.0,2.2.0,3.16.0,3.3
2vgxxqwhn52hgqfaevraz65acgj3jry6,1.14.0,2.2.6,3.16.6,3.3
2xmxu7xy6iu4g76fnhzbj5shdjn2az5f,absent,2.2.1,3.14.7,absent
322n5fguu2quw3i3gttg2eliy4ywe4p2,absent,2.2.3,3.11.2,3.1.1
33qycydlzdcxei5ukt5uz74nde34epjc,1.14.0,2.2.0,3.18.1,3.3.2
33qymqbczrqzmxd453sw355yrbmrq4jz,absent,2.2.6,3.18.2,3.1
34lr2qhfng4nm633lyqlpketbofxhshc,1.6.2,2.2.6,3.17.4,3.2.1
357s2uislfoogd7fumlrjeyrvbbpadze,1.14.0,2.2.2,3.19.4,3.4.2
35fpxtc6yq46zp3taoyvz27mcnhltimw,absent,2.2.1,3.13.4,3.0.4
35ftwy7lujaowyct65da6gjrqrmkehpz,absent,2.2.5,3.19.6,3.0.4
35p7qaiiojc47jpdzl77a5qmgvnxbvkw,1.14.0,master,3.14.2,3.3.2
35rxeqhq7qo7rdardrjwcklhg4tmjz5n,1.14.0,2.2.3,3.11.0,3.4.2
363za5v6y5hjqq5qikg43iv6lhfvcdf2,absent,2.2.1,3.8.1,3.0.4
36bxdm5mkcfam3oobrxgefjjcwvjxmo2,absent,master,3.13.5,3.1.1
3a2gvsxnklhe7ndgpxgn27umtyctfwhf,1.6.2,2.2.3,3.19.8,3.2.1
3anexjl7kkx7c5co67foewe5pu4xqyw5,absent,2.2.2,3.21.3,3.1.3
3cosd4zqeht3e6euw2t6ziedhsaoazsl,1.14.0,2.2.4,3.20.3,3.3
3cuqdjbnv5umcnr2yrggrfe3kdpdjuww,absent,2.2.1,3.10.2,3.1.2
3dp6jk7ob7hbwediifiu6lr5ymldtiba,1.6.2,2.2.1,3.19.4,3.2.1
3eewelycwpi25s6tghn7tasg75h4mrh7,absent,2.2.2,3.6.0,3.1.1
3flxchx7m3dz2o7f27hdgv77e3jndmy3,absent,2.1.0,3.13.5,absent
3gmpujgovubauihrzjkyp64rcy3upzd2,absent,2.2.5,3.14.1,3.1.1
3h3pwnejrpoymfogdwk44mzxqkrncjtr,absent,2.2.6,3.8.2,3.1.2
3hbo7a33bkfwz54rrxvwocrfzfy2jp5d,absent,2.2.1,3.10.1,3.1.3
3is7lk7vazcl4fvmhyb4qyjskw3ttcq4,1.14.0,2.2.6,3.9.6,3.3.2
3jg32ne7ah5hmz3u5enjjuhbbtt2v2w2,1.14.0,2.2.5,3.15.2,develop
3ndl5eez3vh5bswp7mrmhmqb5jjm26w7,absent,2.2.6,3.10.0,3.0.4
3nfaxuzbcvyx4qbmgxjvdlbaqfaiytq7,absent,master,3.16.1,3.1
3o6246h3e5jzak7v5rsapgmzf3hyznl7,1.14.0,2.2.6,3.17.3,3.4
3pp6nuipvb3pbgv6qbkf56f2ifwnxego,1.14.0,master,3.9.4,develop
3qu64zirtn2r63dvoowjos7sx7xojlrp,absent,2.2.5,3.12.1,3.0.4
3quuzcbqj5lpxmyvy3jta2zoeg2jh5sc,1.14.0,2.2.0,3.20.4,3.3
3srh35ufzojnpmicdm6tphfv766nsglu,1.14.0,2.2.6,3.22.1,3.3.1
3uaewgvx6lv2nq7y3u3tvamh5vvf7q44,1.14.0,2.2.2,3.20.0,3.3.2
3uoxshd5hfstdn2umk7vgmvm7q2ww62n,absent,master,master,3.1.2
3urwgrbafsqcu7og7bszkohea7ayz7d4,absent,2.2.0,3.19.1,3.0.4
3vl73fpvkirbhfr47ez2sgqq5r7qujsg,1.6.2,2.2.3,3.19.8,3.2
3xxuqpav7xu2k34upjxe4pay7tssbxpb,1.14.0,2.2.4,3.9.0,3.4.2
3zb7ldj6gc6t52tenyi7esgfhetrzq5i,absent,master,3.9.0,absent
43kjcynkcamlexg5hv4hnvii3piiksok,1.14.0,master,3.19.6,3.3
44hyyaomswkv753chyaxqhvkojz6ovgp,absent,2.2.5,3.9.6,3.1.3
44owhzcwioipwiynl465ffpexqkuniwj,absent,2.2.5,3.8.1,3.1.2
457yqtulc2iumcc6gri7mvxbfs7g37vj,1.14.0,2.2.5,3.10.0,3.4
45cpjyilrmrs6yw2uu7eb2hhddyl4jzj,1.6.2,2.2.2,3.20.3,3.2.1
45qy5yx5flarxmgvjhgrjlx6ub7ohmci,1.6.2,2.2.2,3.12.1,3.2
46agdhsbl4hsowwbg2yuz5to6jrbnxhs,absent,2.2.4,3.4.0,3.1.1
47hilsgoffkmyhwlppkp7sx223qia6qu,absent,2.1.0,3.12.3,3.1.2
4a64wc5u35q7e2ecg4kjmlayolyrvrxz,absent,2.2.1,3.18.2,3.1.1
4azytdnoxajvtsjfo5kiftvibfg3xlq7,1.14.0,2.2.2,3.15.1,3.4.1
4cc2x2a2titnqi4jhiuvzgw2e7ludrn5,1.14.0,2.2.0,3.15.0,3.3.2
4ffqrm5xcwhclpjtaewjci62pfubjmsq,absent,2.2.2,3.11.4,3.1.3
4hh42zqq7vioairfv27ebxnhukwsgw3v,absent,2.1.0,3.16.8,3.1
4mgzhvwzn5adkc3mcjjetnduj7eryu4q,absent,2.2.4,3.17.1,absent
4mhjzacan5bw3rfqblzht3pqwesqt6cz,1.6.2,2.2.6,3.9.6,3.2.1
4nyplww24nbwk5hys2rquxx7c36ms4rw,1.14.0,2.2.3,3.13.1,3.4.2
4oxsmp3kumbngi4vfbsve2cqlavfft5h,1.14.0,2.2.6,3.11.1,3.4
4oyj5bkfk63kda4ez2fva7vwcaibs6ws,absent,2.2.5,3.17.5,3.1.2
4qxtrzflmnozxulkfj3lj6frka4ylta7,absent,2.2.6,3.21.0,3.1.1
4rwc4cka3lbyrmrb63dosp24cucs5z6x,absent,2.1.0,3.14.4,3.1.2
4scufqgwzusywfj5d4acmkuyqml6uyta,1.14.0,2.2.6,3.15.0,3.4.1
4upyrgrcltyb6tby3m4vl44k76cqkkzv,absent,2.2.1,3.20.3,3.1
4wjgeli7ey2ffp7lisldf3citrljj536,1.14.0,2.2.4,3.20.1,3.3.2
4wvw25xwtzatysiozac6iqrma7w7yzve,1.6.2,2.2.1,3.16.7,3.2
4yjycecm34kooeymnzbyctmkhvlpbewu,1.14.0,2.2.3,3.18.4,3.4
4zm6wbuvyollpvemgnsa3k2lo76lborx,absent,2.2.2,3.16.2,3.1.2
52p3yv2fdcdnexq3arpnyexgqjoyu2mu,1.14.0,2.2.1,3.11.1,3.4.2
532bhlstvac6kgpp4ewp77e3wv4r5emg,1.6.2,2.2.4,3.9.4,3.2.1
53j5jy52bwbvp4qmuwfqkovkpiltivcx,1.14.0,2.2.3,3.16.9,3.4.2
542nisv7aecbkt3ogkm6j45fcfyx3ox3,1.14.0,2.1.0,3.20.0,3.3.2
543nimv5tiri2ben5leac2on5ism7nrc,1.6.2,2.2.6,3.10.1,3.2.1
55sobu54uj3iwjly3ewtop5ag3nb63rt,absent,2.2.3,3.16.4,3.0.4
57rjrxigoj2qcdzhin3rc4mao7vkfulm,absent,2.2.5,3.5.2,3.1.3
5a3lprnnmjhhzohphczcnwk2zunch35k,absent,2.2.5,3.19.4,3.1.2
5ajj24vhkdn5iswcdipge454cneadvhc,absent,2.2.6,3.10.2,3.1.1
5bogrdi3izngrnoygzsfungbeblghhzr,absent,2.2.6,3.20.2,3.1.1
5fqocz4ciy4rldx2diwuq2w4epi3icfd,absent,2.2.1,3.18.1,absent
5jcrfzmueujqt7tq3uh6bagsmzmeyutm,absent,2.1.0,3.19.8,3.1.3
5la3rj5wif7eteahdhwmcmubbznzcakb,1.14.0,2.2.5,3.16.3,3.3.1
5m4ecd7soxuumva7ofquborp6i7f4uyi,1.14.0,2.2.0,3.21.1,3.3.2
5o6gouyawnvkfrnsgigxf2dmqeygaaee,1.14.0,2.2.0,3.13.1,3.4.1
5ultpypwwfrxs3bomghiqzvt6l4fhrpw,1.14.0,2.1.0,3.19.4,develop
5uqugmgohpk6anbzxqrw2sucjt2pjquj,absent,2.2.1,3.6.0,3.1.3
63vxqgpzyctbbn2coi7bkwy3ektnxqld,1.6.2,2.2.1,3.1.0,3.2.1
64gebke75k4j2c7xvmx6he5pu3xwehzy,absent,2.2.1,3.21.3,3.1
6663s6wrw4caqneo7inmmndibr6d7czp,absent,2.2.1,3.4.3,3.1.1
67czeluffedbxjir7znfsitaq3djv4nh,1.14.0,2.1.0,3.12.3,3.4.2
6atd7ufzh2bcxticfkwofdlbc7sopfgl,1.14.0,master,3.14.3,3.3
6bh2fmievbvxb47mhheggjryncinkm6e,1.14.0,2.2.6,3.14.6,develop
6bnf6tmscjq34upxou3wors7xdt2xhgz,1.14.0,2.2.6,3.19.3,develop
6i2lfiuhsr4uqx3mfoavgrhu2vqxu22a,absent,2.2.3,3.17.1,3.1.2
6ifw44nao4p276xcsrsd6m46ghddrzdq,absent,2.2.4,3.1.0,3.1.3
6jdctmz4upon5idm7s3lb6eqgerifjp6,1.14.0,2.2.5,3.11.2,3.4
6kjkogm6xwf7iolwaug4sgflnphdszkx,absent,2.2.2,3.14.2,3.1.2
6kpkgmztuave7sz2t54nwjw76f6phhit,absent,2.1.0,3.5.1,3.1.2
6kz52qsc73kq45mqed3nx42mmmj43f4m,absent,2.2.1,3.9.4,3.1
6lafog3sokfyxq25v7oibx5arpyux2ja,absent,2.2.3,3.13.4,3.1.3
6luqmqawnd4ddhjpu5qlilvybq24kxqw,absent,2.2.1,3.9.2,absent
6mvbwiizsenscrbq2gxalmsl5dsmh6y6,1.6.2,master,3.19.3,3.2.1
6nge4szb3iodhxfqck5yhue7jg4rx44q,1.6.2,2.2.6,3.16.7,3.2.1
6nisbm6voqi3qutf7lvd4d762whystwv,1.6.2,2.2.5,3.18.1,3.2
6oa26tbfrtayv6y2rus3g2hegivb4s5n,1.14.0,2.2.6,3.19.6,3.3.2
6pgey6yfqp2ggzerbe2nh7lgn5333gir,1.6.2,2.2.1,3.9.0,3.2.1
6qrsl4tffdhgpgj4vqoaornihnuz6eke,absent,master,3.21.0,3.1.2
6s527u2jy5ygsnyujrcfma2fnc34oarm,1.14.0,2.2.0,3.12.2,3.3
6szu6ldxabwwsf3dndd5b5xcu36ogyjn,absent,2.2.2,3.11.2,absent
6txzdvuw5bkjyqmzcrivmyy3hjlryeeh,absent,master,3.14.2,3.1.3
6vskucowtcf6lrgj5tsircvgovf6cy4h,absent,2.1.0,3.18.6,3.1
6w6ulnk7suge4lsb5gt4qknoahl3slql,absent,2.2.3,3.7.1,3.1.3
6wavaw22eydnowhydfgrcne3oikkpk4y,1.14.0,2.2.2,3.17.1,3.3.2
6xycairckargkynqta4k3zzvf5eyabpf,1.14.0,2.2.6,3.13.0,3.4.2
6yxz4j6jyabivfmjyqh33vofvpjhwdks,absent,2.2.6,3.12.4,3.1.3
6zlanevk67zbw2c4aez5x75g5r4j3mm5,1.14.0,2.2.6,3.8.1,3.3
6zwddr75zqhohpcnsnif7fv5kmq26ikh,1.14.0,2.2.2,3.16.0,develop
72l5cnasdglnzvvupu5yl63uvglym2cd,1.6.2,2.2.4,3.5.2,3.2
72lcux3zf77j3emdckjgh3h6fb5xlcrp,absent,2.2.2,3.11.3,3.1
746semzr7h7bppcbhcl6nxrgnkbq3oti,1.6.2,master,3.8.2,3.2.1
756odca4sthhylwfuks4ztmuxdlmhb7c,1.14.0,2.2.6,3.8.2,develop
7bmhpn3qd3clfxxbdexhs4tbapferpi5,absent,2.2.2,3.12.1,3.0.4
7dbc4vvkkopb2e5rr7necyps5kcszefn,1.14.0,2.2.0,3.15.5,3.4.2
7ekhk7d5eov4cbq6hci5z3tzbbmrnrjz,1.14.0,2.2.6,3.16.2,3.4.1
7evcdoih5hwb647ucfx2vynj6uzl2zqg,1.14.0,2.2.2,3.16.2,3.3
7eyzrps6elmhscxarckafh5o6u3qxo5x,1.14.0,2.1.0,3.15.6,3.4.2
7gbclz4zdudgbxpe2clwdalzwtxcpyiy,absent,2.2.5,3.15.1,3.1.3
7gitgu7vnqks2degliilx6nuicvvs2nc,1.14.0,2.2.6,3.15.4,3.3
7j36onnm5b4ckrnw5yls7eyrc5lrombp,1.14.0,2.1.0,3.1.0,3.4
7jbpfcivhoonifb2owagzkvkwsgiia5p,1.14.0,2.2.1,3.14.1,3.4.1
7jjloke67nxrxy6hbxxpf3b4yiejuuie,absent,master,3.12.1,3.1.2
7kw36nhrurcxkjpcl3oweera2xkzj5ym,absent,2.2.5,3.14.6,3.1.3
7llbf7rvp45i665nju5wdsmeg42r7x5k,1.14.0,2.2.5,3.8.2,3.4.2
7mwc5gjd6bp5jvfwk5pre2nmpsxfibvn,absent,2.2.6,3.20.1,3.1.1
7neuvs77ke5axb3u6ucu5abgxtfjraeu,1.14.0,2.2.4,3.12.2,3.4.1
7njngjlffe2lnv6u4ofxy5k3uhwm3srr,1.14.0,2.2.3,3.0.2,3.3.1
7obvqvyb457skv4gmmmo64fltjsvw7ts,1.14.0,2.2.5,3.11.1,3.3.1
7r33iak3flaalxliydv6vwckbnwm4bpo,absent,master,3.19.8,3.1
7raxm5qal73hudigy4dxidbxfqfzxqkr,1.14.0,2.2.6,3.19.3,3.4
7rgdtqgetzfdzlnthbsaaaep3ygoszso,1.14.0,2.2.4,3.9.2,3.4
7tey5jfh4n2phys36lpzmafkuiley45r,1.14.0,2.2.2,3.20.2,3.3.2
7tgyx5vgti2umlvxlwa2divhef2x6e5v,1.6.2,master,3.15.4,3.2
7vbhtocmbjuyspommkrni57dwhpnfhje,absent,2.1.0,3.7.1,3.0.4
7vcrqwchphllb46fbcx7gtzfnx6cog2l,absent,2.2.5,3.14.5,3.1.3
7vjgkylb3f64nq7kyufxnhnmo5ikizek,absent,2.2.2,3.12.3,3.0.4
7wbgthesermguy57aw6fshz6mpixjot2,1.14.0,master,3.15.1,develop
7xhdleuz3hfvt42hppriwqvnmppltj65,absent,2.2.1,3.7.1,3.1.1
7xsfmlkz3a5neqxp2bmegwa4mptlvdvv,absent,2.1.0,3.19.5,absent
7ztiircwuycwc7cmgasugnxyb644wevd,absent,master,3.16.9,3.0.4
a25mfdqnvrihwxybl7jivk6zoziigbeu,1.6.2,2.2.0,3.11.0,3.2.1
a2qqcvhjx5fp2qofwfj4s75kevjoumsa,1.14.0,2.2.4,3.10.0,3.4.1
a2vjmnr3ogw6xbpz4n3hrgayzgturnl4,absent,2.2.3,3.9.0,3.1.2
a3tjrf3cnx3kdh53lfjziszlt4fbbbh3,1.14.0,2.2.3,3.16.2,3.3.2
a3ueifqy5xolrsxyafnfxnejbvfis2kc,absent,2.2.3,3.21.0,3.1.2
a4i45mazwyj6pkuohqdj2ymjbqezihx5,absent,2.2.2,3.13.1,3.1.2
a4olfi3oyaq4sbrt5nbadyxrpg5vrtrd,1.14.0,2.2.4,3.18.1,3.4.1
a5c4j5whbbgcswecm2ud5u7wzfgcg42z,absent,2.2.4,3.16.1,3.1.2
abvmjrmonz2ziufmrt2asvfvcm4uytkx,absent,2.2.3,3.14.7,absent
ad36dtthmjl6qzfhxzhucx52vm5xnlu7,absent,2.2.6,3.16.5,3.1.1
ad6wgr3sn3kl7e5ibuz7s35nvobu75g4,1.14.0,2.2.1,3.14.4,3.3
aedar3eant5gy4smyokeelfgwcz7qcxd,1.6.2,2.2.2,3.14.5,3.2
af4qdy27pva6a3xmcqpwp6vve2jgwpst,1.14.0,2.2.4,3.19.4,3.3.2
agdam2r6rzdqtzwmh4mcuno4mq37vkcj,1.14.0,2.2.4,3.19.0,3.4.1
agspjozwyr5qrf5eaoo2lagcyaih6fv5,1.14.0,2.2.5,3.14.7,3.3.2
ahvyzd6akuzfuionlrw75ncojtketctq,1.14.0,2.2.2,3.19.4,3.4
aizb6k4hhzlus3uj3n2bclu3rjrphn7z,1.6.2,2.2.6,3.15.6,3.2.1
amjygqshx2gu3fdbm3c6lzqbhudib453,1.14.0,2.2.6,3.17.4,3.4.1
aoek3p6s6pjbgozcoxw2r6a5f4raeaxf,1.14.0,2.2.0,3.12.3,3.3.2
aoyimaklinopiqe5eym7x6vh6u63lmhy,1.14.0,master,3.14.5,3.4.1
apspitbb66iypikt2o4gald3blhcr6xb,absent,2.2.6,3.13.1,3.1.1
apz3pwptaow3xd3wuf74qqeiia4k2crv,1.14.0,2.2.6,3.12.0,3.4.2
aqgnqqnfuhqdtmufgithpocmsfrdsxmx,1.14.0,2.2.0,3.21.1,3.4.1
ar55rupdxfwrob7anmvwzonm7kupbc5z,1.6.2,master,3.18.3,3.2.1
ar5p2725zdmtuhqb2lfdvwldccu3r7v4,absent,2.2.6,3.6.1,3.1.3
asfwx7gaaj7otwfvfmur5gimhtdlrfby,absent,2.2.0,3.16.5,3.1.1
asnzdozyziq3qm7snwtzvyizcpxot7jt,absent,2.2.2,3.18.6,3.1.1
aso5fmyn7cl5zs47c6tf3k27kycbifme,1.14.0,2.2.3,3.10.0,3.4
avzj3ylofsddhi3haqwmectgvfj2ctlr,absent,2.2.6,3.11.0,3.0.4
awzzeif6vqh4jj4h7ujamegj7jsbdyuy,absent,2.2.3,3.15.0,3.0.4
ayj4aipl33e76iyo6cfzjlnoncsvq3mh,1.6.2,2.2.6,3.21.3,3.2.1
az7qcrdthpxr4ndvkdgjw3gjngg52a23,1.14.0,2.2.6,3.8.0,3.3.2
b2hcg5zxmgbexjuyzlqyipsbspywtxmo,1.14.0,2.2.5,3.16.9,3.3
b2ogqvbo6zpsv3xea2askimbb73exujs,1.14.0,2.2.6,3.16.5,develop
b3h2m5xcbocsq7ri2h5vckeby7j7xqvf,absent,2.1.0,3.9.2,absent
b3s3v7cg6ethyphauuba7nzyags4pmq2,1.14.0,2.2.4,3.21.2,3.4.2
b4nyasa47j6se4yrjfs27bckjktmsh7s,absent,2.2.6,3.14.6,3.0.4
b4totwghmv44umplwr7yoyut3ebs7cvs,1.14.0,2.2.6,3.6.1,3.3.2
b5rcsu4s736bakngtd3ulfx3oa54krei,1.14.0,2.1.0,3.19.8,develop
b737sql3my5fed5k5exw2zs25xbev6zy,1.14.0,master,3.20.5,3.3.1
b7rhh73r7ahm3lgowhgshi7xncpig7th,1.14.0,2.2.1,3.19.8,3.4.2
b7tgwxepeuxxqtmlry6m3alpbovu4xvs,1.14.0,2.2.6,3.5.1,3.4.2
ba4sswhbme7lrslfjaklo5yvh6suw7bi,1.6.2,2.2.5,3.11.3,3.2
bbf3ps5j5j5qnxed35i3htaiwljj2fo4,1.14.0,2.1.0,3.7.1,3.4.2
bbfl73zko6lej3wvg5co7xlqbijwizom,absent,2.2.6,3.19.7,3.1
bcq4mkxxr3ufgv774mxjqriker5kizzz,absent,2.2.6,3.16.0,absent
bdj6fijsyglsrdvlo7jmsdicsu325r6r,1.14.0,master,3.15.7,3.4.1
beon2cbkg5ccf2fakfiv5lxwcdvf6vip,absent,2.2.2,3.9.4,3.1
beutulgp7azbzq3q473yiz2zz2cghbf5,1.14.0,master,3.19.4,3.4.2
bhhcszzcqb2txuyugql34aaq4ckgp5po,1.14.0,2.2.4,3.16.7,3.3.1
bk2p6osdrkwetcgtbtvl6axgkkbiy4i7,absent,2.2.3,3.13.3,3.1.3
bmlpduseiaoybiopytqnyiz4inhmg7qe,1.14.0,2.2.4,3.5.0,3.4.1
bmxy6l27z4k3leksyfevyvijw5qqoulu,1.14.0,2.2.6,3.19.2,3.3.2
bo4km4oxice2uuobtrmv324rqawt755q,absent,2.2.0,3.19.2,3.1
bponm25rmpzp2yyavkmknfj6ha25r5n6,1.14.0,2.1.0,3.15.7,3.4.1
bsyclwgeyxb44emlyuhwiepjdxwyyo7q,1.14.0,2.2.4,3.19.6,3.3.1
bvhxa4fic5dwqwgbyp5k2pn3lkwbi7di,1.14.0,2.2.0,3.1.0,3.4.2
bxbmdfytwles7lsqlpnq7vrvtjvbyoki,absent,2.2.6,3.21.1,3.0.4
byofmkhsaeircrab3q6hj5psoods3wbb,1.14.0,2.2.1,3.0.2,3.4.2
c4dwrmfio7glkcipxojzbkeoblmt6xkb,absent,2.2.1,3.8.0,3.1.3
c4sm2snwlnq33t5okfkhjydtba7eulpd,absent,2.1.0,3.15.5,3.1
c65vrbz7gxyxri325efhsnk75co3a5hf,1.6.2,2.2.2,3.16.0,3.2.1
c7vaxdenn4v62x2xvzalgevfpsq6f47x,absent,2.2.6,3.16.2,3.1.3
c7zhkluqkgwpfol6zns6otiugnn5vgxx,absent,2.2.4,3.14.7,3.1.3
can6fwnn6b2chuwqxg57pivf7o63t2wd,absent,2.2.5,3.4.3,3.1.2
ccbwcpjgiucucg32zp5pgyfk5o3cefzt,absent,2.1.0,3.7.1,3.1.1
cgkqleeehb4gglhfjawlo6qs6lq6f3e7,1.14.0,2.2.6,3.18.0,3.4
cgqfotzbeourmu4hqhviqn3fxsttzlz4,1.14.0,2.1.0,3.19.1,3.3
chmcevrmpyyypoqwue3v2c4al3sxxbhd,absent,master,3.14.1,3.1.1
ci6j3xw7vlcmooxq3qnthqck6uqm57oj,1.14.0,2.2.0,3.13.3,3.3.1
citf3wobgsfzcif7qfice3rtsozq5oqs,absent,2.2.1,3.16.5,absent
cjqkicveljyu4pfqitdjycuthjoaxw55,absent,2.2.0,3.15.1,3.1.3
ckdongsg4p5aufkvpixdtl3qxiautjty,1.14.0,2.2.6,3.16.1,3.4
clgr4pqftvpnledpb6p3v75otc4bqmwr,1.6.2,2.2.6,3.21.2,3.2.1
cm4atcmxiwtuc7bv5bknl7zksafmfoe3,absent,2.2.2,3.13.2,3.1.1
cmgdwfxqqnexqfq3oqv5fwrmjo5xdkfj,1.14.0,2.2.2,3.10.2,3.4
co5kv46asuq5gmflxuazjek3bue7a6ik,1.14.0,2.2.4,3.8.0,3.3
cqtxfhutjiypwabzhlsrfkmi52jh6672,1.6.2,2.2.6,3.10.0,3.2
cr2fbnwc7ew7ij5c3pary5ddlh5i7eil,1.14.0,2.2.6,3.14.3,3.4
csnqfw5huv4xtnvlw4ke5oxugczrdz2k,absent,2.2.2,3.21.3,3.0.4
cstp5rt6ynixhv3vre4wgubvugjyk2er,absent,2.2.3,3.13.0,3.0.4
cyfj77gjv74hxs4slzjme3bfpqstp7dl,absent,2.2.1,3.22.1,absent
cyoz3ma3ak5c7igog6xuvmsrmqqwpbe2,1.14.0,2.2.2,3.16.7,3.3
d2io4oohoo5rp666dk7bg33wzy24nl6n,absent,2.2.2,3.18.0,absent
d2ouok2jjcc3qebiia3xoaa757wooymk,absent,2.2.6,3.18.4,3.0.4
d333fwknarsqzpm7ramnv5q2nurbzrrh,1.14.0,2.1.0,3.17.0,3.4.1
d3ee4goruvgydeyvlfy7povxvz2aqpxy,absent,2.2.4,3.19.7,absent
d52spxs7lz4rkbrx7iplw5tqw54orrr7,1.14.0,2.2.3,3.19.5,3.3.2
d55ewhkuxj6gfxhxjqozqnuidsgsqhrk,absent,2.2.5,3.11.1,3.1
d5iqooi4mds5reb4napfi2quqzjsuan3,1.14.0,2.1.0,3.6.1,3.3.2
d6ctqsibu4w7dpuuepvcy3rjuvndzvhg,1.14.0,2.2.0,3.21.3,3.3
d6dimvl7dvpll2hj4rtcz4gkuvuvb36s,1.14.0,2.2.0,3.11.2,develop
d6mi7h5qnh5shnd6cbnct23pciwzeie5,absent,2.2.1,3.16.0,3.1.1
d7z6yrmcv5svwlylshlnj4u73or7qp4m,1.14.0,2.2.6,3.16.0,3.4.2
da3dpqjd2z5mlx63p5s7axzdcdhwxxrb,1.14.0,2.2.3,3.14.2,3.3.2
damzlwcjn7ssuj7w73s7244by5m3iezq,1.14.0,2.2.5,3.19.6,3.3.2
danwd4lswxq2gljn2xc634rcynpkrben,1.6.2,2.2.1,3.16.5,3.2.1
dbcvgqugb7hselq3x4kwuiocorfyyksc,absent,2.2.0,3.19.3,3.1.1
dcrg66soz5xedu62ymxxd3a2bo7ln7nd,1.14.0,2.1.0,3.9.2,3.4.2
ddqctnystfnbo2ovfk26twyrbbqcmlxu,absent,2.2.0,3.19.0,3.1.3
dfjhypctfkxl5ge3345ozljup4mrhttx,1.14.0,2.2.3,3.18.6,3.4.1
dggklmicupegm3na4n2oz55wi5rco4zg,1.14.0,2.2.5,3.19.8,3.3.1
dgqcexciw64cfe2advs3y7pmjzoo5clx,absent,master,3.19.1,3.1
dhjgwvujni2vrxa7yzsnmxg7iui6ob3b,1.14.0,2.2.2,3.10.2,3.3.1
dhrufazadj5qdxovsrjoffx57jehvrin,1.6.2,2.2.0,3.6.1,3.2.1
diu7wselqp7mepjmpll7gr34x7rtzat5,1.6.2,2.2.2,3.20.5,3.2
dkld2uefdxzzaefqieecsiuy2f4q7d77,1.14.0,2.2.2,3.9.4,3.4
dlcwwcg4wvqqanyrsu3egbzusrz5bcmr,absent,2.2.6,3.14.0,3.1.3
dsk4eyxzc7tn4msdh27465kba33uqqct,absent,2.2.3,3.19.8,3.0.4
dxifiaehuwpjxzzgr7bvt3ktezdjxy52,1.14.0,2.2.3,3.14.5,3.4.2
dynxeq5m6vhjxk67qhdqhf2tyja35xrc,absent,2.1.0,3.21.2,absent
dzapuao76trld3hvkv7nmbd33pfaair6,1.14.0,2.2.2,3.15.0,3.4.2
e2xjvslsl4tkalbbfy43z2z6nfjbfr3s,1.14.0,2.1.0,3.5.1,develop
e3tkdyhvu5b2f6yjjtcu4nnaiipa3yco,1.6.2,2.2.4,3.16.5,3.2
e43pp2okykslo7kne4hybr4arm3z55ga,1.6.2,2.2.6,3.15.2,3.2
e4dwy3zlz77mgbzecvzlzjwyxx4r5kw2,1.14.0,2.2.5,3.4.0,3.4.2
e6bw2f5i2b5l6jgnpwtwx365mc4pc6k5,absent,2.2.6,3.20.4,3.1.3
e6t6bethdxzucdto7le36obycrwnz6fv,1.14.0,2.2.4,3.1.0,3.3.1
eajs2k3y6l5znlzef3phzzkbj4hmukid,1.14.0,2.2.4,3.14.7,3.3.1
ebeqto4b6wwhyibgu2o2ifsiao2duoig,1.6.2,2.2.3,3.13.0,3.2
eblqgsx5m5klcobvgt5ixujhazca3laj,1.14.0,2.2.1,3.20.5,3.4
egwjpchvz242fyei6tqzleunu72nqcle,absent,2.2.0,3.12.2,3.1.1
ehyeemibky7we3pwcgvywi7sgr7zhczo,1.14.0,2.2.1,3.21.1,3.4.1
ejakkyzpqt56wofgx6pos4ly3oqjp57u,absent,2.2.3,3.16.2,3.1.1
ek5agorph7ilreyh7qmtsz3fvin3i3pb,1.14.0,2.2.0,3.5.1,3.3.1
ekb56zaopb5nqsqluc3egls52ie5rsp2,absent,2.2.0,3.16.4,3.1.3
elejdoowiaxigceyrdues35psmgygcf4,1.14.0,2.2.0,3.4.0,3.3.1
elgg2xua5stxiaadygaigd66sjvjezyf,1.14.0,2.2.5,3.21.1,3.4.2
elltypexu2os3gsqhziywwzvce7m6tth,1.14.0,master,3.21.0,3.3.1
elmqbwf53gdefqxissgtu6qmdcr66ay3,1.6.2,2.2.6,3.19.4,3.2
eltri7dgjomk55qc2dslykfvb567jlhf,1.14.0,2.2.3,3.18.0,3.3.1
ennu7cnj3khleroaaxiwef7bz5k3wckb,1.14.0,2.1.0,3.16.5,3.4.1
ent2xblm7afta3h7wi6n5awixtvsbrla,1.14.0,2.1.0,3.18.5,3.4.2
enz4hsjpyzpein6g5rpowmrfeohs7hu6,absent,2.2.1,3.3.1,absent
eo5r4tbu7fxkylbsaxgu545ykctc4qzw,1.14.0,2.1.0,3.22.1,develop
eorj3nrkwesxklsg6ztca4q3x7w6tokc,1.14.0,2.2.4,3.15.7,3.4.2
erephayimsp7chhfv4cclu7znsn2ihwy,1.14.0,2.2.4,3.3.1,3.3.1
esaipqwyqw3v6ebhpnegk6g57lanxc2x,1.14.0,2.2.6,3.10.2,3.4.2
esfbu5m6potfhacjy4vmksqh5kx6b6sh,1.14.0,2.2.3,3.16.8,3.4.1
etusjh5c2zn3qgiydv5dpiurj3tb3hlt,1.14.0,2.2.6,3.18.3,3.4.1
eutgistfa6xucpexfx6fxswi6mmk2574,1.6.2,2.2.0,3.4.3,3.2
evgkujd2sgguljnwvzsjzpzknqkqxgc3,absent,2.2.3,3.11.1,3.1
exb7xu6qlyglc32jhq37hckxsezcrcfq,1.14.0,2.2.2,3.18.6,3.4.1
exew3kaymtqut6j3ccgcfy2i36updrww,absent,2.2.4,3.14.2,3.0.4
exfxqqcs2ggkgekejebpmspkctz22fpy,1.14.0,master,3.12.2,3.3.2
eya2fbndjrxsph6pwggcvb3lhqrd5etz,1.14.0,2.2.4,3.1.0,3.4.2
eycrnypuf6awh6bypplfrnaj3rayon7k,absent,master,3.20.2,3.1
ezvlehawlbcmsywql5bijrpbtykguff2,absent,2.2.3,3.10.0,3.0.4
f3qn463yjewzfsbetegtd6rqiv6ei7cs,1.6.2,2.1.0,3.9.2,3.2.1
f4bqxtovb3hjqyq3qeym6yighlfz57rq,1.14.0,2.2.4,3.18.4,3.4.2
f6obuxeq3txzs4ssr352tj4bxjjikmbk,absent,2.2.4,3.19.4,absent
f74lqctsyulfo35gdull22pywinpfk2m,absent,2.1.0,3.15.3,3.1
farnqjiulczx5ngpdhnhokxx5cd6saup,absent,2.2.6,3.18.6,3.1.2
fbirygqqpwxpy4c2l63bletl4jlxyx4s,absent,2.2.6,3.15.4,3.0.4
fcpldbzql4wtnshdsd2ndzcafszm264a,1.14.0,2.2.6,3.21.3,3.4
fcv4fwgvzc2feewwmz24jt7af4j5vn46,1.14.0,2.2.0,3.0.2,3.4
fd6ctbddwppmh2jx4kchgbbsopob7xh3,1.14.0,2.2.3,3.8.0,3.4.2
fdhpmh7hjj7ll45rgaswy4pbhxsih37x,absent,2.2.3,3.15.3,absent
fg5mmnyycyrfbcixp3jroks47suh3esh,1.14.0,2.2.2,3.20.3,3.3.2
fkp4v2it25unbo32qo6qupqy5ay4kbfc,1.6.2,2.1.0,3.22.1,3.2.1
fl7l4tuwvbrlq32utmezzt5rnzaakusw,absent,2.2.3,3.16.0,3.1.3
flzlkc623y445ftlmkofzxzebiiqvg4j,1.6.2,master,3.15.7,3.2
fnnqvtv5owvbaq6m2owzuvccv3clbilx,1.14.0,2.1.0,3.18.5,3.4
fnxioqngknzogxkwwrl6cmfs3xomumr4,absent,2.2.1,3.17.5,absent
fpmu7vrqxd2aymn6ftlddordps4d32bb,1.6.2,2.2.1,3.19.5,3.2.1
fq4mzniwrzovyujtbb6rco7be4xoc3lt,absent,2.2.0,3.18.2,3.0.4
fsaz3fvcjipiilrjm47pcabva4wkvxi2,1.6.2,2.2.4,3.11.1,3.2
fse2inqywt5lh6c3y2tjjody7g5dl3qn,absent,2.2.0,3.16.5,3.1.2
fx7g5lyc7tsgjzgjkneuhxxtfe5oz355,1.14.0,2.2.2,3.5.0,3.4.1
fxtaxqpi2cxqwdvrkh5dezgb7tzzezff,1.14.0,master,3.19.1,3.3
fyypcnjm3qih3k7hbcfj45hxik2artx7,1.14.0,2.2.6,3.19.2,develop
g3fjzpbw3pwsmvfbpgbq6gwy355kifvi,1.14.0,2.2.4,3.14.4,3.3
g5fn4jidonmvl4cv7en6t774o47ia2ww,absent,2.2.1,3.20.1,3.1
g6wb7jkfuaugsbxjtbiwiapv3tzchgqi,1.14.0,2.2.5,3.6.0,3.3.2
g7c3q3jx5fglfpyvflig62ngld2shmam,absent,2.2.1,3.19.7,absent
gaq52wfmnx3qqz7l67db4kwc2a7gxa3x,absent,2.2.3,3.16.3,3.0.4
gcxmbcvdegzcbudsc476xtfi6hzvphyd,1.14.0,2.2.6,3.13.0,3.3.2
get2q4f6u75znk6gvtu37ro4wih4izr5,1.14.0,2.2.2,3.5.1,3.4
ghnanzgwcqaymetrr4yh4uwf6e77juyf,1.6.2,2.2.6,3.21.0,3.2.1
gitxg4zdtzg4us2rrblf6hc4cgmogwst,1.6.2,2.2.1,3.15.4,3.2.1
giwxhfy7rf2pnkfuxuzqlsbzutunwcdd,1.6.2,2.2.2,3.14.6,3.2.1
gljuol44q7rp2djvyfmgc57s52csmcuv,1.14.0,2.2.0,3.13.2,3.4.2
glrybfm3kzg4thyakbg3mebphm4gir27,1.14.0,2.2.6,3.19.0,develop
gmbwwu5q6o7kwjxawg5yjsyc2nyi5tdj,absent,2.2.6,3.19.3,3.0.4
gmgdsqgu6kvbxhmdoefhymbjqytb67d6,absent,2.2.4,3.5.2,3.1.1
gog4b27ss2qgu7riewgg7ijovqmpmt3k,absent,2.2.6,3.12.4,3.1.2
gos2vf5dsvdpnjs5svsbcinws2dp5xv6,absent,2.2.0,3.8.1,3.1.1
gox4ethc3bjly2bjnneacdsk5gdl72zw,1.14.0,2.1.0,3.4.0,3.3.2
gpbyiqd76vihs4thuxeora2bokqpznbc,1.14.0,2.2.0,3.21.0,3.3
gt3lumluchztnccdzlaura2r2byftezl,1.14.0,2.2.3,3.14.4,3.4
gufbcarcku7ceguxklu6fb5yvnyiqbsf,1.14.0,2.2.6,3.10.0,3.3.2
gvthvuu6mti75h5xv7e4a5he7jjadvvd,1.14.0,2.2.6,3.15.6,3.4
gvvdr7mnsg5tz3i6zlh36sqc6tny6k36,1.14.0,2.2.1,3.15.6,3.3.2
gwbk62txntk46tneliscntpsdlbwa54o,1.14.0,2.2.4,3.5.2,3.4
gwddrqfjc6ux2hu732pfjnrfsvxtlqs3,absent,2.2.3,3.14.7,3.1.2
gwvowzdjabulxjcomp4x5n36sytdudil,1.6.2,2.2.5,3.1.0,3.2.1
gxvkldkayoi2mylb2hinow4wbo2eneo7,1.6.2,2.2.6,3.21.2,3.2
gyb5hj3d4edtvrafh5ycxufsb3rs4j2l,absent,2.2.6,3.10.0,3.1
gyjefvgwlq5454wvrbuhz5bi5sg4xw4l,1.6.2,2.2.6,master,3.2.1
gzyovau3egplj7xkqvxoe3odbf5dykaw,absent,2.2.4,3.8.1,3.1
h263vcejl7tltrn4terpqkk6nu6l7blj,absent,2.2.2,3.17.0,3.1
h2ffgokxyhbvxocgqyfekd7sco7bxjzj,absent,2.2.2,3.22.1,absent
h2j57libkmtqtkkgf67jhcaaeuldhtn4,absent,2.2.5,3.4.0,absent
h32qwu7znpzbtnxl7ffse2zv6x5jgoxy,absent,2.2.6,3.19.2,3.0.4
h3jpaplx2cx7t2k77mbsttsbnyngzist,1.14.0,2.2.1,3.19.0,3.3.2
h3x7pppx2hn5acpasuascgoooevkawlq,1.14.0,2.2.6,3.7.2,3.4
h3xypgpvacxjbpqv7f7kkbx6eubrshcg,absent,master,3.14.5,absent
h6caxvo6iabrjuuhmiivl3wmjczomfbm,1.6.2,2.2.6,3.7.1,3.2.1
h7dn5iqokazcmgpzlx3oyknlyqkmubm3,1.14.0,master,3.15.6,3.3.2
h7wrrd62rdgmihxxeqkqegecsv4mnd2t,absent,2.2.1,3.10.0,3.0.4
h7xrl7aduomy6m4tvyeyfgssmyrrhymz,1.6.2,2.2.1,3.21.1,3.2
hb5gkocchb7zye5arvurf6olppanpzxs,absent,2.2.5,3.19.6,3.1
hdrvy3fiwfykeaiq3hlki3jan2qn2bvg,1.14.0,2.2.5,3.15.3,3.4.2
hg46tygvw7vsidtuj3sx5kthwqvwccf7,absent,2.2.6,3.16.1,3.1
hgdhcblylm2nanzbkmpf6ftejmtshr7r,1.14.0,2.2.3,3.15.5,3.4.1
hgy5cj4gwehy6cmyk2zejfkqe7xjfgos,absent,2.2.4,3.19.5,3.1.3
hhmpxkhf3y7nca7ueutz462qq7nlsn44,1.14.0,2.2.2,3.4.0,3.3
hk626kn3v6gxriqqr6mep7mgrklknajb,1.14.0,master,3.15.2,3.4
hkbo5up6qhasyp5cvoij6hgqju6vc4wj,1.14.0,2.2.6,3.17.1,3.3
hkqfdwufri52flofavpxpnpe2jh2wpwl,absent,2.2.3,3.13.1,3.1.1
hkukgrmfollrupvfcnpw3iftrpsrgjm3,1.14.0,2.1.0,3.15.4,3.4.1
hm4w6rgzdjkcnccqiutxoali2oq3llzb,1.14.0,2.2.5,3.15.7,develop
hqi4htrsfn3d6y3s33ofdbeblx533bfd,1.14.0,2.2.4,3.11.4,3.4.2
hrchgzmhdcuqptypunwj7vcynberxoqz,1.14.0,2.1.0,3.9.4,3.3
hs6pfo2lmow6e2ltw747pye57ltzhbpu,1.14.0,2.2.6,3.15.3,3.4.1
htefjvgtzftsh2divmbj6kiw43kjk6p5,absent,2.2.2,3.4.3,3.0.4
htf3hfuissrrsozvkv25udqlu65ndvck,1.14.0,2.2.4,3.16.2,3.3.2
hthknvdd64qyibiacsave4d3mkgtmfm3,1.6.2,master,3.19.4,3.2
hvmm77krucnzhfi3lvrypxxahbbnjs22,absent,2.1.0,3.19.8,3.1
hvzwzxu2t33ohftzjct3xb3ltexgfknb,absent,2.2.1,3.5.2,3.0.4
hxgmr5eryhp6j3r644dtgemcnifvffqk,absent,2.2.3,3.14.0,3.1.2
hxwuic56cm6jrkc36ibflaiwqjzigmj5,absent,2.2.2,3.15.3,3.1.1
hzfvg52kq77er3dzvuf6mfsz3e3r7ese,1.14.0,2.2.0,3.11.1,3.4.1
i2lwexzuolkxapsqs2ybrlpv3fao5sfx,1.14.0,2.2.3,3.14.4,develop
i3j4pn5im64dso3elzjrb7fycytj743l,absent,2.2.5,3.16.4,absent
i42zcglu3iaoam7kvezd3t5mww2cv6c3,absent,2.1.0,3.12.0,3.1.1
i624bohyvwfif2q4jhn77q2mo7dmoxhz,1.14.0,2.2.6,3.16.1,3.3.1
i6sff4yww647a5o6kq5js4hy6cvrq4ma,1.14.0,2.2.5,3.5.0,3.3.2
icyveskcrrgh6rujxxzdzo7mowt4pyqr,1.14.0,2.2.4,3.13.3,3.3.1
idnih6c57siyk2l6ibrxhdrz5foi4h5o,1.6.2,2.1.0,3.19.4,3.2
iesytitec42nlgdr7lq7f7zoqo75si3m,1.14.0,2.2.0,3.19.4,3.4.1
ifr2qbl7pspa2iduf2rp4n7ybmpfz3g2,1.14.0,master,3.12.2,3.4.2
igamg6ldca3acojqzm3ni3kcy3nrcaez,1.14.0,2.2.2,3.18.6,3.3.2
igfo3hp32aiaz5x5hns3xbbg67r63orb,absent,2.2.1,3.20.0,3.1.3
igmqtxinjdotefw4egfizq2uuljktoa2,absent,2.2.0,3.16.4,3.0.4
igsqw3i7ntg6eiu62akech6uwrhguuhd,absent,2.1.0,3.14.0,absent
igwzazep3ywxrjgbsh2lxn3wai3ijluy,absent,2.2.0,3.7.1,3.1.1
iicd2csp4omdottmlzm4kkllgdt4fmd6,1.6.2,2.2.4,3.11.3,3.2.1
iichw5jlmqszhn3eu6fc2dayurws7ffa,absent,2.2.4,3.6.0,3.1.3
ikkzp6ytu3z3lfvjz3hgob7dfhcpjjpr,1.6.2,2.2.6,3.0.2,3.2
iknmccgxt6s26lwpcgavwo662fkssy3w,1.14.0,2.2.3,3.12.2,3.3.2
imam4n3txhqu35qqszwd6y4cqhxzto2n,1.14.0,master,3.21.3,3.4.1
ir3kc342k5de2scgao2ufsth4bsww6dq,1.6.2,2.2.6,3.13.5,3.2.1
itcolcltwjpk7t5qclkhrkumsak3aed6,1.6.2,2.2.1,3.15.6,3.2.1
ityincdpxbbcvwv6ta6nscuqxlngm7cb,absent,2.2.6,3.11.2,3.1.1
iuwyxi6hh2dprgrkzkwwxmztiizcdxo4,1.6.2,2.2.1,3.18.3,3.2.1
ivspyhup6vqrgijftfntemw45nhbknfx,1.6.2,master,3.19.7,3.2
iy4cukfyijtsw5ho3gf6xt76egosho7b,1.14.0,2.2.5,3.20.2,3.3.2
iynym5bvuwagbx3hzbopdra5eiupixxy,absent,2.2.3,3.8.1,3.1.3
izxq57a3coihnivm2qials55i5nw6ng5,1.14.0,2.2.6,3.18.1,develop
j2idqdusek7du55cgnqq6htmvnp343aw,absent,2.1.0,3.15.4,3.1.3
j2r7wswzwad4qyg372o3i52egnopadsw,1.14.0,2.2.0,3.20.0,3.4.2
j3x2oc7or7mm66en453f6jx4yuh7owbo,1.14.0,2.2.5,3.16.1,3.3.1
j4mwcfkvunnt5zn44uivpib2xbaxin3e,absent,2.2.0,3.17.5,3.1.1
j4zulyeyrxffytdqd4nso7xcwehe64kk,1.14.0,2.2.4,3.21.1,3.4.1
j6ux2roqsrp2mptpoklsglwvhesuia2d,1.14.0,2.1.0,3.11.2,3.3.2
j7nz6hvnto7ftqicfyw5d6tp7jo4n23t,1.14.0,2.2.0,3.20.5,3.4
jaawpgsk5cxzk2u7fcloxqhau567e62s,absent,2.2.4,3.19.3,3.1.3
jby634mkwezmld7ujz4kuxrtkkcptu3f,1.6.2,2.2.6,3.6.0,3.2
jd4c3pkvshy7otpxpqcl4w6qsv7oufeg,1.14.0,2.2.2,3.5.0,develop
jihmf6gpfqiitsxdbwiciorlfzbtiib4,1.14.0,2.2.1,3.19.6,3.3.1
jiobg3kb4o5p7sqpnwbi6vjfkfayndgs,absent,2.2.3,3.12.1,3.1.2
jk6xgmnjw4cj22w35dpqobolmfgpq66z,absent,2.2.3,3.17.5,3.1.1
jmrwkihtqe4prrdgxigb5na6qbsi62r3,absent,2.2.3,3.12.3,3.1.3
jsz2duxadepad2ue34vkx3q3mjsapvam,1.14.0,2.2.3,3.9.0,develop
jwl3jt52mqu2fke7zyfwanr2hqldndmr,1.14.0,2.1.0,3.6.0,3.4.2
jzeaqs6bxazmtyzfbqtvyodfxqbgiqwc,absent,2.2.1,3.14.7,3.1.2
k2adnx4vijamiplj35nioaa5bq3eoaaw,1.14.0,2.2.6,3.6.0,develop
k5m2m5ce3b4nmsgwat4fg63xjldehtx3,absent,2.1.0,3.18.1,3.1.1
kannz6azb24yeunbd6zfp7b6i2oq4vuo,1.14.0,master,3.22.1,3.4
kcca74wuej53rw7pulm3l7zrpfz54i7o,1.14.0,2.2.4,3.17.5,3.3.1
kdomnstlvaq7rxmd7hsd54xzskhz2p2r,1.14.0,2.2.3,3.9.0,3.3.2
kdosm33b345tewnhsruidt5wwn6ej7y7,1.14.0,2.2.6,3.17.0,3.4
kf22pjke24jf55s3khcll534jqs4fbep,1.14.0,2.2.1,3.12.3,3.3
kifrzraufgqwxcxvwudltun2vw6m7zvx,absent,master,3.19.7,3.1
kiy4l7esffdg5spoqnv35ago4q7ck4kz,absent,2.2.0,3.20.1,3.1
klddx6tevzr4gixf6yxzndnw4lc2fiu5,absent,2.2.4,3.19.6,3.1.1
klgl3kmdhzwor7bmo5yadkirckzs5ukg,absent,2.2.6,3.17.1,3.1.2
kntcigd3rd265lb25453mjvkjr26ioz2,absent,master,3.14.3,3.1.3
ko2izhda2wnes2wolq7ecpi7uu2kfgtd,absent,2.2.4,3.20.0,3.1.2
kos5w4d6mxqhmbvcdfazgjvnadezwsgi,1.14.0,2.2.3,3.19.5,3.3
kq6kd32lg7ofoqul7penklusi6nkivu5,absent,master,3.17.0,3.1.1
kqdw3pewjd7pfrkbvntqegcl2ycc2umb,1.14.0,2.2.6,3.19.4,3.3.1
kqkzpamlsc2akq7c6yh6mi223b7ymr2d,absent,2.2.6,3.16.8,3.1.1
kqne7snkbi3z6ukqnlylhcb7svmwlf2b,1.14.0,2.1.0,3.15.0,develop
kr2m6qruxa2lgunjzlh34coetiew7s6o,1.14.0,2.2.6,3.20.3,3.4
ksiotr7mso5bhtgh5ekpcnlcxhobqn42,1.14.0,2.2.0,3.14.4,3.3.1
kslb3nrf6vl5zznifax274ehyxrdkuzw,1.14.0,2.2.6,3.20.5,3.4
kuxevc4udyxtoed37tbcpcn2dylwpo6k,1.6.2,master,3.13.1,3.2.1
kwfzgnf3hpxmfcctl7ob426ids3wdqun,absent,2.2.3,3.16.8,3.1.3
kwpyae3itclv4znm57kq6ywjdd2kkuju,absent,2.2.0,3.14.2,3.1
kxzqysif6mn2gxaoe7vugtkoff6ezxt4,1.14.0,2.2.5,3.16.2,3.3.2
ky66t36cwpkqsjhme6oj6axugmvsfufe,absent,2.2.4,3.19.2,3.0.4
kzmhwk7kpesmtuudzh6lqtuh7ieo2x27,1.14.0,2.2.1,3.10.0,3.3
l2aqbggokgahd2vi4xcjugwzkwqh4mah,1.6.2,2.2.2,3.10.0,3.2.1
l2jy7tqseaybay6jze4eypz7iycr4c3x,1.14.0,2.2.3,3.16.8,3.4.2
l2oido54up6mzf7ptfaxdc3hziltprv6,absent,master,3.15.6,3.1.3
l2wz3sdqug5sa7ndflc6vnh3tvesp53n,absent,2.2.6,3.10.1,3.1.3
l4wukw6fsyis5tzubjuqtpvoxzkdiidz,absent,2.2.5,3.10.2,3.1.1
l736knokyq3rebp2yf6q4f57id4dmkjg,1.6.2,2.2.2,3.16.7,3.2.1
l73zcpf54n3vp7fv7htg7etp5s7y5vhv,1.14.0,2.2.5,3.17.4,3.3.2
lb2mfw66p5ngjwj4mv7jhlgvbdvt3iyh,1.6.2,2.2.6,3.14.2,3.2.1
lbyi7vcjvq477cog2zlytvjnsvh5k4st,1.14.0,2.2.3,3.13.2,3.4
lcdgtuuwz4bljhywi5tikxfbgwuhcfsq,1.14.0,2.1.0,3.19.6,3.3.1
lco4alvzj7vtcbk4gjxl4xwjpxiohdyy,1.14.0,2.2.6,3.16.2,develop
lezo2cl4zfptxu77zlkk2kya5fy7m4rc,absent,2.2.1,3.6.1,3.1
lf4rnip5w65a7ivjwhq5kyc3ygut7gir,1.6.2,2.2.3,3.18.0,3.2
lg5cvccjiieb4xyge5ombzf4zctdbmns,absent,2.2.1,3.12.2,3.1.3
lgejekwdm2vjmd4bhvcka6hloznsumoi,1.14.0,2.2.2,3.20.2,3.4
lj4sifbe7ohigraciuzdnlfqfdysgplv,1.14.0,2.2.5,3.10.1,3.3
lk7vlnprhazpwn4oytsn54qfldjrwrxe,1.14.0,2.2.3,3.18.6,develop
lkmdcej7ho55n5cdrlgyd2ju4em6fvjd,absent,2.2.5,3.4.0,3.1
lladl4v4ohbjiebzu3zcenjajl526mbp,1.14.0,2.2.0,3.14.6,develop
lmqxrn5a35gfx36t66p5ka7hingxby3y,absent,2.2.3,3.9.4,absent
lmvv4pwyd5joj5jkztqq26q7voluatpe,absent,2.2.6,3.4.3,3.1
lnm3qkscv4k2wwxiruojbdpgzr77nljq,1.14.0,2.2.6,3.14.7,3.3.2
lpdgr57mlwdyjx2fqzneqkxuiuvk3ldk,1.14.0,2.2.5,3.8.0,3.4.1
lpxp34lqz3yronvm36wkjca3ga5ffqoj,1.14.0,2.2.6,3.12.2,3.3.2
lsgr26hayyv3vbbnr6gcjub25kkesgcr,1.14.0,2.2.6,3.5.0,3.3.2
lufvk3ydodalwolgs4fo7afevrcvlvnx,1.14.0,2.2.5,3.14.7,3.3.1
lvqnmz2yxu7htpx35hv5gqmgrgapxfqu,1.14.0,2.2.2,3.13.2,3.3.1
lwcbg6tewx5bgtitwztv4j2gdjbkiije,absent,2.2.4,3.15.1,3.1.2
lxopz2qlxm2wnqbtcfdpoqlijzzh6r3c,1.14.0,2.1.0,3.19.7,3.4.1
lzpoxbr4ag6x6ig7ykusumpuw4wqjfdi,absent,2.2.6,3.15.1,3.1.1
m3cczad3npq6c6sbne6ozvrjiflpgsuh,absent,2.2.1,3.15.7,3.1.2
m4mgawdnpvyjrjhcs54nl6hgf5k55l76,1.6.2,2.2.0,3.16.4,3.2.1
m5ey5iia7ya4o5n3rpn2yzjvfo322gxx,1.14.0,2.2.6,master,3.4.2
m7houq52b6kpgtjdbtk6lb7uxxlp33wu,absent,master,3.9.2,3.1
m7vvzrcdniw6ilb222edibyzmj72pnrd,absent,2.2.3,3.16.7,absent
maodx6cr5i4plmtp7vcwgictnl46itsv,1.14.0,2.2.0,3.6.0,3.3.2
mb3l5my55o6wfwn3czi5a7lwkspeoqm5,absent,2.2.4,3.12.1,3.1.1
mbcqfv2ktd4aeqwrt7ysj4zove3jjp4a,1.14.0,2.1.0,3.10.1,3.3.2
mbliyj2u4n4p5wwchjr4n2t65wwdvg7b,absent,2.2.5,3.12.2,3.1.2
mbrnu2zxmmwwfe7x7yro57niae7lvurf,1.14.0,2.2.5,3.15.7,3.3
mbxcccpxqvhm7feqptaeu4ux6pzflof6,1.6.2,2.2.6,3.7.2,3.2.1
mde3nezapjh4kfb22m6yxsngc6oq4edr,1.6.2,2.2.1,3.14.5,3.2.1
mdpwmy4g2s4bpjvynge4kwq6orjvj6if,absent,master,3.18.6,3.0.4
metpwky5so6ekp5wm2vobqgclj5p6brj,1.14.0,2.2.6,3.7.1,3.3
mghgtpd7t3lakbq6xzversqsxmpfhagh,absent,2.2.6,3.8.0,3.1.1
mimhsmxmayayp72uvyudkpgntj3lxdy5,absent,2.2.3,3.19.5,3.1
mjdg2cebibkglsoazde7riutqxzwxoaj,1.14.0,2.2.2,3.9.0,3.3
mjedqwnsgynwvoicufkcn62apqe7nves,1.14.0,2.2.6,3.15.5,3.3.1
mlflcxhezac3otrhqsvd5b2ms2mhk42z,absent,2.2.3,3.18.4,3.0.4
mnhdds4ojg6ermjptgrswv3xngd7ctqt,1.14.0,2.2.6,3.15.2,3.3.2
mpzqg3kl5zaqupip32le3eqaaims4jra,absent,2.2.3,3.17.0,3.1.3
mv3qiela2u43bhkti62pi2d2muwnrrxs,1.14.0,2.2.6,3.5.2,3.4.2
mv7y2tvu2lqwjqf33bqgowge4l5tt5qc,1.6.2,2.2.1,3.12.4,3.2
mwnlydawg5qa4ybcw6bqe34ko2uta7qx,1.14.0,2.1.0,3.13.3,3.4
mww7gaoutcg57e5wies4trf2wzc3wrup,1.14.0,2.2.4,3.4.0,3.4.2
my7etrrzh222g6grffq2ieow75lfxaqz,absent,2.2.6,3.16.8,3.0.4
myhmett4dauemgiwkxaotp3njbvrm7nh,absent,2.2.0,3.17.3,absent
mykk4oauvmu4v54yd7xlusqrmx4kpldd,absent,2.2.5,3.12.3,3.1.1
mykyzjuookob65jjjeiljgpwy6lks3wt,1.6.2,2.2.4,3.15.5,3.2.1
mytlnwuq2lukva6ywqi47quadxguwyiy,absent,2.2.2,3.17.3,3.1
myvwg4yqmalembp5flhgtefmeh3j3ncr,1.6.2,2.2.4,3.16.2,3.2.1
mzh3kexew4ewqcfi2pqxcg33a545j5aa,1.14.0,2.2.0,3.14.5,develop
mzkwq753pshnh22ny5eyk7xa6bxtqdw3,absent,2.2.6,3.4.0,3.0.4
mzwhkyd4mdmif6hldhfwicnplgfp7z2a,absent,2.2.2,3.14.1,3.1.3
mzzkxyqe2q4b7lcxg4fk2b5znkdz2gag,absent,2.2.2,3.15.3,3.1.3
n2hnf6rolkh7h2j4bjhp5b5bif32cxda,absent,2.2.2,3.4.3,absent
n3pbmnex3n3d7g7wko3ljdaszps4nnv4,1.14.0,2.2.4,3.19.5,3.3.2
n3rfad2aicgstyv55io4ohnu4zmylq26,absent,master,3.19.5,3.1
n4d4pg7fgxuviohtsyoy5zm4jk4lkwbw,1.14.0,2.2.4,3.13.2,3.3.1
n64uewwbjnlkkphl2qro52zfdc7etorh,1.14.0,2.1.0,3.12.0,3.4.1
n72oavjoabmpzsps5jtqlran77qjg3s6,1.6.2,2.2.2,3.7.1,3.2.1
n7cgfs4eu27laxfv2kwj6r7tnyx4lbxz,1.6.2,master,3.18.4,3.2.1
na2aomiolim7q24zknbs7exqobfjoeo5,1.6.2,master,3.13.3,3.2.1
natulweq25n4jps5sfpmmjk6f7ka6o7i,absent,2.2.0,3.16.0,3.1.2
ne3fzexbjbyknmhpi7d6mhkyzma6p4z5,1.14.0,2.2.0,3.4.3,3.4
nf2e456hneyslzcdkcniaixbki4qmujp,absent,master,3.21.1,3.0.4
ngbuw2lse7ddjo4lvlfknstugteweaau,1.14.0,2.2.6,3.20.4,3.3.1
nglcv2r4ozhgxho2xkbndtpcp3lcp6xw,1.14.0,2.2.1,3.9.6,3.3
ngx2xajt7weesjkk2cqm3rg5rwou4fpc,1.14.0,2.2.5,3.18.5,develop
njfflerzbrlotmrpvig4xsoqcpo3mucl,absent,master,3.15.3,absent
nndhuabuh46zytyttnpqtnkjqngqbtwx,1.6.2,2.2.2,3.16.2,3.2.1
no2cpksth53vtaqo2g7abslwmb4jcr5s,absent,2.1.0,3.19.2,3.1.1
nowhsufn4nbufncmp2navttnn2c6hf3j,1.14.0,2.2.5,3.15.6,3.4
nozeh7gyode5c6y7ftawohg2el4die3o,absent,2.2.6,3.18.3,3.1.3
nqk2cimx6zutm6hduw7jdmckycpogtpd,absent,master,3.16.8,3.1.2
ntvoaiab3ajumd2fn4f7mlhg2pmak7cu,absent,2.2.0,3.16.8,absent
nugun2qokakmukiejtxmadybmjzud3gn,1.14.0,2.1.0,3.18.4,3.4
nvi6mezspps4ovfbpr2s6drrnkg5fzx3,1.6.2,2.2.6,3.13.3,3.2.1
nwn55gf2y2bmqxuyb3z4lntjzzoihum4,1.14.0,2.2.6,3.0.2,3.4
nxo3wp3p2uhyrpnmdbkwxtezzi2yso4z,absent,master,3.15.2,3.1
nyhxje6f62zw7gw4wpnvovykd4qfxxuq,1.14.0,master,3.13.2,3.3.1
nzu6p4fe2uxwsxvi7opgeh4furv4kqlh,1.6.2,2.2.2,3.13.0,3.2.1
o4jpx5srjm4og3nheuhlor4q6chmsd6x,1.14.0,2.2.0,3.19.4,3.3.1
o5av7ko2ftjdpi26jd2qaf335qasw7si,absent,2.2.1,3.13.0,3.0.4
o6lshawyx3lzahgaaccrg6git6yulokn,1.6.2,master,3.20.4,3.2
oanpe5b36o72bjygpsah7pgo3zpftmrz,absent,2.2.6,3.19.5,3.1.1
ob3iypybvewhp7upuomokktqt25yjn5y,1.14.0,master,3.20.5,3.4.1
obio34x6f2zdaofatu65yf4btgiamc72,1.14.0,master,3.14.6,develop
obysmjg3ftt2m2rhf3dlfo4jgx7kuht3,1.6.2,2.2.2,3.18.1,3.2
ocxssewhpi5wm633ne7hiubogytm427c,absent,2.1.0,3.18.3,3.1.1
oe6seztes53bsmzcpftgpsa5d7eqstlk,1.6.2,2.2.6,3.16.1,3.2.1
oeay5z2omw433fr4iym22wfx6qqssdxo,1.14.0,2.2.6,3.12.4,3.3.2
ohrcqqhqlvckm5m6tkr7w2kkp3p4iin6,absent,2.2.3,3.0.2,3.1
ojpq6k2b2jnan3wgh2ifj4cexvkirpyh,absent,2.2.2,3.14.7,3.1.2
ojx42ffuhb3xvyyzwf3kfgyl6evploj3,1.14.0,2.2.3,3.16.0,3.4
on5r7jpz7rdg7uj77ranmjlcvaulx27o,1.14.0,2.2.2,3.18.3,3.3.2
onxe35obqp5vuca4gig52ldomul7bftj,1.14.0,2.2.3,3.16.2,3.3.1
op3blask5f3oervok5oeje4ne7ftlyjb,absent,2.2.2,3.13.5,3.1
orrrr63gp24gcvgaqirqpzg5sfxxou2m,absent,2.2.4,3.10.2,3.0.4
osvgnzba3bs64dbqrfqg722s3drlhf2g,1.14.0,2.2.1,3.14.0,3.3.2
ouyd6iqxsyf34zgubkoprjfxyay2cxrc,absent,2.2.3,3.17.3,3.1
owbmxyjkhkm2fb4akqsc6sdr2ff72vjd,1.14.0,2.2.0,3.14.5,3.4
oxxxsjc5ejonm6qtfgmh7qyj2eh2vjaq,1.6.2,2.2.3,3.10.3,3.2
ozzw5gby2zvb6hagp6pfnzeooxera3be,1.14.0,2.2.3,3.12.2,3.3
p33p4gf3nsfub25k4sb6bl7syd6aljh5,1.14.0,2.2.5,3.13.4,3.3.2
p3q363ygz7vdv2xbfjgjkcsfe7b5bu3g,1.14.0,2.2.6,3.4.0,develop
p4fyvbwfu3ohgz5nblyksn3qmh2d4tk5,absent,2.2.4,3.8.1,absent
p4gxn7bo5o4t5zflphuilwndbtxwtgbm,absent,2.2.5,3.18.0,3.1.2
p5lmw57jjfq7d3x6k7gwxvfvmdko33ik,absent,2.2.3,3.19.3,3.1.3
p5pfhs6f7ep5i676lsl5e72f4ggxvj4a,absent,2.2.6,3.15.6,absent
paacvat5qhf3etp772xmhzof55p5c7ts,1.6.2,2.2.3,3.16.7,3.2.1
pap3humsgdreazsomqi5f2axkpzge4q4,absent,2.1.0,3.18.6,3.1.2
pbmwnh3r5qym7rsuzvupho7pcne2bcs4,absent,2.2.2,3.16.7,absent
pflem5enezz2xpnxodc2dgkywh4oninf,absent,2.2.6,3.13.1,absent
pgcwcc6nqotzzwd74vvwg4f2feeyib33,1.14.0,2.2.6,3.16.4,3.4.1
pgqubkcbc7wtwqrthlsxwqzuhqyxe7co,1.14.0,2.2.1,3.12.1,3.4.2
phdn5fan5hhxjg2mpbv7tumnklhi6ukr,1.14.0,2.2.4,3.10.1,3.4.1
pin6gav2rakdlan4s4rrcaiuwgsj3do6,absent,2.2.6,3.0.2,3.1.3
pksfewgvzw6taxputrzjbslg53ic3ixd,1.14.0,2.2.2,3.15.6,3.3.2
pl5lslndbvylu5qnzvttt6xowb3k2j6h,1.14.0,2.2.4,3.18.1,3.3.1
plnjhid5upee473svtjt6nswqvqedbic,absent,2.2.5,3.19.8,3.1.1
pluznsad4igkquyiagie6hvattsvixyz,absent,2.2.4,3.10.1,3.1.2
pmnr5aal4cwtpqw4ubzkp72xg2bshe7e,absent,master,3.19.1,3.1.2
pmw4kvudiolhhqdyxzmgj675ymowjrwx,1.6.2,2.2.6,3.18.1,3.2
pnvgtl6goyon6pruh7d3euvfgbmtp7cp,absent,2.1.0,3.5.1,absent
po4ed4f4d2u5ojn4jhb77yu3hgu2b525,absent,2.2.6,3.17.0,3.0.4
posn34etzodpo3d3zwaktunmddyiuy4c,absent,2.2.0,3.10.1,3.0.4
ppbg6dy6ydhhcqlvu4rtnx5qzs3g5u4q,1.14.0,2.2.5,3.11.2,develop
pqq7xgxu4nth2ahfjvd6exq6kb3rhlxc,absent,master,3.22.1,3.1.1
pquuldkzqwqvrqqgvhxpydu55ppppauu,absent,2.2.6,3.16.7,3.1.1
ptp27ofxfmeq6sqjtuhrlixioswka3mf,1.14.0,2.2.0,3.12.3,3.3.1
puigvszy4neea4uxruq3cwfioxpbo4dh,1.14.0,2.2.1,3.4.0,3.4.2
pvi7pycrwo4kcusigv4lorqeo3inp544,1.14.0,2.1.0,3.16.1,3.3.1
pzeq7xpyzbc6htc6ocvjtguwaid7il3l,1.14.0,2.2.2,3.10.1,3.3.2
pzib5sc2nbxi7oumskeatg4g55srobxe,absent,2.2.5,3.18.6,3.0.4
pzj5nviyfs6yrt3sbg5f6dki5ynpms6c,absent,2.2.2,3.18.2,3.1.3
q434c3kf2dfv2ncqyen4yxe5ijmpikxe,1.14.0,2.2.1,3.7.1,3.3
q4fndxbuz5prg34n4aqyca6conxph44w,absent,2.2.2,3.9.2,3.0.4
q6qatex3jeutyj3jzyxmu5sfn3drhqgf,1.14.0,2.2.6,3.11.3,3.3.1
q6ryejges3ein7z3zx6n6gdb53dpwjmo,absent,2.2.4,3.6.1,3.1
q6vj5zim45y5xweawspodmquvxstqmep,1.14.0,2.2.1,3.14.2,develop
qaod2d4yjdts4hdmafurb5tknuo4go75,1.14.0,2.2.6,3.14.3,3.4.1
qc4mlxp5mitccye4cyv4mwv2i7elpl6t,absent,2.2.0,3.15.4,3.1.1
qcmkcvfvkk5lllze2zuxxmvxyvthpqed,absent,2.2.4,3.19.8,absent
qfanormkie47kygtvxdjs3i2venhrbu7,1.14.0,2.2.5,3.15.7,3.4
qg2fogdfmeic2hu7qh4tpn7dohgowcdg,1.14.0,master,3.16.4,develop
qgmbpv6l37gnmqnkwzwas7pymaj7u4xy,1.6.2,2.2.6,3.18.6,3.2.1
qhhumbupbycqssuvgd7xd5znnrbxhbal,1.14.0,2.1.0,3.4.3,3.4.2
qj6tcxxxrsfbej76ryeajedtpsymkh4t,1.14.0,2.2.0,3.13.4,3.3
qk7dbaatjsv3p627ou3lepz3hea4aqdz,absent,2.2.5,3.11.1,3.1.2
qmcfs77bvtug2wi7qy27bloqqdmtnvun,1.6.2,2.2.6,3.4.3,3.2
qo52xos234stszgmehqhqum4ug6wn5dd,1.14.0,master,3.15.2,3.3.1
qq4sgaiwgix77jmbzyaq7hqmloywtrch,absent,master,3.20.0,3.1.2
qqcmbchz7ywj7inn24owp2452shnczat,absent,2.2.4,3.17.5,3.1
qryrbjefdmbbiyhhddetymbw7hygypy4,absent,2.2.3,3.13.5,3.1.2
qsblk3mpmtvsp7za35bj6oa4fm7sp2r2,1.14.0,2.2.6,3.20.3,3.3
qtzhsjnidaa5czoefuigd7vc4zwbc7y6,absent,2.2.5,3.20.1,3.1.1
quvm4kbjz57w2rgdvdtzq2er22k7nxxw,1.14.0,2.2.1,3.16.1,develop
qvurku54x45trg6ehqcbaie7x3mlgm2e,absent,2.2.6,3.0.2,3.1.2
qx3v2fqhnwd3cezx6femwpfti4llgvv3,1.14.0,2.1.0,3.18.2,3.3.2
qyeiwg6ep3waujqvhvjmvqi3y7hmd4ap,absent,2.2.4,3.12.1,3.1.2
qzjghcdnio6dwlvbvucry6lwjhvjg7ny,absent,2.2.2,3.8.1,3.1.1
r5dqypbmpr6gojbrcxqgscoi6thnlheq,absent,2.2.3,3.1.0,3.1.3
r5jsxzutdo334kvenzmgkprsovkf3ne7,1.6.2,2.2.3,master,3.2.1
r5tzmr7352gnbusoj7ehrodedku3bezu,1.14.0,2.2.1,3.22.1,3.4.1
rbcinprv5vewiv62zxwxv2fiyun4rnrm,absent,2.2.6,3.22.1,absent
rew75dmryexnss6zd6abicwdm6rg2i2z,1.14.0,2.2.0,3.20.3,develop
rfb35hdv6okpxt2s4gub7eotceb5ah7k,absent,2.2.1,3.14.1,3.1.1
rfb4upyyljetkleujszvgcr43t3v7xtb,1.14.0,2.2.4,3.12.3,3.3.1
rhduenr47vqp47mhecedupwxobdre7hy,1.14.0,2.2.6,3.10.0,3.4.1
rhtzrjs5va6bwccwzzbf6v77kentx4ju,absent,2.2.2,3.17.5,3.1.3
rlqwkmeejl5xxfvk2cla7l62qqmolxpb,1.14.0,2.2.6,3.11.2,3.4.1
rmczfxu4aolew5xmybzp53wxv4ygenkp,absent,2.2.1,3.9.6,absent
rmf7qzzntetlkf7uchnmvr2ivcaumkey,absent,2.2.1,3.17.4,3.1.2
rol4jnqcscjolj4wp4rt344swpegsc6h,1.14.0,2.1.0,3.7.1,develop
rp7ivjfkkhcgmnvj4cweruhpc7lxdyvz,1.14.0,2.2.1,3.14.6,3.4
rpbxkwi2rn22zvvxsjuwidd4l3gcjh46,1.14.0,2.2.6,3.18.6,3.4.1
rrfg4zdumuk4erskom2o7n5q6fuyr4fa,1.6.2,2.2.1,3.9.6,3.2.1
rrvdichkepjrz73ye44l4spca2zilytd,absent,2.2.4,3.20.0,3.0.4
ruai3sy4cbwzrkfsv6r6r56sgkomd2bv,absent,2.2.1,3.15.7,3.1.3
rusm3rkgmkz4drih3ddje5ok7zabyryp,1.6.2,2.1.0,3.17.3,3.2.1
rwz3fpb6xhizb3lgicvckm4h3h62a3um,absent,2.2.5,3.20.5,3.1
rxp7m3bcryplfns5pptwfkkva6ofkgfw,absent,2.1.0,3.15.1,3.1.1
ryi5uknt5ibq24w2kksfcidsprkfvn5x,1.14.0,2.2.1,3.19.6,3.4.2
rz7vk5v6nw46wxii3mggfvujlfkhqtxm,1.14.0,2.2.3,3.18.6,3.3
rzaiq7bglg7xxjptmmfu2dd54mavrxp7,1.14.0,2.2.3,3.10.0,3.3.2
rzuma5cp262s3j76xu7dnvh7g6dwma3w,absent,2.2.5,3.16.2,3.1.1
s23w7mgkq75x42todaxo7rvqeh5i7k4w,absent,2.2.2,3.14.0,absent
s3cgv3fjx2arorpvfxftolp2kgp26gam,1.14.0,master,3.12.0,3.3.1
s4hizdx45ccfeidv5tubpc7tkvesebaz,1.14.0,2.2.5,3.13.3,3.4.1
s5lhwhrrzupyvjn3qzxetnwk3jgpqi3f,1.14.0,2.1.0,3.21.1,develop
s726tvcfm2bj6xxodninnfo3y6vnlh4y,1.14.0,2.2.4,3.11.2,3.4.2
s76ga6zf424p3ockyatkqhrpkf7dc2ml,absent,2.2.6,3.16.7,3.1.2
sbcmuz3flicks2txo7ovgdpxjxga5gw7,1.14.0,2.2.0,3.13.1,3.4
sbxx4viuih2o72nudw2zyhywuwzv4mar,absent,2.2.6,3.17.0,absent
sc6wooboyawies5mwqdmhbemqswlhdox,absent,2.2.6,3.16.5,3.0.4
scpq6m5jgj4mfudqh3gdpdygg76pc77m,1.14.0,2.2.6,3.9.4,develop
sdd2hsgsyavcbq2u3muulv4q45jnyjzt,1.14.0,2.2.0,3.6.0,3.4.1
sdqs47jxkkjrj5u7e77dpztmaw2nn55p,1.14.0,2.2.3,3.19.3,3.3
sfbk4jlgvaaeap6j2pobwzmjufhgyesw,1.14.0,2.2.3,3.11.3,develop
sghbma6nfbs4xzzyz7henkpn3uuxlz4a,1.14.0,2.2.5,3.17.4,3.4
sipnzpcwy3syske7tojnojktapgmyd7d,absent,2.2.2,3.14.3,3.1.3
sj2c4aw6fzgs5ltd2eigjzqttuqjdgzu,1.14.0,2.2.6,3.20.4,develop
sjaii4pxoeuve25zvnofk2l34ejrvznh,absent,2.2.2,3.13.1,3.1.3
sknjxzsedle5qkxjms4s72lzogsulwh3,1.14.0,2.2.1,3.12.1,3.4
skysoalopoor2t6mv25zli736e5npfde,1.14.0,2.2.6,3.8.1,develop
sl2nhuez3l22c5vqm2jvkf3cvqwll6e5,1.6.2,2.2.3,3.0.2,3.2.1
sl3xv64c3uzmliozchyz6v3gbcu3tzvf,absent,2.2.3,3.21.0,3.0.4
slygfxgczairdugb5puei3f4boeoxcst,1.6.2,2.2.5,3.11.3,3.2.1
smrypgj57tdjo6dizorttszumijxj36a,1.14.0,2.1.0,3.18.1,3.3.1
spg2f7nizfgf5dsav5o4yidbpsvmktrz,1.14.0,2.2.6,3.15.6,3.3
spgeoovdyfbh53edt47ry2r6zkeevmvj,1.14.0,2.1.0,3.17.0,3.3.2
sqcuf4ta4oualivt43r6lfrzwt3hwomp,1.14.0,2.1.0,3.3.1,develop
sr3p2o4epcmaivibup7vpp6qpwlmmehf,1.14.0,2.2.5,3.16.4,3.3.2
srfcy3gznbqbs2qbozhdzvpudscu7vm6,1.14.0,2.2.2,3.21.2,3.3
ssciuglyqy2yo6excmrgx6jgck3dyuyx,1.14.0,2.1.0,3.8.1,3.4.2
strc2nm3x4zlsqlmeuyhpzgstkz4yggw,absent,2.2.5,3.20.5,3.1.2
suajnytvqribv5wpehvatthztlli3idz,absent,master,3.13.1,3.1
suc6zcpazjjde2y5mcbuewq4vhcvwlk6,1.14.0,2.2.2,3.15.0,3.4
sv2pqv4jdgtj3cusk7rk3dxp7mnar5eo,absent,2.2.4,3.16.7,absent
svudclyj7xljseozetafinz4glrwxrzh,absent,2.2.2,3.19.1,absent
svuz5o6ui53w3npy7gwwjhdnlwhqoix7,1.14.0,2.2.4,3.16.2,3.3
sxeeu7akpn4b5tlzfnpagkznbu765aga,1.6.2,2.2.6,3.20.2,3.2
syk42qwt2z2uegflfkoslbgag6inalui,absent,2.1.0,3.10.3,3.1.1
t2arvw6ksywodqu2mkt5lhkpzovuuhka,1.14.0,2.2.6,3.15.5,3.4.2
t4czrw47tuuelvncpk27m2g5ryyjnfs6,1.6.2,2.2.6,3.13.4,3.2.1
t6chg6mkllqgzo6meqvmlihjbrcmgugv,1.14.0,2.2.6,3.15.4,develop
t7kbtkjn6u67aarncex376ahqzdxpbmo,1.14.0,2.2.2,3.12.4,3.4
t7s45rt6cffrggyawupp7izdqeysfhoq,absent,2.2.1,3.5.0,3.1.1
t7zmatygmyc7kv6jwr4udh23bgbcz32v,1.14.0,2.1.0,3.0.2,3.3.2
tby5ew62o4rhbn2k5fzztddeqibricpa,absent,2.2.3,3.15.4,3.1.3
tcx2ghdxidmw6qvw2pvhzhuvpmbjzftv,1.14.0,2.2.2,3.7.1,3.3.1
tfg7yn7djrcynbck3bulaaplzowd2bw6,absent,master,3.11.1,3.1.3
tgfhc5vslq2uphulmpzj3rmnsxdohc7r,absent,2.2.2,3.19.5,3.1.1
tghmuen2t5mvr73felntdwapbwixaqzi,1.14.0,master,3.18.4,3.4.2
thddgqlt4w2drwyl7m6ai5tifmdhr4z5,1.6.2,2.2.0,3.5.1,3.2
thjfif47eni646xqwuozwe4cfvhn7r63,1.6.2,2.2.6,3.19.2,3.2
thyk57roa3xccgfhol2fa44rd4qskpok,1.14.0,master,3.14.5,3.3.2
tj75wyii4kbzkcp6qyiqd6n5zr2nakl3,absent,2.2.2,3.14.0,3.1.1
tm5qiucp7agfqjnzom2ynzglstlgbawn,absent,2.2.5,3.13.5,3.1.2
towqq2vss72jpuinvjnoxn23hmqcd7yn,1.14.0,2.2.1,3.4.3,3.4.1
tpici2mmmf7akrseagqqqmihu4lkbkf3,absent,2.2.3,3.10.3,absent
tqvebk6a4oixeahtblmhqs4wbzkvtj44,absent,2.2.6,3.19.2,3.1.1
tr3nsc2v3zv6rc53fbt2fhqsisgp7pgj,1.14.0,2.2.2,3.9.2,3.4.2
ttprwxmom2vyplwn4bwlxnqslw2s6yxn,absent,2.2.1,3.16.4,absent
tvflf3wxpia6pcfrnxtgksjqwkdkrsug,absent,master,3.16.6,3.1
twg3cazwybpgnsxzu4itwsvakpah7276,1.14.0,2.1.0,3.5.0,3.4
twkmngncqjqj7k2g5n7om2stztjjhoah,1.6.2,2.2.3,3.19.0,3.2
txm3jquivrbju2tyd3k27azukli3x6fv,1.6.2,2.2.6,3.5.1,3.2
tzdlmsswq5zupakonxrnmmwt4ff2xpdr,1.14.0,2.1.0,3.19.2,develop
u2hlu4oqmjxknddfkk4ygjoc4ktmxp7t,1.14.0,2.2.1,3.9.6,3.3.1
u3dbth7wlhduea3qvtnzapuekaz7coqk,1.14.0,2.2.2,3.6.1,3.4.1
u5qbwxbbuvkyp3vr37zsr3q7ta3er7xd,1.14.0,2.2.6,3.14.0,3.4.2
u7bqzrgmnfpjkhcp3vwxwbjhud27sv2o,1.14.0,2.2.4,3.5.2,3.3.1
u7jblhguhtojteths4qouyf2xpdueapi,1.6.2,2.2.6,3.15.3,3.2.1
ubeiflv4wvum7juet5zddxyudqqyf32g,1.6.2,2.2.3,3.21.1,3.2
uhbgulmmnt4xnf22qevk4rfsapo43mcq,1.14.0,2.1.0,3.15.1,3.3.1
ujmblntnzehv5p4u73det3gp6djaxw5h,1.14.0,2.2.5,3.11.4,3.4.2
ukhtdiiw4emok6b4qwqzudkkjrpa2gfj,absent,master,3.14.1,3.1
uksm6igd2od4tfmzddthp3vegz6xcjnq,1.14.0,master,3.14.1,3.3
ukzgpkaywl2l5tk5lkiqaaoudqihgb2s,1.6.2,2.2.2,3.17.1,3.2.1
ultr5it4xljirbaz5jae2eow74dt6a3b,absent,2.1.0,3.9.2,3.1.4
umoh5nq3n2td2om5rdsr2zhqtsviqz46,absent,2.2.4,3.18.1,3.0.4
unwlmsh3krbjlhveqc3js7ijtyxxbtcg,1.14.0,2.2.3,3.14.5,develop
unzo4zejmyymiuyjhsxwsuwj2jpo67fo,absent,2.2.2,3.10.3,3.1.3
uphx46xj4ldhxkuicmiokolbg2ekj5e5,1.14.0,2.2.4,master,3.3.2
uqxw2gnfjikt2kxihjhqjmitftezw2oq,1.14.0,2.1.0,3.16.6,3.4.1
useer65hkwz6uvbhl3pvhmn7youmol72,absent,2.2.1,3.18.5,3.1.3
utsn4uia333efn3crijjlistr62fgkfm,1.14.0,2.2.1,3.14.0,3.4
uuq66ej2wtezstbp6lti3gy3agar35u2,1.14.0,2.2.4,3.10.2,3.4.1
uvbbu3utexzh2aro5tjbx6q2nvfkwv25,1.14.0,2.1.0,3.19.4,3.3.2
uwuzpskxptu57tpo2h5y5fczi3xlszmz,1.14.0,2.2.6,3.19.8,3.4.1
uygcwb3n3pj3pb55oj3dao55fk66a5rb,absent,2.1.0,3.11.1,3.0.4
v2jogufprkfnwyxlvsbgf4l5ogjnk3hc,1.14.0,2.2.2,3.12.2,3.4.1
v3ba42h3cym6fkprkkoja4opgvdxemfq,absent,2.2.6,3.20.0,3.0.4
v3cdees5leenlhfz5gkawyli7ucydg6a,absent,2.2.3,3.12.1,3.1.1
v4jsrpieeeq2wwzkycolxhrdrmp3crbp,absent,2.2.2,3.10.0,3.1
v6dnv4kmv6x6dna2szkv2ji3ev2stepl,1.14.0,master,3.14.5,3.3.1
vab2w6hfls2q3delx7qto5ubukhoj3bf,absent,2.2.1,3.13.2,3.1.2
vaf4czuaw3b4kruvqk6oyzchufy4gfxe,absent,2.2.6,3.12.4,3.1.1
vap4h4jmmsnwuv4lpsvmbujddojlwvhy,1.6.2,2.2.4,3.19.2,3.2
vbtcdgryks7nbspqa7n7xby274g5oai2,1.14.0,master,3.14.6,3.4.2
vcboilqtnn2qgyu4wy22lziwzzhqeiqx,1.14.0,2.2.5,3.5.2,develop
vdqnoivoragii6qymyvt4yhgtybgjcpx,1.6.2,2.2.6,3.15.7,3.2.1
vefemxitn344zai7nzakigdpg33kyr4i,1.14.0,2.2.3,3.16.1,3.3.1
vfcdy7ulryftwcew3cqcuhum55g7q3g7,absent,2.2.1,3.8.0,3.0.4
vfi3dffkb7oz3zrgjyf4lth5t45aznwi,1.6.2,master,3.21.2,3.2.1
vfijdbmcgsyhmgdwuelwl4gwasc4uul6,1.14.0,2.2.6,3.12.0,3.3
vh5ff7gtx7dpxxk4hzkbtkkasvzhsyzn,1.14.0,2.2.2,3.19.3,3.3.2
vi5x6a5afgbf7nn7xzi7bczefeawkqrn,1.14.0,2.2.6,3.21.0,3.4
viqx56tile34mahcdpwlllb6umo4ue2y,absent,2.2.1,3.15.4,3.1.2
vj7jenk2z4z7htwubhxdksiiz2hetnsm,absent,2.2.4,3.8.2,3.0.4
vjccgeakle3o2np3jblic7lmg5jnbi3a,absent,2.2.1,3.14.0,3.1.2
vm2eykgrmy4ssy3amkjoj4jkdi7d4imr,absent,2.2.0,3.16.4,absent
vobw4rekpiuk64wiuhcrypye4wmzqwh2,absent,2.2.4,3.18.2,3.1.2
vrfkv6upzs2yqy7d5wtjb5aitwfjprot,1.14.0,2.2.1,3.20.4,3.3.2
vujpvlhrx6hnjoizdoil24zhu2m7h3bi,1.14.0,2.1.0,3.10.1,3.4
vuusr5gesezkh5ufhissycbv32tfe76b,absent,2.2.2,3.7.1,3.0.4
vxb3q2zndtvqto23mvlis6k3a5cd2tfv,1.14.0,master,3.16.3,3.4.2
vxkvjqeg4coyjmjhknqwtar2u367qt7w,1.14.0,2.2.3,3.14.5,3.4.1
vytl5zdupskpbyq6ikdzaesoymaj6m3r,absent,2.2.0,3.11.4,3.0.4
vz3z2n5hgn7exlzholvesvcdglf4my55,absent,2.2.0,3.14.7,3.0.4
w2i3t2mwgesqkhrge53gavaon5yxc2p3,1.14.0,2.2.0,3.17.3,3.4
w2lna6t2lu23wkfpdj5qhcv65uodywad,absent,2.2.5,3.21.0,3.1.1
w3pdlkvpj3qkwimy2sruf5gsnnskvymm,1.6.2,master,3.13.2,3.2
w6y5mhzcm7tli54u4g6ezpdi37ohmk2v,1.14.0,2.2.3,3.21.0,3.4.2
w722d7m24eaxkppd72p2daih4xaeaj37,1.6.2,2.2.1,3.20.5,3.2.1
w77v3nu2hreisrxosdcct45gath4cj2f,1.14.0,2.2.1,3.0.2,3.3.2
w7s5t7a2vetlzrqsztqmn5gnnic4onzu,1.14.0,2.2.4,3.20.5,3.4
wdz344j6ooyngmaxqqn6yxv77kxorn3q,1.14.0,2.2.1,3.17.0,3.3.1
wevwdcyang5ubd7kvby352eig3wusqjn,1.14.0,2.2.6,3.5.0,3.4.2
wglfh7ykc7f5yzkqx2k6ympkc5i6eqbe,absent,2.2.2,3.13.4,absent
wgnroa2ksxwht2ufpcglew2l7hthpmbp,1.14.0,2.2.0,3.0.2,develop
witgjyfg25gaoywd2wtibbqhhuw5wrti,absent,2.2.6,3.16.5,absent
witusozrwq4gzxu6svure23e7vqgyxaw,1.14.0,2.2.2,3.12.1,3.4.1
wkm4j65ocvrgecu7sak6wandgscmhspi,absent,2.1.0,3.11.1,3.1.3
wkqd3ez5y3udr6stodsvsx43c57dryjt,absent,2.2.6,3.19.2,3.1.3
wmtqdlfzouo3wnigxlkylkiinmwomoiu,1.14.0,2.2.4,3.11.4,3.3.2
wo2ysplq4zviiju33uinbogbuflqe7rj,absent,2.1.0,3.3.1,absent
woixrkxgmntvzi7pfvf6izmf2uaf2xj3,absent,2.2.1,3.13.0,3.1.3
wqnszhodig6ogkzmyd5zqbs26md7oile,1.6.2,2.2.6,3.13.3,3.2
wqo7fkpxenhuepfchczan7dm2dg3fsyi,absent,2.2.6,3.14.7,3.1.1
wsvbpaa6mb7fukaiokcp7jx7vfjldnsq,1.6.2,2.2.2,3.14.1,3.2
wtyjzb2kjjduk4pkq3sty7p7cif5njrx,1.14.0,2.2.3,3.17.1,3.3.1
wu7tk7mc7my3ygy3xdgduf3tepcww6hw,absent,2.2.0,3.16.4,3.1
wvb4c7cdfoxb3mrxx3nhflp5x3w2dj4q,1.14.0,2.2.0,3.11.4,3.4.2
wvpzavab6mrq33ddfwo6jlt2lepquvq7,1.14.0,2.2.2,3.21.3,3.3.1
wvx2cbu2lkczhhczxxkizlc7izhuomkp,1.14.0,master,3.12.1,3.4
wwnetfoooi67vjkttbiqmnzo5slorf6r,absent,2.2.6,3.9.2,3.1.2
wwxi7jmzgqacwes7cdz7tyndf46ll3nk,1.14.0,2.2.5,3.11.3,3.4.1
wxdx2lz7jyumkorkfhsu6b36lt6v3syq,absent,master,3.10.1,3.1
wxurctakrlpmcsboyuwfe5xtu4mj2pip,absent,2.2.2,3.19.1,3.1.1
wxwezibhjij2lptbu6qhfdnivtnod3ek,absent,2.2.3,3.11.3,3.1
wy3dgfnmhi2lsle2jts6ttbvze62csqs,absent,2.2.6,3.10.3,3.1.2
wyb3flak4fndrr6zvurlbfzntgi6axb5,absent,2.2.6,3.15.6,3.0.4
wyo7oibopl75dptwht2e4mo5jza53xqk,1.14.0,2.2.3,3.13.4,3.3
wzlrlotv35a4cf3ltwfmpq6yokgirilv,absent,master,3.10.2,3.1
wzveeyhtk3ppo2qjliwqr6ppvico5eli,absent,2.2.2,3.17.3,3.0.4
x3jpic57rtypgqyduxs4wdsf4wtrg3d5,absent,2.2.0,3.19.6,3.1.3
x4bs6tfwgjijr5zc7sjer56vlybltuwk,1.14.0,2.2.6,3.13.1,3.4.2
x5kantouophzapuvc4bbqiuttu3sp3ji,absent,master,3.11.1,3.1.1
x624fpxzn5f3vclmi4apgvmaxfewecpy,1.14.0,2.2.6,3.12.4,3.3.1
x6mzgpcxlutopflfinbeou5hyosxoonf,absent,2.2.0,3.19.8,3.0.4
x76t2jm2emcicsihdkonccs53hbzr7pw,1.14.0,2.2.5,3.16.1,3.4
x7cuef4bctd7yj5gicjp4uuoisgj4f34,absent,2.2.3,3.15.5,3.1
xar7ecjdr6h4vmxlicm75uhrbaosvqfj,1.6.2,2.2.5,3.15.4,3.2.1
xbfnhfsqqsskajtkvzsdeyia4xkqkwmh,absent,2.2.6,3.8.0,3.1.2
xbgvpaflbxk2pfcn7pmvirhpkuzu4rq7,absent,2.2.5,3.22.1,3.1.2
xbmu7fuzvkjnjioyh3aoq4vjbwauvqvz,absent,2.2.4,3.16.3,3.1.2
xdf7t4ip3qwbmmbesuh2sndamwzhmx3x,1.6.2,2.2.4,3.14.4,3.2
xdfrlfk62ca2qfq43jhyhuxlz3se6mbf,1.14.0,2.2.3,3.19.7,3.4
xdqobctpo7w63kc2vqixeuiffk2goly7,1.14.0,2.2.0,3.15.0,3.4.1
xfxyxy4zm2ajdkwfi5m2qpkmo4s7rkhh,1.14.0,2.1.0,3.18.1,3.4.2
xgmndnujwepwh6xkdu3k32p7inqum4rs,1.14.0,2.1.0,3.19.7,3.3.2
xgpxgetsdt6lgepipz7tudqgt5t5v7ol,1.14.0,2.1.0,3.14.5,3.3.2
xhrhqa22q64v3hrj5eralxywyvk3oizz,absent,2.2.3,3.18.1,3.1.2
xj5n23e6lv5lgdr6fdj4mee5tjwfejbw,absent,2.2.2,3.15.7,3.1.1
xjme7ulh5eh6m72i3r4hl4zhhizgpynt,1.6.2,2.2.5,3.20.2,3.2.1
xktov5p5eof2jb7idpsrgohpeemit6i5,absent,master,3.13.3,3.1.2
xlvybtx6bqi7qkyzvt3mbqxtxewd7kyr,absent,2.2.3,3.20.5,3.1.1
xm5uxvtyv3b64trhhflohq5loex4kh37,absent,2.2.5,3.6.1,3.1.1
xmfsu2j6vfpi5ljeutiwxl3cghdj2knn,absent,2.1.0,3.14.3,3.1.3
xohhiirp35wj6pglh5yqclzx35oontdd,1.14.0,2.2.2,3.18.5,3.3.1
xoifnl6mnrx5by4zdi3ouu5rlhydpgfm,absent,2.2.5,3.12.1,absent
xoiixio65goz5au7cx3ykje6dazih3pu,1.14.0,2.2.2,3.10.2,develop
xoqnnv6dys3nd2i3j3j5epbsrkzsma5e,absent,2.1.0,3.19.6,3.1
xqz6jpns2rdd3gizn5tgytn4c7fza5gb,absent,master,3.19.4,3.1.3
xrcfm4os7ky5fsvfokki7v2v3xcyymv5,absent,2.2.2,3.15.2,3.0.4
xrpzgucunjjbyxveg4zlhokmdt3dztst,1.14.0,2.2.6,3.20.1,3.4
xs7dpt6xzi4sdbdjff5m2maxj5js75qw,1.14.0,2.1.0,3.11.2,develop
xsjbme6sqgpudww572ezqhkb64hzvmt4,1.14.0,2.2.3,3.17.0,3.4.1
xv3ye7euolyzswj2ojog6bn3otbevptc,absent,2.1.0,3.10.0,3.1.3
xv6znnhh57k5qhb5tlvjrgr677kzwju7,1.6.2,2.2.3,3.12.3,3.2.1
xxth74cq7b5yjy23pilceink7odwlkx3,1.14.0,2.1.0,3.21.0,3.4
xz7utvzg5tokskvc7rkxg6r7sehue63v,1.14.0,2.2.0,3.22.1,3.4.1
xzku4w3wglgxqpqwaedftp54lu27yhdh,1.14.0,2.2.0,3.13.4,develop
y2d7mxcerxh76ajyaqes2yamhmvyyuxc,1.6.2,2.1.0,3.3.1,3.2
y2e2mavngpbawlmemny3jrl4vx3pgvaj,1.14.0,master,3.16.2,3.4
y2t4jlhsgi2kztpbej2ve6eqvmoqtaia,1.14.0,2.2.0,3.19.7,3.4
y4yztruuzz33cddi5aouarfto3w6hbdh,absent,2.2.0,3.15.1,3.0.4
y5l2gp75lwctnwufdrvtsiicjyuukmqt,absent,2.2.2,3.4.0,3.1.1
y5wtpz4df3ejl222qgdknmz3ljnyksgb,absent,2.2.4,3.14.6,3.1.1
y72snyjpehkn2vl4ik7fcpjj2kpbx6kb,1.14.0,2.2.3,3.12.2,3.3.1
y7bfqx3kl5owgifkt4tispabc2smk3ne,1.14.0,master,3.21.1,3.4.1
yamr42ake7goqpk56otqidbw3dozrflb,absent,2.2.2,3.20.4,3.1.1
ybizwcmz5hsfzpjbnap62by5275boixi,1.14.0,2.2.4,3.16.5,3.3.2
ydeqggpvtkdlgm2xvgsp5ioafxdxu5tt,1.14.0,2.2.1,3.18.5,3.4.1
yeeb3blpuhywlinxexkvuuke2u6rxipo,1.14.0,2.2.4,3.12.3,develop
yfx7if4d7tuj2kcjgxovbj25nvfolbnq,absent,2.1.0,3.13.4,absent
ygq6xwewh66ixazqbtyr5zn5xgd3qq33,1.6.2,master,3.19.6,3.2.1
ygzisnlnwizxjdswdahouz5qq7sake7h,1.6.2,2.1.0,3.19.8,3.2.1
yhcnkl4xflf7jgvk56pstpa4o3rlv4an,1.14.0,2.2.6,3.5.1,3.3
yjwitsdqivscivewttdvibmrzwicrtmr,1.14.0,2.2.4,3.21.0,3.3.1
ykq5p5neqy4l32lbddc4ykav3pfw52ec,absent,2.2.6,3.15.7,3.0.4
ylhdpk5vy6eq6z6u2w46u2kojhdvchbr,absent,2.2.0,3.14.0,absent
yoiyobvs43tb2vctr6np7ueeo3vmebjc,absent,master,3.20.5,3.1.2
yrb22anoimahozvbfvi7h75ma7n3qnfs,absent,2.2.3,3.5.1,3.1
yte3i5cemuickwhmrmaxcue3q5syrp3o,1.14.0,master,3.13.3,3.4.2
ytu4bvp3ef247crulivymamfalnovtxv,1.6.2,2.2.6,3.5.2,3.2.1
yudfmw55qqhsa5kqcwa5q3bhqqlohjbu,1.6.2,2.2.2,3.0.2,3.2.1
ywhsclrbl7qtobvwtugy2qy2qoky4xpu,1.6.2,2.2.5,3.8.0,3.2.1
yx5in2alfi44s2qir732amv6m74ewii3,1.14.0,2.1.0,3.13.0,3.4.2
yx7wgnsre5l4bnqa45wpjuykbmskzpim,absent,2.2.3,3.17.3,3.1.1
yy2qntesskpcz4ycpp3nxr4thmjg2bob,1.14.0,2.1.0,3.18.1,3.3
yydj5jbzwl2ty3wygzyeo64hsoqnx4fw,1.14.0,2.2.6,3.14.2,3.4.1
yyq6ltsbtzfgn5xru3srjtlakdcw53v5,1.14.0,2.2.0,3.16.0,3.3.1
yznzolbqqajgzbhzwqitfbo4m4xy6fwh,1.6.2,2.2.6,3.14.4,3.2
z5j4nzrtiobvqwesapsghud62omfx3tl,1.14.0,master,3.14.1,3.4.2
z6mwk2m2e735zmfrkovpkbwyifgwhjzw,1.14.0,2.2.0,3.19.8,develop
z6xgiupyog6euwvgajhyblqwikm4tp7z,1.6.2,2.2.3,3.9.0,3.2
z7twx4krq5ebdz5suhmz6sjl5gss6kvi,1.14.0,2.2.1,3.16.6,3.3.2
z7wpmjepidnka4fyaxwu2ssnfcygs2zp,1.14.0,2.2.0,3.11.4,develop
zahq6mxt7xzqorju5qshbcce7mxtqzaa,1.14.0,2.2.4,3.0.2,3.3.2
zap5c43dr67iilfk4yfvfmtvbjp4z3p7,1.14.0,2.2.6,3.14.2,3.3
zcbpdti2mlleqawubibph57utq725sgn,1.14.0,2.2.4,3.21.0,3.4.1
zd6wgkylvhplnr3slhhmiuzbd4ywlwr5,1.14.0,2.2.3,3.21.2,3.4.2
zddy3qqnujpz54hz7pksdmogkp56xg7a,absent,2.2.0,3.13.0,3.1.1
zeu4tlpzvictenzzwfl7naoq7izl2eq6,absent,2.2.6,3.14.5,3.1.1
zg4wbbxgui6ygacsetrictyjcdvedxap,1.14.0,2.2.1,3.13.5,3.3
zhe3fw6rkm234p4jrhgsjq2r23bgzgqk,1.14.0,2.2.4,3.6.1,3.4
zhxqpn7szi4bfte2xmdoai5ny3yiqksp,1.14.0,2.1.0,3.14.4,3.4
zi4cw4zsvy5daeunp36hkrzfdwd26gmj,1.14.0,2.2.0,3.18.3,3.4.2
ziomzrphtz6lcsl23uh477mxlvqdkj22,1.14.0,2.2.6,3.20.2,3.4
zks4abmy2pt2xtlrxjjs2rvn75pexw3r,absent,2.2.4,3.11.3,absent
zlr2l3u7rqpl6imkn5xb55lbakitcvu3,1.14.0,master,3.18.1,3.4
znaqnagmamppntrvw26mzqlkfam25b5y,1.14.0,2.2.5,3.19.6,3.4
zo3wmxdbhbch2eadinb57qydebies5et,1.14.0,2.2.3,3.7.2,3.4.2
zq3vdhpf57ycpbnqpun4dh4xularg5n2,1.14.0,2.2.6,3.9.4,3.3.2
zq4ap3cv4lh4cmxkp66vemgpcnnppifh,1.14.0,2.2.2,3.21.0,3.4
ztlwogfepigpzthd5o6oe7cui5q7tp4r,absent,2.2.4,3.18.4,3.0.4
zuokayzoper2xvkxrkgu6icqevqmw7lr,1.14.0,master,3.9.0,3.3
zyac7y5hknpuowbtwpse4sfjyuc4igl5,1.14.0,2.2.1,3.12.0,3.3.2
27stfidsggvfplqcrrwee7sfbjqjuzxk,1.14.0,2.2.3,3.20.3,3.4
2ruvqrkfegu5ahhljklwspx4phmjxuom,absent,2.2.2,3.5.2,3.1
3642neqe33eqww4iumvocgvbd7ugymvi,1.14.0,2.2.3,3.16.1,3.4
3pdkhy3h2qdnmoomru2fvbuy77x6k7tq,absent,2.2.5,3.17.3,3.0.4
6hunsgenvr5c6qxffwcpudel737vokvm,1.6.2,master,3.4.0,3.2
bnnin2kracqg3jhgj7k3av44sdayje5l,absent,master,3.5.1,3.1.2
ctes5fjzbnv4wbx3kt7rgu74i2kuhhkb,1.14.0,2.2.4,3.7.1,3.3.1
daobdzhko3ovil4flp7rkzzmwbfyruke,1.14.0,master,3.3.1,3.4
dsi3sgcgii6bzep2nuqq3yn7j5eugiys,absent,2.2.6,3.19.6,3.0.4
e32nzvvivrsy4n5vaooyfzcl3wbp7lep,absent,master,3.5.2,3.1.1
gla4negte3wy5ut5l4eeuuji3wkets62,absent,2.2.6,3.15.0,3.0.4
mut7kp5deudhcwhedexo7emqesvpspyb,absent,master,3.3.1,3.0.4
nqntzblcy4hswwatjkwhb7fcoyelz2os,absent,2.2.5,3.13.0,absent
qn4rpdzg4eltalmn4zffur5ck3p3rin3,1.14.0,master,3.3.1,develop
qtlz2btxj3revbxi6gs2pxj2lve7bqkd,1.14.0,master,3.3.1,3.3.1
rc3bd6fvwvtqj5nkezkdii6qd3iwoyia,1.14.0,2.2.0,3.16.1,3.4.2
sebggnitf7xcbdgz353ukejydhxou36q,1.14.0,master,3.5.1,3.3.2
u4meamqrgnlezr2o5gdhglnqjammzapr,absent,master,3.11.0,3.0.4
uyggux55m6rgkme42njdk7t25jw64xg3,1.14.0,master,3.8.1,3.4.2
vxugg6fx6tcsyyc6i46ob2jjf6swu7lp,1.14.0,master,3.0.2,3.4
winrivhjaelez2vu4uwonzflijdcyy2i,1.14.0,2.2.2,3.14.4,3.4.2
wl4oe2ibhrqb4smr7ew5lzqi2nokblsu,1.6.2,2.1.0,3.11.3,3.2.1
xqw4cc4resyfyl22g67wwcstvvfc2r3o,absent,master,3.0.2,3.1
yzqjaoh2guy67tttcn3r7eslm6edbk7u,absent,master,3.3.1,3.1.3
zekg3ft2lbxi56esdp2atuwlo72otqr5,absent,2.2.6,3.19.8,3.1.1
