,py-libensemble-version,libfabric-version,py-numpy-version,py-psutil-version,mpich-version
5zyuhohprhp5pnehyspef4e76rezts2z,2.0,0.0,2.0,5.0,3.0
bygx6w5ocw4a2fm766ttkvow7whlonh4,1.0,0.0,10.0,3.0,7.0
flbk4ktqtilxx7ztzqmenaoogeihyzsx,2.0,0.0,11.0,5.0,4.0
foabq3hi32ochqv3k4g5nbkh4nr6wbye,3.0,0.0,1.0,0.0,4.0
gvr4gstt6yrwdxbtzf5fya3h6aajsn5l,0.0,0.0,8.0,5.0,7.0
lfj35hgzocyv6zugn5d2fnlxm2tddkfg,0.0,0.0,1.0,2.0,3.0
mlffhznuiu7aiued2dcs5ierockf7itc,2.0,2.0,12.0,5.0,8.0
nlv6nklvqiyio7xnizu2vn5pqw7coi5w,2.0,1.0,0.0,0.0,2.0
nmmmydn4tpu5hwulamhzxjncmfqejdtz,2.0,0.0,9.0,5.0,6.0
opqfrxnshf6ri5wgnuhl4nqcw4rgq6uk,2.0,1.0,5.0,5.0,2.0
pxasnenysem7g4z2akns6izb4imjvc7h,2.0,0.0,6.0,4.0,5.0
q365fyvzzxp3zxvzmzp4ktx55s6brtty,3.0,2.0,3.0,3.0,1.0
tn6r3uce2egbe5omckdylsztrf3anxlx,3.0,0.0,10.0,5.0,7.0
u2hztsuqdpqr7g2zixgjexddxsdjri2k,1.0,2.0,11.0,4.0,0.0
u7gcd5ynkfz4t6dgu2om7cwdyfi3jzk3,0.0,0.0,3.0,0.0,3.0
vadzttirtqv7aybohznt6gqdhuuommii,0.0,0.0,7.0,3.0,7.0
x65v2pb7sl3xlnh5kycttzmtcetbfz5h,0.0,1.0,12.0,2.0,2.0
xlwty5gnn366t5l5m2pxcyw7ed54pwjk,1.0,0.0,4.0,1.0,4.0
