,hwloc-version,qthreads-version
2twngqv4i5bsu76zxaqsz6kzw6lj77il,1.11.11,1.10
34aewls6p7nvpjwncosuebhozngaq74b,1.11.1,1.10
3hsnljia3mwo6x2xm2hhlspw6mqzdcmb,1.11.11,1.14
3sbgf7mne46m2ibn6jjftippxdqf2yex,1.11.3,1.16
3zonbccmuor6pzukwveoswg4atxcqhlp,1.11.1,1.14
4diwvtnm2jmaiwpxgk7l3zchnzza34qy,1.11.12,1.14
4penjvl6odnmpgml34eobtsmrvanx74w,1.11.3,1.10
4pnjlbupfkmgp4pitgjwrfslzybaut5z,1.11.10,1.16
4qdzfbbyixzouldd3tjshjfvx45n4gin,1.9,1.14
5cshcqdwo4h4va3cctoawhnntnjopgst,1.11.10,1.12
5nyc6vy5pxdoadfmr2efaip6lmkspiun,1.11.1,1.12
5r3c6yvkvrkxgmtwtw4mhnlmrvt3gl2n,1.11.1,1.11
6mmrg7yowujiz2x5343nfg4ru7bxxfas,1.11.2,1.10
6rius3464uggzcddsepj5mdxn2cjc2ky,2.5.0,1.16
6s6jljczl2pphnljwm2vrr6ixnnagpgb,1.9,1.11
7w4v7ketsagfrkbuhn5gypnszr4m2egb,1.11.6,1.15
a7qjk6iuvgkkf3pwtv3nndketzq3rdw2,1.11.2,1.16
b3nr5pu22fokncyhlmlpuagfkmlkf3gw,1.11.12,1.16
bfclluyyze2asp4hhpyi4umuqsiemtgb,1.11.9,1.15
ce3chpybsremhn4qfoen6n4lhit2dnbm,1.11.5,1.12
cm7i66lxth7xyh34zmmnipg56wt53ymm,1.9,1.10
cmiqbnjyqgqalt4u4rlxg5lh76u6q226,1.11.10,1.14
crma7dh2lkrjxmqrizp6fpcr3jkhmuo4,1.11.2,1.11
d4qaufqxqyz2zjpeth5dfu3ui3ot5vk6,1.11.6,1.16
d5c4pyv2fhwq74pemkdxmi5pbzfbca74,1.11.5,1.15
e3aa3przsw7rlblhj5qgqcwq3fmtsgcv,2.4.1,1.16
e7z3npn6mjqr4sozjjgvta2kzsqrbi5c,1.11.6,1.11
ed6hi2ceqsc4wehtc4agemgb22vlklx7,1.11.6,1.14
eop4gixbdy7hkbhjzb2y5t4ww5gapani,1.11.8,1.14
esoyuzcyicyxwlingvf6hwq5ulubmar2,1.11.7,1.15
evumztcepbhfv3rgsnch7plhs3wnoxuf,1.11.4,1.11
flthbtoaiiaqd3ldvqrj5jndsigdx4gi,2.0.2,1.16
g4bwj54f7zq3uakoezt3hd5kmkb65om7,1.11.12,1.15
gicxzgjcefp5stfmbozsllpqk2keeelx,1.11.4,1.14
gj7riqzdm5h3spzlu4am4dse3dmnm2rk,1.11.6,1.12
haag6z2vg7z7prb46oxoivu2zwyiuz2d,1.11.11,1.16
hhow6iernnh4lytrkot27a5n6igghp3u,1.11.8,1.16
hpxeq72lasxwly4q4lf4vuytyspydnuo,1.11.12,1.11
htwgdibmvd6d3tjj2bbcaibdo4pzgriy,1.9,1.16
hurhmgx5xhk7osit5ku5midfcu34ea4z,1.11.5,1.11
hvlmo4hf4c2syiib7sx3yat4zhwtjyy7,1.11.10,1.10
icu7suooftafmss4zc2osdjyjuwycamm,1.11.4,1.15
idye5uoyf4w47m7hnqborokn6izpuox5,2.2.0,1.16
imdaimulcynvxeftyqoi57gksqwzgx4a,1.11.4,1.10
imp6icspaooytwyszx7thh6oygprumap,1.11.7,1.12
jag2mog3yvt63s3rqyuxfr27u6kplxjm,1.11.2,1.12
jtjd7ca53ml6d5e7gt7gg5tt7zcpk2gm,2.3.0,1.16
jx2xe32azvjfxpuwvdku3qhou5xxpuyj,1.11.13,1.10
k4sdhypfbnfrz4y6mvojupljyiwn3y23,1.11.7,1.16
kiga3mmyt3rnrdxjgvnlzajjyg4lbybf,1.11.13,1.12
knbupn2j3yf6exmspkbqcyu2t4nyj3ah,2.1.0,1.16
kzfg4zmuikgeqh5bb6ciaam4w4wm7uf4,1.11.5,1.14
l5mihmwzqdqoky35mm3rlj3kd2kxypd4,1.11.3,1.14
lysvx6ege4tqjdovkvfotz34rin4nzjw,1.11.11,1.12
m52fegx5mqwgz7x6sbamvgnisdnw7mdv,2.0.1,1.16
mmoputn4h4gqeccqdnfeybpvcqklldlv,1.11.3,1.12
na5krgvoycj456fie6d35ogucpfjy4pb,1.9,1.12
ofgwmkuju2rkopdkbhkycgpyxkpno5f6,1.11.8,1.11
ogdkskz7uhpmvwxx2ooito2jgt5wsnmu,2.0.0,1.16
ow2vk2ftxsdhdxvnjjcyyhajeasdcok4,1.11.9,1.12
pgi4v6xgzhqer3iyo545hdyu6ksmmlyg,1.11.13,1.16
qcuny3lrnvemmvrljme5xvhcdpviwivg,1.11.5,1.16
qokkanlwg2vcj4nfjfn7jh7i46mcl3hj,1.9,1.15
renf435qgx4ibaoxbm2dytgrmn6vjri6,1.11.6,1.10
rmhyjnqbquo7j7363uil5yt4aodezb36,1.11.8,1.15
rtzkkcsp2hbwc5o7ctwovwuahsfroujh,1.11.10,1.11
s7gsrijkde5txeh6ybs3m7q54m634n37,1.11.9,1.16
sjt527rchseoyk2dkdjra6rlrdjj7ue4,1.11.9,1.11
sxdmyks3y2gu4b5n5oroy4eiggykbyj4,1.11.12,1.10
t6us4qrrx6hljfribm4u3yufmkrhcqjp,1.11.2,1.15
tbj3xnrklm5plpyodokr6jtadaxcptvx,1.11.1,1.15
tbvdfk2lmhxllqo4t3va62c53feti2l4,1.11.13,1.14
tzgjstq5mkbyy6yajmkv2yllvnet6wpe,1.11.2,1.14
uc2w7lc2xzm57t5px64wwit3hqt3v5f4,1.11.4,1.12
uhedpzad2utqn3wt3tvttrayseq4ah5p,1.11.7,1.10
ujopl4qgiq7kfnwkz3pxyoym2a3cgtrh,1.11.9,1.10
vma6o3pf2qxol6dnsox7afms5qrefjf7,1.11.8,1.12
vwkem2irsj57yx3t66kmgnxjkcuiv4ry,1.11.9,1.14
wco3kuoohqc52ujm4e3j7wdcm3u7saeb,1.11.8,1.10
wse4fmvpmmocbozaktwb4texx3jk7tyq,1.11.4,1.16
wtoytv4gsnbrtrh3cyyic2v3xpooemif,1.11.13,1.11
wzw4jpnsoefvn3xxezcc7e72rhzwatlh,1.11.10,1.15
x2e6xc77duxvhcxuacs2tiqvlzurccfl,1.11.13,1.15
x4k5yi42x6pjjxjdthfdkzzidgftconu,1.11.11,1.15
x7nmezivu6ndoqxcyoskfjnekkgx2uan,1.11.3,1.15
xdrdnv7pyrqpvq76b6lxbkkpftw7i5iz,1.11.1,1.16
xj66gvfvxz4h6utk7pibg4sakehtcptc,1.11.11,1.11
yfsqvybcln67o4fuwsj5eylvq7ji7i5r,2.4.0,1.16
yr5kgke7zjowr55vlz2b2i3v7w3qr7xm,1.11.7,1.14
ys2hyundhhsp2e5apep5pkp5xgcilooh,2.6.0,1.16
yvexmbj3sbs65bz3vlxcjwcoqemq2r7d,1.11.7,1.11
ywq7fopyamfz5iymhjcb2czjzzobrhqz,1.11.3,1.11
z34uwu5z6wi2frwwa3ns7lpjm7nc3tjc,1.11.5,1.10
z7yqeghneczr26fk5w5yqgaikrnqkmfk,1.11.12,1.12
