,rempi-version,libpciaccess-version,libfabric-version,automake-version,mpich-version
2csm3lo3p6lb6ij5ogpajz4n5wjxi4xp,1.0,0.0,0.0,5.0,9.0
2frvk6spcrcti2e5mfvv2jzetw4uy57i,1.0,2.0,0.0,6.0,14.0
2wxz2nxzij6w7cf7wjkolvmfrf6rbua6,1.0,0.0,0.0,1.0,12.0
2yh6w3suhqwmpt4jbuxigl5ll5io22zu,1.0,0.0,2.0,4.0,13.0
2ztirymv7yaqzun6btz6k3mimumc4gjm,1.0,1.0,2.0,6.0,0.0
3cgfwhvn3yhhlhnodfnya63zqbkso7pl,1.0,2.0,0.0,2.0,7.0
3fgqckspdzbvfhojkc5bfeetf4kkahph,1.0,2.0,1.0,3.0,5.0
3ka3wtx7so3mtesase3paak4fwvgmkkt,1.0,1.0,2.0,0.0,4.0
3qectnunal5zoodjix4eotnmotvsztt3,1.0,0.0,2.0,3.0,4.0
3yctwplu2ucjpj63punwqji43trbglyz,1.0,1.0,1.0,3.0,5.0
3yyki3udqk4kjbfx7n2ahk4n47mvucbj,1.0,2.0,1.0,6.0,5.0
42ll7aqaskmggxdy5vrdu4i5oascsuxb,1.0,1.0,0.0,6.0,8.0
4cloaqcmkqreay6jxnzg322pcpxronib,1.0,2.0,0.0,6.0,12.0
4ezx5i42lahiwu7ydfgv7xdg6o6kxf65,1.0,2.0,0.0,6.0,7.0
4kvl22clfyqpk3e3zyofpmsjr4lvwuax,1.0,2.0,0.0,3.0,9.0
4mu6l2xa26evzbhl2r7tax67avatlyf7,1.0,2.0,0.0,5.0,10.0
4yjqgpvnsewwdzgwvmdztkh67zh5qcth,1.0,2.0,2.0,4.0,3.0
5egfx3vr2r33ksmcdnfhtedy5rnssdts,1.0,0.0,2.0,1.0,3.0
5nupqqpwdigs77rnoewylyhtekeetbe3,1.0,1.0,0.0,0.0,9.0
5ovyouywbqbl5sozpz4rim5dxulij6g5,1.0,2.0,2.0,1.0,1.0
5sqgj4c3pugkppebm5yezedi5o5kb636,1.0,2.0,2.0,4.0,1.0
5uapsre7dgbll5fief74yrw4idbomgab,1.0,0.0,2.0,6.0,1.0
5vqm245v7nyciugvka46uog3mu44bm7r,1.0,2.0,0.0,6.0,8.0
5xq7xxpbrexke3czxokwl6lhnqhbaxbu,1.0,0.0,2.0,5.0,4.0
5xqgdqkictodjiqcea3eoudoe63uavqb,1.0,2.0,2.0,6.0,0.0
652e5bmvuufur5hhdyyomwkijnmp6zkz,0.0,2.0,2.0,5.0,3.0
67p5cdqfhprww3iytuyk4oiuzbzynve4,0.0,2.0,2.0,2.0,1.0
6ey3fgl45pcqegl6ybkklpqbbx5fc3nl,1.0,2.0,1.0,4.0,5.0
6k6vll4nlrytov23aw56n5qarur4jz4w,1.0,0.0,0.0,6.0,8.0
6rfhlh3mxogxo3c7mlnkqbcmxezkgp7q,0.0,2.0,1.0,5.0,5.0
76ajii2zjgl7wia5co6wyppbaje363jl,1.0,0.0,2.0,5.0,3.0
7aj3onlfnrlvnhsphicewmhljeynkmfb,0.0,2.0,2.0,5.0,2.0
7ehtxxhqsegh2ddbdgwqtgcuxapzy7da,1.0,1.0,0.0,0.0,7.0
7fiin6otwhik2eg4qki4vegam3hdjat4,1.0,2.0,0.0,4.0,9.0
7qbh53eazv5q3rvdvo4pfy5456ajjhvx,0.0,2.0,1.0,4.0,5.0
a4s353utabkfpo26etz5mspti4dodv66,1.0,2.0,2.0,3.0,0.0
a7ju2tmckffr53hqvqmtg33scbpdyhy2,1.0,0.0,2.0,4.0,1.0
aa2basefermd3g43tdcdwwykn4desrwj,1.0,2.0,0.0,2.0,8.0
bdms6exsb27ynnhhs6cr7suavpe6xgc4,0.0,2.0,2.0,3.0,3.0
bfqykdwr6ikjzz37sdf2ed56c7nfykuh,0.0,1.0,2.0,1.0,3.0
bmtcxseeshchfpra6akjqieiwpkggpay,0.0,1.0,2.0,6.0,2.0
cptxsftvnitp3bj4c6ima5lc3hdc7ikg,1.0,1.0,2.0,2.0,2.0
czj5bjgloy26a23k3kkfzzzx7ju6w6br,1.0,2.0,1.0,0.0,6.0
d44iwhzmlx5axxpa56jrxib27scqy6y3,1.0,2.0,1.0,3.0,6.0
dhi6o4t5fnvlxw2wzdkbitr2kxvrf4s7,1.0,2.0,0.0,4.0,12.0
dm7xwsiq4onmeehlyuxc3qzumqja6s4y,1.0,0.0,0.0,1.0,9.0
dr3feae6622mio7jfzc4evye66gq27dx,0.0,0.0,1.0,6.0,5.0
ed5rkji3cffcwv7v3uxbrqu6c4p6mftm,0.0,2.0,1.0,6.0,5.0
emhbrkmcw4iazhov6kzjexsm7as4zb7w,1.0,2.0,0.0,1.0,7.0
eofcmr5azlc7r4bv6btq7rlnvcvjwszn,1.0,1.0,1.0,1.0,5.0
eukktsatnhzcg475yu7cj5p3iy7p63za,1.0,2.0,1.0,2.0,5.0
evclkiim7dl7ekmtcjiadhfw4s2ut2tm,0.0,1.0,2.0,1.0,0.0
evo5br7236c3wxfucys7drugqdjnc3we,1.0,2.0,2.0,2.0,1.0
expakxezvarcqavqtev43dhqp2dbx7xc,0.0,2.0,2.0,6.0,0.0
f7gt5iyyenyvjw5vx5qz2d7eu34wutod,0.0,2.0,2.0,6.0,4.0
fpuewyp4saosyxhq77ekzwinxfxeenmp,1.0,1.0,0.0,1.0,7.0
ftrcce7ywlqccsg5ymdgykmhftwanw6x,1.0,1.0,0.0,2.0,14.0
fz5wuzngat4o2qpqho63kasnl73mzyh3,0.0,2.0,2.0,0.0,3.0
gozez3deiihx3o72v5rv6oqbuf7mdwty,1.0,2.0,0.0,3.0,10.0
gqvhmwodzhm3s2y4eov5s6v6yltphcwa,1.0,1.0,2.0,4.0,1.0
gzi6odqinve4owsid4lemmyws2sxxva2,1.0,0.0,1.0,6.0,6.0
hbpznkis4ayrhztmrmqlztv3ogbkwhqv,1.0,0.0,0.0,3.0,7.0
hkv66pohpakqpcwjnqz5gxvxivanb4lv,1.0,0.0,0.0,4.0,8.0
hqgdfjh6rsrsqfh3c63pmjwwbj37mr3p,0.0,2.0,2.0,5.0,0.0
ht42fmwcvcyiwlalxe4jpk7mcrphzbd5,1.0,2.0,0.0,5.0,12.0
huls25uaerppu55cpaohey2ibwfwmkjo,0.0,0.0,0.0,6.0,14.0
i7rxzu3fmvhtjoyncllxbdac6hjwdujb,0.0,2.0,2.0,2.0,3.0
ifkzjoa7cij6qjdwjg5momc5celsg5ap,1.0,1.0,1.0,5.0,6.0
incusnwk5lr4wgediif6eae5pxojrjbz,1.0,1.0,0.0,5.0,11.0
iofpqg4nk2lvv7rpigrgmrl2qxwd5oab,1.0,0.0,0.0,3.0,12.0
izfnarsy3rui7wsrfpwmxpirvzgxnmf3,1.0,1.0,2.0,3.0,4.0
j2xxzu6l4xvhrvcbgm6hr64vqid6aq22,1.0,0.0,2.0,1.0,1.0
jbhmp57iqe4ovazugr5xm4u2cs7xtvb4,1.0,2.0,1.0,2.0,6.0
jcnaqmwloq5leh7t6pzvbelghfmcjdp4,1.0,1.0,0.0,3.0,12.0
jdpnuajd2jucs74vtihbkzc6mbynclsb,1.0,2.0,0.0,5.0,11.0
jgc46ll73tjt7itd564opcht556zxtgd,1.0,1.0,0.0,4.0,9.0
jwgrbnvywv7l7snpykqqd3h3322yymj3,1.0,0.0,0.0,4.0,12.0
k6pth3catiz5xaddxril7imdslmhx3jx,1.0,0.0,2.0,5.0,1.0
kenqsvjj3e37hxnrhsqebdtxt7tm32rh,1.0,0.0,0.0,1.0,7.0
kg7ckpuloqejvvxvo324o6oigrzcscjc,1.0,0.0,2.0,5.0,2.0
kgnrc7v5d64czfcr4zgziebfyhuswvyb,0.0,1.0,2.0,6.0,3.0
kicdmbrfku7cxforh7wdlufcfetuiv7c,1.0,0.0,0.0,0.0,8.0
km6hqiiwc5gdyccymuf7munvmy4vr7go,0.0,1.0,2.0,5.0,1.0
knhdjinfbbmvfmavh5iiltbtptre5xep,1.0,2.0,0.0,5.0,9.0
ko2ftzrczu6nvw5ia2p27effxn53qhaw,1.0,0.0,0.0,1.0,8.0
lfqrmqm37pqzbatuofni6mebbpbqsupx,1.0,2.0,2.0,0.0,3.0
lgbjg3zchbix5dclbsfrh2roctbo7bbp,1.0,2.0,0.0,6.0,10.0
lktqwcui4vbdw6yqn3nptztykwffqjzo,1.0,0.0,1.0,3.0,6.0
lstxla4fqegbo4wc532u2ib57np2vbeq,0.0,2.0,2.0,2.0,0.0
m572qq5qqwu3zwjhxbhd6hiixxindne3,1.0,0.0,2.0,6.0,3.0
mekptu5vwm56mdkg73eyup5rvd3vc4xh,1.0,2.0,2.0,1.0,0.0
mg7wajb4xhlxrlzjgygap6f7qcbv3wdb,0.0,0.0,2.0,1.0,0.0
mnthaqy5p4sf6vohewtxx6qylvlahdxz,0.0,2.0,1.0,2.0,5.0
mqd72ztqlim7pnbyeudxo3smw5r7onrb,1.0,0.0,2.0,3.0,2.0
n6cluyhwjvqstsvib2piiclnrfwxfjqr,1.0,0.0,0.0,6.0,11.0
ne7edlqww2jsmuy6thgejnw4usmtgbmj,1.0,2.0,2.0,2.0,4.0
nevwwknkw7mbd3ktlkwlwwh7a24nzugc,0.0,2.0,1.0,1.0,5.0
ngimglhlxbphwqx3innl2obgsmzzsx7o,1.0,0.0,0.0,1.0,10.0
ngkv63r6lhxzb5nkwrrgilw2buuahbar,1.0,2.0,2.0,2.0,3.0
npr4u6fpqh5ovkr2cnbmpzegxhi3cisw,1.0,0.0,2.0,3.0,1.0
o2tznifpunkn752qumbycqcwnt67zetm,1.0,0.0,0.0,6.0,7.0
oyy2u7dn4hsmsnxir2aeih4fybpxivyk,0.0,2.0,0.0,2.0,14.0
peqi6fkkrpynov54srmw37z2yol7464s,1.0,2.0,2.0,6.0,2.0
pwh2q6mlrrhsq5h5gbbehyo2z372wzqm,1.0,2.0,2.0,2.0,2.0
pwqszbwx44l7vlq34hj2uzqhggauyj7x,1.0,0.0,0.0,4.0,10.0
pxvakt64mileetjr3h537rgh6sxpeeba,1.0,2.0,2.0,5.0,0.0
pzsta6m3cj2fmzxjm2dkgpesnvcwnpma,1.0,1.0,2.0,5.0,2.0
q7yqn4gmpdl4vo7vrhc6z5uh2lvml2ea,0.0,2.0,2.0,6.0,1.0
qmcin52vlkfsaroi72cnqxi76cn5rkzz,0.0,2.0,0.0,5.0,14.0
qmp2wt5x4v247isqohytndn5gc3hmsel,1.0,2.0,2.0,4.0,2.0
qs4tazyhnnckne46stqb73iyzuqq656n,1.0,2.0,1.0,1.0,5.0
qz2m2gcmbbycoyjxpuqif4hem7mw6lfy,1.0,2.0,2.0,6.0,3.0
r25su4ldzvqvfn5qiea54h4ays6nmtas,0.0,2.0,2.0,5.0,1.0
r5c53vmthqu34np4bpjei7so52vcdm7s,1.0,0.0,2.0,2.0,0.0
rxk5x4qat2dj5masrd3jgm2c2yzb6pqf,1.0,0.0,0.0,6.0,9.0
u3hbcf6jks4wrp5g6ftsy6y3nu42bnrp,1.0,0.0,2.0,6.0,4.0
u6salnhyniny7yr4c2jqd2ecyptrgdmh,1.0,0.0,2.0,4.0,0.0
uat2luqkz7u4e3uylo4n2nufn5l2wpho,1.0,1.0,2.0,1.0,13.0
uohulhkqy2tkrbkjvmj34wferm2omxid,1.0,2.0,2.0,6.0,1.0
v3sv2pr7cjtgulv2bpvlujyzfb2ucxfh,1.0,2.0,2.0,3.0,2.0
vgsc6uh2djpftn7h3dfjmcloqtzpc2tl,1.0,1.0,1.0,6.0,6.0
vhxse7f4ltrj5zha5tfpntxytaiaemzt,1.0,2.0,1.0,5.0,6.0
vorpdtqu5cy52453tngsgjzpqvsozdi5,0.0,2.0,1.0,3.0,5.0
wd34w27x73kp2xhvsdmlfzbdnrnccqy3,0.0,2.0,2.0,1.0,4.0
wmmvwekvgvgkpg57m2czz6vq6wvljyvm,1.0,0.0,1.0,2.0,6.0
wwtjck4yhh7t22pjyxlzmn3k53jfkjm4,1.0,1.0,0.0,1.0,11.0
xecdke2cl7gomh4h3khmlabbefn2p3vt,1.0,0.0,1.0,2.0,5.0
xhkhojmwgxb3kdtds5srgt5yxne4dd4y,1.0,1.0,0.0,2.0,7.0
xrkpfcok7kepyzp7d47n4wpbe5ikm2aj,0.0,1.0,2.0,6.0,0.0
y4yzro3fsr22gujuugv6yfrfbjy6g65n,1.0,1.0,0.0,0.0,10.0
yddebwun27rtoabid5tg22z22j5qtt4n,1.0,1.0,0.0,6.0,10.0
ynyuqtjrw7l5bjnfwmkwtiddreyxt56k,1.0,2.0,1.0,6.0,6.0
yxjghk76hfqo64nwn4nh2r5u4zc2xibc,1.0,2.0,0.0,4.0,11.0
z5bhfu4xxjd6ykjdgjy3hk5tigkyqigd,1.0,2.0,0.0,3.0,8.0
zfwsg37mocquhfcfuw5ym4dy2qalf7k4,1.0,1.0,0.0,3.0,9.0
2bl6r3u5d3okmmvtw5lva7hdu24jzlv7,1.0,0.0,0.0,0.0,12.0
4ezi6lnshxtp6oc4bx3tgabyddkkofpx,0.0,2.0,0.0,0.0,9.0
4i7i4qxtjxczlfx3lhh7nsuoisqrmdsf,0.0,1.0,0.0,6.0,12.0
5m6upyg57zvhm3mtb7ddkpxar5ep3vf3,0.0,2.0,0.0,2.0,10.0
5mnglahi7m4cd4ifr7mbwhifhr4hqnbr,0.0,2.0,0.0,4.0,11.0
5zlvo7wc6qsjaveqvroaagbb5cg3xxav,1.0,2.0,0.0,2.0,14.0
6gmshohzotu5cuqjx2dphmr5r45zvtrk,0.0,2.0,0.0,5.0,11.0
adbevwtcujuvib2sfu3ae2xirvlafqah,1.0,0.0,0.0,3.0,8.0
axjblr5a6o3nhtxgkxgacasrve27lzx4,0.0,2.0,0.0,3.0,9.0
bs3io3aulwtv646r3csicyz546dyxnlz,0.0,2.0,0.0,1.0,9.0
byfjo5qqxu3cdihbjplp6bkfnmoaqgl6,0.0,2.0,0.0,4.0,8.0
cbm6fe6efscgze67gfeqiuibajgb4wyn,0.0,2.0,0.0,3.0,11.0
cphyurvuiyybkltgnrihvl4ew7ziitl4,0.0,2.0,0.0,6.0,12.0
dglxt5azwtaybi6dvth7wcy252x23gsc,0.0,2.0,0.0,6.0,11.0
dweon2f3di6kj2d5b33st6e72nhfr5au,1.0,2.0,0.0,3.0,12.0
ekxdtc5ncozl73dozfrrdeiwq2csfhld,0.0,2.0,1.0,1.0,6.0
ggj5crsyuh2jxprqoxicv4jexgz5l3eb,0.0,0.0,0.0,3.0,8.0
go2ka2cfclwdkoclodrtsfs4xrqnurfl,0.0,2.0,0.0,3.0,12.0
hjawbplomkheuyfgxdvsvstswkpqqra3,0.0,2.0,0.0,5.0,7.0
jiputhkyvxkzttpvfaxjav6bdvltdzzq,0.0,2.0,0.0,2.0,12.0
jw6q6xiikubxllkiunuqva742rpatemd,0.0,2.0,0.0,6.0,8.0
jyc5xfpkfzdid2suoigmnv5u3h6gj3cf,0.0,2.0,0.0,6.0,10.0
k7xwcfjtzu3ntbsmzkajfurvnu2gdgbh,0.0,2.0,0.0,6.0,9.0
l7kilrdd6becdty3v5uv445jxfxoimwg,0.0,0.0,1.0,6.0,6.0
m55r7xrtlnwi3zc3eqlhqk7wgjv3nx4a,0.0,0.0,0.0,1.0,8.0
nwuumsspyxtfhwbb2n7qk3f7lgwddang,0.0,1.0,0.0,0.0,11.0
omgk7d3peqynbaqgtdpnqagokmxdcl53,0.0,0.0,0.0,5.0,10.0
pmcgnzsu7hrzv237pz3xsdmmq7ifxhob,0.0,2.0,0.0,5.0,12.0
qs4ubyd2e54yaxbwrks6pz7hmis33p7b,1.0,0.0,2.0,0.0,1.0
qwetjvfsr36txaeahor5n7yk5ckab6us,0.0,0.0,0.0,4.0,7.0
rs3j4fysf3mbkiif4t5wf4rkqmxwl6bh,0.0,2.0,1.0,0.0,6.0
ryuqodtjgnxbmgh6ogrj2njao5b54bez,0.0,2.0,1.0,4.0,6.0
se4dx63zlnqqep42wd6v5bnlkgxifd3s,0.0,2.0,1.0,3.0,6.0
sgxrwpff67epgry3iw5iogzzam5gn25d,0.0,0.0,0.0,6.0,8.0
udqapiuzrtlcif33wzlbp35tv63cc3vm,0.0,2.0,1.0,6.0,6.0
ujrl5uvw4mtbmwcmzz34q7umgh6oddyk,0.0,1.0,0.0,2.0,8.0
vp7vkyaoc5w7vwtjtdspwqayw6ir7ana,0.0,2.0,0.0,4.0,10.0
wtes5zpaqowdmeggkdah36wdqhi23rig,0.0,0.0,0.0,6.0,12.0
x6ffor7epmjx2rb45fdohc2tw3br5f5x,0.0,1.0,0.0,6.0,9.0
xmt53d4jyu5uiu2pm2753btv4o6rcof2,0.0,1.0,0.0,1.0,11.0
ya4mhjrd3hzvs5ftr5cdaw3hjpcknc6d,0.0,2.0,0.0,1.0,7.0
yist4friwfcmsiut3blkqz6zlpjsyt3m,0.0,2.0,0.0,3.0,10.0
ysqr3mioke7hrlhkowmnx2ykyw2cxlle,0.0,0.0,0.0,1.0,12.0
zvfk7sg4j6gyx6y7w3lx3jor7rs277e3,0.0,2.0,0.0,2.0,7.0
