,superlu-version,cmake-version,openblas-version
24emsgqkkjduc5i7zcyjphdb4qqidpz3,5.2.2,3.4.3,0.3.5
25tjbahglvo5ssir3qfzvdfztb6iu5n6,5.2.2,3.13.2,0.3.14
27klkpfh5uk4xsakv7kl3r5qyz7xp4s2,5.3.0,3.16.1,0.3.15
2caarqzxnoqdmboiae2rnlkdfxywzdyz,5.3.0,3.19.6,0.3.8
2ffskjk2nlmg7fpyyhs6iuxfdjphx743,5.2.1,3.20.5,0.2.15
2hyn2ins3a2biuhdlc2gcretdnvtz7hr,5.3.0,3.14.4,0.3.14
2jokluxynf3ies7rn6s3qzj72ivljbyl,5.2.2,3.17.0,0.2.17
2klytk6qqqpzs34qfmveq6ndil65evva,5.3.0,3.14.5,0.2.19
2mlj2r35dbjzq43kajloech7e7sp6jkd,5.3.0,3.12.1,0.3.10
2r7laa2otynljoujemnxh4hrouqzkxdr,5.3.0,3.11.0,0.2.18
2vuk4nbypk4gcm2pjxugqxprhrcqka2c,5.3.0,3.10.0,0.2.17
2w3ufb4454dj7vkneqdpwrgehjyvciwu,5.2.2,3.19.7,0.2.19
2wegtb5wv7pqptsgr6n23lljywzco75k,5.3.0,3.4.3,0.3.11
2xjrlcwix3ah5lylyehkvp6l3e7kclo3,5.3.0,3.14.2,0.3.9
355p3ekufjywnufbj6gohe4rus5yeamm,5.2.1,3.10.3,0.3.8
36wh6mgoqvwf2lc4jnndzcg55kzlfvuq,5.2.2,3.20.5,0.3.8
37kcdavz5vkcpwmmkckzfiwgxmsewgio,5.3.0,3.12.4,0.2.16
3dq5z4cim7i236ufqos75ydulpgvmb63,5.2.2,3.11.0,0.2.20
3eeaiso6xoor2rgyalscp7isvlssiatb,5.3.0,master,0.3.9
3g42peelha6rkunaha5bsmadl2o2h575,5.2.2,3.20.4,0.2.18
3gy7ai3fdls2n6krxnb2rsfixzf5yurt,5.2.2,3.10.1,0.3.7
3hujxuk4vaith7vimgenycj76oqzywjf,5.3.0,3.14.0,develop
3hzijyd6vdoy7qungkfmkohadno2i34l,5.2.2,3.10.1,0.2.16
3n6phsoyrfglgscyxf2q2kqaytd77z2h,5.3.0,3.19.1,0.3.14
3px7c66dhqql3oqj27nr6qxw3saq7sne,5.3.0,3.5.1,0.3.5
3qvytktjqzc3ehgc6jjlfdtevjhb654g,5.2.1,3.15.4,0.3.9
3rf7stc2k2fq4q2xqh5gihnscrxtdxxh,5.2.2,3.5.1,0.2.16
3us6ciyjjg5lwyg4i43y2i2ijtp45wp3,5.2.2,3.5.1,develop
3ylihtyweu7gm4cwz3clnbsl7b2u3hl4,5.2.2,3.13.3,0.2.17
3yuefsdbxaxvtyajowtzbcwku4lfpo4x,5.3.0,3.14.1,0.2.16
427rsye3z3oumang6jqd5clktnuic4dy,5.3.0,master,0.2.17
437rvt4jjx77rxppfddxliplv5m4x4dx,5.2.2,3.14.7,0.2.18
45cn626zynwey6whfs3jr6b26ecbwwtj,5.2.1,3.15.5,0.2.15
47xdb6stky5r5tbglwuelboozevsmvm3,5.3.0,3.9.0,0.2.17
4bdkuh4jzvdpyrltkfp6vh2eanyqlm33,5.3.0,3.18.5,0.2.17
4kjj64egxgtu3da6zfngluuhy4vhfhbm,5.2.2,3.14.2,0.2.20
4mvagg5rw4se7klky5gvqc7gnlabpdbo,5.2.2,3.17.0,0.3.9
4tqezcd6wqeckhapdzterwxf7jy5g3s4,5.2.2,3.17.5,0.3.8
4ts6afeyo3xgkutcs64kh2eqxf7hnl6s,5.2.1,3.22.1,0.2.19
4v6jihw33fxwd4gr2u4jfqrkyckpqtej,5.2.2,3.16.5,0.3.14
4w3apwlh6vywx4fkdkk4lp5nft5bxt5q,5.3.0,3.13.0,0.3.11
52pz4jn5a5hpb2pbcw2c2z2qqqtkgbo7,5.3.0,3.17.4,0.2.20
57h2yszrqqnkpx4bu6vedtk5kzrdl3cz,5.2.2,3.20.0,develop
5dxvxcigzk25cfi3qe6uavg3qvbztk7j,5.3.0,3.6.1,0.3.12
5e6ph3mzpg5ptwlj24e7exhxcjskd4mb,5.2.2,3.9.6,0.2.18
5fivzar34gfibjidzcnl4op3nneacwgv,5.3.0,3.14.4,0.3.10
5gwgshhsmjtvkifcm3zwssnqbbkn7ew6,5.3.0,3.12.3,develop
5hxdpg5kmkkcxk3eg2fnzhhhywqpr7rl,5.3.0,3.15.1,develop
5ixiouzivatmqvpx5k7c6bb6ebxssvgc,5.2.2,3.13.5,0.3.12
5kpbat3vw5tgi27risdlmzhydd5mxliz,5.2.1,3.21.1,0.3.10
5phzhuxs66pk5edufv6ok3zmadqihia2,5.2.2,3.12.1,0.2.18
5r6qcrt66bzvrmdhuhpbykkbqwji7tk5,5.2.2,3.10.1,0.3.18
5vxm2xfi66ml7vfmwh2ztwclvubjme45,5.2.1,3.14.1,0.2.19
63lhv22e3ttmjv3u3ht62rucumyojltr,5.3.0,3.10.3,0.3.11
66h6f3szvqgkymfoq742y22f5p7yvkxv,5.3.0,3.20.1,0.3.5
67hsacoibsi3fb53i5n7iqjxlh6wla3i,5.3.0,3.1.0,0.3.14
6ari7ifj43viwdocbpyxxv2ks7cdf2jc,5.3.0,3.1.0,0.3.15
6fr6vdvc7yvxx2c2tqj2je5har3e4zbz,5.3.0,3.20.1,0.3.15
6fuhubddbagq7xwxvsx563rqrvxvxzs5,5.2.2,3.9.0,0.3.17
6iapw2nm47zqhz5erj2cn3wdegkyn7mn,5.3.0,3.15.0,0.3.6
6ivvtdo23y7ga4iv5htntyytsls6qtbk,5.3.0,3.14.2,0.3.10
6jaof5npajtfzjncveoq7gmprbb7rbku,5.3.0,3.12.4,0.3.10
6jvly43exwf2i7fzigkx7vbk6s5fpe74,5.3.0,3.16.8,0.3.9
6p6camrmbneiew7alu37zynbgenckhhp,5.2.2,3.21.0,0.2.17
6qf3jbpzuwcujy7xzgv4sr67epxsjzy4,5.2.1,3.19.2,0.3.8
6u2cgqoarr6bkublnxs6mqkphv7osaqg,5.3.0,3.13.3,0.3.18
6uumm4co35xxzusjp3d3523skn2ut3bp,5.2.2,3.15.1,0.3.16
6v4acx6dxbxiy63it3sjbhjxaobnz362,5.2.1,3.13.3,0.3.5
6whwewc3jxatt5btsfqvtnwp3atrxtw5,5.3.0,3.12.0,0.2.17
6wijx4njltwemci34svhu44xyqe44kkk,5.2.2,3.14.2,0.2.17
6wndzlc5zftjgoukd7onwiwrjdkg6qzt,5.3.0,3.16.1,0.2.19
6x7vvebfedcgwgfahtdfcm66rgpxfzju,5.3.0,3.15.6,0.3.13
6xiwuunzqa5644pnlkxud4z4r3xfblkk,5.2.2,3.12.1,0.3.5
72ggkn6ilbnguevf7makitflyn6uozcy,5.2.1,3.9.6,0.3.18
74ek7e626kus2676tsmwfif46jd7ftgj,5.3.0,3.18.2,0.2.15
75ep4mti55tps6xqbqxefixybssnac4s,5.2.1,3.19.7,0.3.13
76ybvaxgof6fjsac5lmc44ppw6l44fam,5.3.0,3.20.4,0.3.11
77tpqsqhy65vtgpzlm27hmgbm256tjf7,5.3.0,3.19.4,0.2.16
77zyahp4w6q55mbdeh3o6qywkkyieyid,5.2.1,3.20.5,0.3.12
7b6ugq3oe275haqgjkhqgzcunvash6id,5.2.2,3.8.2,0.2.19
7e72bbifdpgfcohzqamkkirnag6umm5s,5.2.2,3.19.1,0.3.4
7emtzg6lwcd2prymzbw2xgg7cxem64la,5.2.1,3.16.6,0.3.16
7f4i5ib2wmkoxz2w5i6d6duwik6ue7af,5.2.1,3.9.6,0.2.16
7fdz3vx6ndp7ycxptc7jpg3tfz2hwfkl,5.2.2,3.6.0,0.3.11
7inklzgje6utktmdqv3j4bbvaefyecod,5.2.2,3.7.2,0.3.7
7jrrgdmjgwgciaopm5k2eboimvrvyd3o,5.3.0,3.14.6,0.2.19
7k37c4i4e24q75pv35lbkihevjpx5lb6,5.2.2,3.13.1,0.3.6
7kdiogbvbvlaiwifi3unu6jpeqlrxryg,5.2.2,3.8.0,0.3.9
7ljw3fyka2tlmoogoay6czcufr2dghsj,5.3.0,3.9.6,0.3.8
7mncjl46mlfbg3gk7iwaxuistpijs4ez,5.3.0,3.19.1,0.2.20
7mwydzlfefj3ixjoizps2rfkzbhlrg3z,5.2.2,3.9.6,develop
7n7g3thycvzdxdtra45ze646dgeniwkm,5.3.0,3.19.3,0.3.13
7na5unsqay2zjfwxqlxw7x7dd4zpd32e,5.3.0,3.13.0,0.3.17
7qpxi3mvkksjozq5rkkqgxviz5qroj7c,5.3.0,3.11.4,0.2.17
7stlg7rncd56inlglvx7gjkl6nnthtxh,5.2.1,3.11.1,0.2.16
7ulngu7jxmnmqrizqan2yqc7ijoimumy,5.3.0,3.14.4,0.3.18
7w7pc543ddbansdvrahii65fnrzspgts,5.3.0,3.19.6,0.3.18
7wz7gpqmsr56v7y6ffnpzlqjv2zlyyvq,5.2.1,3.15.0,0.3.9
7zsat77mjny5zdwiiirrbqj3v6q6wjkw,5.2.1,3.13.3,develop
a4rtfelhlyujagw3eiydv6qnisiq22oz,5.2.1,3.12.1,0.3.13
a5s5zhvb3tt4w4n3azmk34cwls3rezhr,5.3.0,3.10.2,0.3.12
a6y55ja5o3bil2yzi7mlxbt2lc2cojtr,5.2.2,3.16.3,develop
actwju43jboig6sp43i5ykrsgrhs7vvh,5.2.1,3.10.1,0.3.4
acucms3l5kcquhgwoymzfvlknxc24dpe,5.2.2,3.7.1,0.3.10
aei3ncncesznsebxhjpndnay5vxqe5yi,5.3.0,3.15.6,0.3.6
afc6i3vegvidhh32cvzivavvyehsf4ob,5.3.0,3.12.1,0.2.20
affxn7yb5gkww5zolphs725q2jcpz3yt,5.2.1,3.13.5,0.3.8
ahx4wbcwhrtbqrq5wab2grslpmmueaxy,5.3.0,3.16.9,0.3.7
aioivwabsebln2lc2hufcakjrbsxfqqo,5.3.0,3.16.4,0.3.5
akhiknk2vcaavzdymzxjsk76kzaeccqo,5.2.2,3.6.1,0.2.20
alffg2x2nv7lwtdo2t5r6z6oalecjdmx,5.2.2,3.18.2,develop
alsgwjxfjfr7gwephdvpzxsl623p4owr,5.2.1,3.14.7,0.3.13
aqy22hyuwuzx7pdaf6txvetvphwwdeg3,5.3.0,3.4.0,0.3.14
assnwmhhdwsdzbd36z7zyq7jxs4aiibp,5.3.0,3.20.2,0.3.4
atpa4ebxqd2psdb4scsmjlguffhws7lx,5.3.0,3.7.1,0.2.17
avfpsnvbvkuhd6gzdutmaexnp6pbvokq,5.3.0,3.21.3,0.3.11
aw75bf4kxdwlrmexnazjyl6th7ai2iig,5.3.0,3.18.0,0.3.6
bc3gbilhxup5hun7vpfbv6ftnth3tvs5,5.3.0,3.19.1,0.2.16
bcj57p2ijcz5xr5ecslmrxviszh67paa,5.2.2,3.15.0,0.3.18
bdkanabvffxdmw6vmw75fyefhor4rpzj,5.2.1,3.14.2,0.2.20
bfha4qncduzhioanylpcbaxzddilzcmg,5.2.2,3.20.5,0.3.10
bfm76ptgpagp74ppmkbcjzkx7agcggu6,5.2.2,3.15.1,0.3.18
bgu2d5dw4l6koe2cv3drhdbqsdvnwjch,5.2.1,3.18.0,0.2.15
bie2a5o6adwurjibrcyulbdmdugqpe6y,5.3.0,3.10.3,0.3.10
bjytcxmf36v27bdijbwtylcnsvpfhvti,5.2.2,3.20.4,0.2.17
blh7gkcmpgbucgq2jrla46w2oe6vvt6a,5.2.1,3.15.0,0.3.8
blxj45ren3fpcufifpsydhhytwxkk7wu,5.3.0,3.16.6,0.3.6
bmlbg25v745vpgdacvgmafkxa6lot7k7,5.2.2,3.12.2,0.2.18
bmlqi5ekgoa2pokmhmw2neox7ew6htm2,5.3.0,3.9.0,0.2.15
bmvb2z4b2fusf4rnpy2kgebdfczxjuqu,5.2.1,3.16.8,0.2.17
bmy7v2wfkngeoeyry6u3ha4ynpxlo4eh,5.2.1,3.17.3,0.3.8
brrwrplrzgaw5zwaunm5jjbobec4sho5,5.2.2,3.6.1,0.3.15
bszlkzrgx2emkm5r7qzxge7kyukrmefo,5.2.2,3.16.5,0.2.19
bvbhmtbwvia4hqsu3vcvkpopdo6j6hq5,5.2.1,3.9.0,0.3.4
bw2nltwz2zvckqrnetkst5evyqi4i2wg,5.2.1,3.18.1,0.3.8
c3gdkicxp3ecyj2d6jrc5kqxy3v3ncui,5.3.0,3.12.2,0.2.20
c53nd5tmcrhdg4h6yydikxanudsdjw6l,5.3.0,3.18.6,0.3.10
c57w5qj34jfrkuvchmpfdkqb74tgtdi3,5.3.0,3.10.0,0.3.17
c7arzs6rldabpnwrg6sjpuk6byvre5ct,5.2.2,3.18.5,0.2.17
caulvlooapbe5g7ri7afg3nmyze4jwzg,5.2.2,3.9.6,0.3.14
cjpzgtohgdsefriygu5jok2jxdcqggpr,5.3.0,3.17.1,0.2.19
ckp6vsbweoiqjn2da5jwpbffbudtf6kl,5.3.0,3.19.6,0.3.9
cl4c42dokbjdnaa3lylvqp4tlvysshub,5.2.2,master,0.3.16
crnl2alzz2so5k3fhikc4d4fkuih2sso,5.3.0,3.11.0,0.2.17
crtfc674h5iodwt222rbart5mqegupor,5.3.0,3.18.2,0.3.4
cuknjxmzbrwjrgavq5bvq6fskyptv5l5,5.2.1,3.5.2,0.3.10
cybi3rausxjwqdhjeqxclzzcfz62zyek,5.2.2,3.7.2,0.2.16
d4vnukb3ukysxjimqhxyjecpxnwpzxmn,5.3.0,3.15.3,0.3.10
d6f6wp5peu7efcno26a7lb42sg5pll7a,5.2.1,3.3.1,0.2.15
d6w27fz5mywyvhh45k6hd6xo2hldfrpr,5.3.0,3.16.3,0.2.15
dcihprm3nupvkp3qgmkwceoozszoqdlk,5.3.0,3.11.0,0.3.13
df3tkcwer47nclexzpsioho5sqwsbytz,5.2.1,3.19.2,0.3.6
dk5bgllwvy4drplgiw66n5r2cmiye35l,5.3.0,3.19.2,0.2.19
dklugquay6t255uxo7hzfnzhsis2ylvp,5.2.2,3.14.3,0.3.10
doc55zlg6fkg2dq5hexxpnjgmbthitcd,5.2.1,3.19.3,0.3.17
dqwekge6fhobli4rbep4of4p5kxwja6q,5.2.1,3.18.0,0.3.16
dqyzt552ngeuxcxgc7tqglawze6lgggh,5.3.0,3.19.0,0.3.6
drmtbjyiknnwkqvvnv5si3b23wtr4hhw,5.3.0,3.18.6,0.3.12
dx5lp22ka5kyrztbo4wfetpdri5db2l2,5.2.2,3.5.0,0.3.18
e2zjmob33vavlrvip7azwf5zskclarbx,5.2.1,3.12.2,0.3.18
e36bun2douveduizgddi5vlt7b3to5wo,5.2.1,3.8.0,0.2.20
e5qz3dxxw5et56w55hp673wf6wccvyol,5.3.0,3.19.1,0.3.10
e63nljl6tstdsfdtdod6n2hhhhwplkdr,5.2.2,3.21.0,0.2.15
e6sxllxprgnpc5j2dcp4qbqfqqsl7zzm,5.2.2,3.15.5,0.2.16
ejtsmen72u2klwqawrtjda75d4thn5vs,5.3.0,3.16.5,0.2.19
enhko27zw3tffiu632h74ycepko6xcmw,5.3.0,3.15.3,0.3.18
epei3qq4z3pu7e5nys5cc3vvpveu7qb5,5.2.2,3.19.5,0.3.18
evcjphevxs7e6qbv44ymoc6xkl63xpvp,5.3.0,3.12.2,0.3.10
evxqwni52rx2ys4amzi4qpus3k6fmcnv,5.2.1,3.16.4,0.3.12
eyt3mzayy5i4ftcuk6ml44nc5jvupo3w,5.2.1,3.5.0,0.2.19
f34xn42vldpz4szxo2amizellyvhlm2n,5.3.0,3.16.7,0.3.13
f74ur5eeizsyraigz6yedf4wupkvlp44,5.2.1,3.19.2,0.3.15
favxiz2w4myxuw44l3jwgu5jeahnuvzz,5.2.1,3.18.4,0.3.17
fawqrtxdqxmjxydpoeydmav26dipl3lh,5.2.2,3.20.1,0.2.16
ffb6lesjbgj4fpne6pqpairxi4sf47qq,5.2.1,3.16.3,0.3.10
fh7bk3svmdc6wzonwzysf6xkgq22lqp7,5.2.1,3.9.0,0.3.6
fhtudlnmp5rnz6borys3esfhiphwdk4h,5.2.2,3.12.0,0.3.9
figee4toekx6lkf6m3bcfr7zejtsjcpr,5.3.0,3.12.1,0.3.13
fl5yp4h4yxpve24m4ebz75sy6oiqieic,5.3.0,3.19.0,0.2.16
frgi42f35alxox5akmpxwv6u3wpmspbb,5.3.0,3.11.2,0.3.17
ft76q4k3bp533bvbszk4qkguybnwsuut,5.2.1,3.16.8,0.3.12
fu7vp7ogb7srjajhyu5q7fflkkxhien6,5.2.2,master,0.2.16
fuuusucxgoamkyevzao56fyxwbl6wxpc,5.2.1,3.18.3,0.3.9
fuyonk527flhqubke6sfnj5c5bxomds4,5.3.0,3.13.1,0.3.18
fyjf3baoyeme3v2wxuwr75rucrjwovlq,5.2.1,3.13.5,0.2.18
fzxhev7ho2bvy2evn2zvqk7aj6zmfekp,5.3.0,3.13.1,0.3.17
fzydv4os4corzm7hlwgdmybnpbovtomg,5.3.0,3.13.0,0.3.13
g32ov3cfnxwu4boixhgam3j4gw2efdri,5.2.1,3.12.2,0.3.6
g5v3eafueck7o5yandqolrhlbkivnodq,5.3.0,3.12.4,0.3.14
g6do2yhf4rlhic45itatvnjqm6qcxqhs,5.2.1,3.11.4,0.3.15
gazjiu3hozhbdrldxh77dmbvyq4tx3do,5.3.0,3.18.2,0.3.12
ggazygmjvseymm5e72doaozeg4ykpnk6,5.3.0,3.18.1,0.3.7
ggqhnbfujolufxkoqvi7pcakqnltqa72,5.2.2,3.15.5,0.3.9
gh7zfjdn3rbyxouwchismnxww466xslu,5.2.1,3.6.1,0.2.20
gjp5i2wfqadlcnk2u4f6o57mmgwpkbd4,5.2.1,3.14.6,0.3.7
gmcbm3ydsdaet2rko6th67wexsi5mfcs,5.2.2,3.18.5,0.3.6
gnmoldva5aydlhkruzunz4buajk4c3wt,5.2.1,3.8.1,0.3.6
gookypo6i5xg452dtpo3boc7eqnaat4m,5.2.1,3.8.2,0.3.10
gp6t4sman546xrtj6teaok7ruoz476h5,5.3.0,3.12.0,0.3.13
gqqgnafzft652lhuimmyf6ckqkkzpraj,5.3.0,3.21.0,0.3.10
gsi2x3a2upw244xhdaik6v5ffbekmhfo,5.2.2,3.14.6,0.2.19
gsvn3iqogxcbs7gbu64dgk6evixp6gzc,5.3.0,3.21.2,0.3.9
gx3qwyccf4zlnthwixrqlzmlmt4ny36a,5.3.0,3.12.0,develop
gxzuqc4qsydgwp7apmzfalgj7p2mb7lp,5.2.1,3.7.1,0.2.18
gybvmznwzk7a2utt3ptshqcjwz43bquv,5.2.2,3.19.8,0.3.18
h24pjb5q7qf3s62auqrhtfcdy5x66pgm,5.3.0,3.16.9,0.3.5
h2fgmiczgtce3qezhth6ctjb2my46bz3,5.2.2,3.12.3,develop
h6nbeszgos5z7eokislif3vgpy4r2xlv,5.3.0,3.15.4,0.3.18
hia6pxm2okiorpclgw3ovquzbe2gdmhg,5.2.2,3.6.1,0.3.5
hikjzqlz6vpolztj3o6rhyykwtmr5tqc,5.3.0,3.11.2,0.3.6
hjlrp5nais5ppkt7z74uthqsam4xkrws,5.2.1,3.20.0,0.3.17
hjzwn4zs7bpfdjc4u76snhhivxbw2aay,5.3.0,3.18.5,0.2.16
ho2k5ux7mlva7eulquzc3bbujfabf4i5,5.3.0,3.15.5,0.2.19
hpepuwfgdyukih6ncpzat2a6id5bxgrt,5.2.2,3.16.3,0.2.16
hrendudlmtqqgrfbkze44isv6wcayvcc,5.2.1,3.15.1,0.3.11
hs27iuagm5nj33nhnxfkwv7lp7mdsb3m,5.2.2,3.21.2,0.3.9
hs45oqk223wg6opvp24if3r3t5nbtaa3,5.3.0,3.13.1,0.2.18
htgtt2dnc2z5era3roby4dm4yn3kiyte,5.2.2,3.12.4,0.3.13
hvb47a25xyap6jbbfj6jeqgobbcx7vml,5.2.2,3.12.0,0.2.16
hvcsnel2jg33ypneatfmvgpioay7pr5m,5.2.2,3.21.0,0.3.12
hxhfo3qnj5qvvwaqbee4bzmqntkdturm,5.2.1,3.5.0,0.3.11
hzcift6cpwjv54uc2x5qiccsqhgr4jgk,5.2.2,3.5.0,0.2.18
i3besh76u6ad77vwoqnbndifaarrvkzm,5.2.1,3.11.2,0.2.20
i55amivpsit5wfl3tqda7upktzvijl7s,5.2.2,3.14.0,0.3.9
i5qyjmfqz2kmysydsharjeabdvo57cle,5.3.0,3.9.0,develop
id4yu3uyyqksodiu3553qf4uvmvc42xl,5.2.1,3.15.7,0.3.13
igokxdto6yk5tsibb2snx3kbe6z3tiz6,5.3.0,3.17.0,0.3.15
ikmimmtcsxhr7tfgqpmi3ndcjdukweyh,5.2.2,3.14.5,0.3.8
ioe27vmhjpi7tyzqq5xvz2a3eky6byps,5.2.1,3.12.1,0.3.15
iszztfwgux57ht7mpkbwzj6lztreac4e,5.3.0,3.16.3,0.3.18
iwwwotjeehcmj5j5etoc4v77q75novgz,5.3.0,3.19.3,0.3.9
iyp4qstbdjhfcjvv3kjisj45ji6j7xt7,5.3.0,3.13.3,0.2.17
iyrc7736elnpgspd4j7ii3ykm2ohpcmx,5.3.0,3.18.1,0.2.17
iz2r4lfiefjkxyvcsnmpcuq44iajscjy,5.3.0,3.17.3,0.3.4
j4qwnrrh4dy3lkfnilg45abgezt7szel,5.2.1,3.9.2,0.3.18
j5oq7jim4dipt3luh7humvqlkhmuwewf,5.3.0,3.11.3,0.2.17
j6smw7f22sb5x6xua4sk2f6vssctqnjg,5.3.0,3.14.0,0.3.13
jc6idke2wzh72nb5crdjgbsu7ip6onrt,5.2.1,3.19.2,0.3.5
jg6huuujcoekwqdpwj5e2426zgx74sr6,5.2.2,3.8.2,0.3.18
jgks4pbu5ojnrqchrqnfuu2aj5nc3ony,5.3.0,3.16.0,0.2.20
jhpjd46hktw3umkayop4napdoqs2ojuu,5.3.0,3.16.5,0.3.11
jibuutt3dbplcinpvyawznweofpd3mcj,5.3.0,3.18.3,0.3.13
jilapnjpnv5vdjbvcw3fkfaubkuy4o36,5.2.1,3.13.2,0.3.14
jmv6dx6ahfvmk7whgjyshmrt3h4oberf,5.2.1,3.10.3,0.2.15
jp54ieunjujfy3cueis4jwi4xhc7ug5f,5.2.2,3.16.8,0.3.8
jpxla4etymdwmeuvegcxoryi6q3agphy,5.2.2,3.12.0,0.3.18
jsqta6niv2kdoxx6bth536nguh7sa6e7,5.2.2,3.16.2,0.2.16
jtbh7nbjha3gx2nhblxx3io7mhigkuqi,5.3.0,3.15.4,0.3.5
jvvunee36ewojhse7zegmo3r3rbsdsbo,5.3.0,3.7.2,0.2.18
jydk3vlcvlug5wjv2juh3gj74jxyblu4,5.2.2,3.15.2,0.3.7
jzeq33m3vr3sgg4x6ms5piypupjxp42t,5.3.0,3.21.2,0.3.4
jzjgqfblazafrnxm7ocobtwq66mv2h3n,5.3.0,master,0.2.16
k6glk75kr6i232xy3ttfsdzspjy4zlam,5.2.2,3.13.1,0.2.15
k7k2qlg3ir2zjwwxznq4uuuriy4p2jyg,5.2.1,3.16.5,0.3.12
kakx4s5nvlauziygmfgycuqoyvomuhiu,5.3.0,3.18.1,0.3.9
kay5oqhz46si2k4f57nbxku2ku7rz3pz,5.3.0,3.19.5,0.3.12
kkm4heptduu26mxthhyeoqeczbmj7q5j,5.3.0,3.8.2,0.2.17
kmob4e5qcyvv2efstwcj2q2vvetbtdcr,5.2.1,3.14.1,0.3.9
knq6uz34lot75wl23hnaxw5djidhtpss,5.2.2,3.14.0,0.2.15
kp2livs3zjhyvayznunashqgiofybvps,5.2.1,3.4.0,0.2.20
kr7ldfmrjstpc6ixqyrwe75vpgjyr6ih,5.2.1,3.18.4,0.2.19
kshzhwb22ci5wnp4pzmzrwv32zxjmk5b,5.3.0,3.18.2,0.3.7
kvhbjfsgdc2xouyus6o4pbdwyvauxjmr,5.2.2,3.13.0,0.2.18
kzi6qpjrrsjxixqwbmdz7p7s7335sshy,5.2.2,3.11.2,0.3.12
l2jve2akd3lwqg25oxxaizycwl5jikhm,5.2.1,3.14.3,0.2.19
l4f4bg6bf2tmoqdz2liyzcefl2ujc4l3,5.2.1,3.4.0,0.2.16
l5vyv7u6nni3m2bfpnsvgt6gznpwlxeu,5.3.0,3.15.0,0.3.14
l7ea66r5ml4q3lrq7azxs5ny3irbs5hh,5.2.2,3.11.2,0.3.7
lbrarzddc4jrlvmbkxssgdpcrxrzohxm,5.3.0,3.6.0,0.3.6
lctic4tlw53p4hqxga7j63j5z7ek5xbk,5.3.0,master,0.3.11
lforcs4dfcwj5zhh5ul2jymf5utlmmbz,5.3.0,3.19.8,0.2.15
lgcik6vzg43dxfnzqozauu2syiz3jwsx,5.2.1,3.19.1,0.3.10
lgsohja33fcg44v56e3buqba77z4tkem,5.2.1,3.17.3,0.2.18
ljpesarhokncfcogptjnssogm27gaial,5.2.1,3.3.1,0.3.12
lklt37vbnvnhuuh3ikqjrmkgcfpc4333,5.3.0,3.15.6,0.3.8
llcerjrwiwro2wgkvcrrnnym6kwpsphp,5.3.0,3.21.1,0.3.5
ln36jlcmdw4cbcx7nu4hqgj2d3dv3724,5.3.0,3.8.0,0.3.6
lo5stfg42y6kyf6rjx2oeo67c5vba35t,5.3.0,3.20.0,0.3.15
lqnbviwhzmpi36eab755ukvoww25ntch,5.2.2,3.20.3,0.3.18
lque4bo2ydq23q2dkew4vdhb4vstujna,5.3.0,3.13.4,0.3.7
lsbh64zwox7oqo4kbhcxx4p2ho4pz4bg,5.3.0,3.18.1,0.2.18
lu6kvjmmcy42tm6cwd6epkzuyngx7u2w,5.2.2,3.11.0,0.3.18
lvfgqo45ak47kczcj5ybm5bsq3j3q2an,5.3.0,3.15.6,0.2.20
lxulqg6u7vlu4g4fosmjtin2zbhwsmlh,5.2.1,3.11.2,0.2.18
m5k6md3nwrrhjfekbq455f666dkql6w3,5.3.0,3.20.4,0.3.6
mbefow4fccveczct57qmsqi26rgzp2ai,5.2.1,3.16.3,0.3.6
me63e5n635mpv5ztp7gqjwz62qih7yll,5.3.0,3.12.2,0.3.9
mffxjabmob4yoh7scuicnq5dgbflhjil,5.2.2,3.8.0,0.2.17
mgx4vvpnexihxtrfp45eptr7gmzsrkm4,5.3.0,3.4.3,0.2.18
mgzrqwbtemegacho2qgoofl74j2marae,5.3.0,3.18.3,0.3.18
mjki2ndiqydj27ix2qoajryv45jtzz3m,5.2.1,3.11.1,0.3.5
mnu4vqkwkgfck3qwf5fmz6h7gdlgcccr,5.2.2,3.16.8,0.3.13
moxhnb5i2evsk2nfsllo2ldmkor63pkm,5.3.0,3.16.7,0.2.17
mpg7v7vckthc5i7rmbkfmznipwnsxikv,5.2.1,3.8.0,0.3.9
mqetmryx5rlfacp4fcc73t27wyxadqwf,5.2.2,3.18.2,0.3.17
mszasatc57w6kc7tofq2s6rwr33xp7z4,5.3.0,3.9.4,0.3.15
mueczfygx3ifueysmh3pkbuzmvucs4mi,5.2.1,3.15.2,develop
mvepjalz6zjadgswuysnowrbvzjcscmc,5.3.0,3.20.3,0.2.17
mxdbktznprlrdns4yyqawtoiiwiq4t4j,5.3.0,3.19.3,0.3.12
n4icxevvvfgghq35yy5lcpisfblfo427,5.3.0,3.9.4,0.3.12
n4npdpuaohkeyioejktqpanw5haxaczw,5.3.0,3.13.5,0.3.12
n77as5ofs2bpbcga7tyc7xxnorew4cdq,5.2.2,3.15.5,0.3.8
nay5mz2oxd6ww7l2tnb2laggjqqdgf7v,5.3.0,3.8.2,0.3.11
nbincp2aat5s5bkh6rqwrp6l5szmyil4,5.3.0,3.14.6,0.2.20
nfhoo4zzlg2wmourritkm4y7qlxze5po,5.2.1,3.14.1,0.2.20
nfi2kn23ewjna4lifg364v2tekti4gax,5.3.0,3.9.0,0.3.18
nljnvqlm655gmbjepc4pbvlxjkg3jmwp,5.3.0,3.15.1,0.3.15
nlr3lxqd4tusinlo2bf4hkajv76ffryt,5.2.2,3.21.3,0.3.13
nlrxjvhoriauqzulndbeuva76lhkzpb6,5.2.2,3.5.1,0.3.15
noe5nqgtpjndo2p2yv7ri7dup2hxvtna,5.2.2,3.19.1,0.3.14
noqmrosyugc26sb7ixsxjorkakrexvjj,5.3.0,3.14.1,0.3.18
noxrxuczg5pf7mqhhsic7wgy6r4n7ltf,5.2.1,3.18.0,0.2.18
np4usw6c7uhje5hoibmupjnefzu62j4c,5.3.0,3.9.4,0.3.11
nphyrdyzzkwujtelaswzccxoableu2zt,5.2.1,3.0.2,0.3.12
nrrssxdim4soyr4zbpd7eywk7x2xyt5b,5.3.0,3.22.1,0.2.18
nrw2r7clwkjsjugzwmbjgxuqiglrgnzc,5.2.1,3.16.9,0.3.9
nsulsoxnsiefv2gydoe75kpaljiwlwih,5.3.0,3.19.7,0.3.5
ntaix4fqu7ebs54wdo7g3kniqysn4b7o,5.3.0,3.12.2,0.3.12
nykyocpyovnwq7lzuwdlcyvfcfd2sxur,5.2.2,3.16.4,0.3.16
nyszo3j7ff7f4nqe56xt6npi5yjfz6yj,5.2.2,3.15.6,0.2.18
o37r7qgchojckfk7tihas2garkdoyd74,5.2.1,3.14.0,0.3.5
o3oq6qwlp7v5jrmsa4louuulxflt4vrx,5.2.2,3.20.5,0.2.19
o6zifzhjre5wfxbvbbvmk26z2yowsaiq,5.3.0,3.20.3,0.3.18
o76ipzgoy222f2gxodmpo5c775gijs7m,5.2.2,3.19.3,0.2.20
oajkmrijspsgqvaqcyf3qbk3d7gr3h7l,5.2.2,3.15.0,0.2.19
ockkw6ftqwlmkwxeirzl5b4mh2vjgeyv,5.2.2,3.17.0,0.2.15
ofa5sxmqzibu3uo764bf5zivbwv3ptk5,5.3.0,3.18.4,0.2.19
omd5okxnywmjtu7proguxk3etwxxw5gz,5.2.1,3.18.1,0.3.6
onkem6ij3cgav5lcktyvkxpo27yym4ww,5.3.0,3.19.6,0.2.16
op7a2wtyfi47pflwvdqebyqygltyhdnq,5.3.0,3.15.1,0.3.17
opoptligbswffajylhzcmwttkv5ucxjr,5.3.0,3.20.0,0.3.11
oqai5vaxv4w6fnpsemmtttae6ekhhdwm,5.3.0,3.18.4,0.2.17
oqhpcwutkyol5mk2qlbh6he4d64az7ma,5.3.0,3.10.3,0.3.18
os4egjrczswh5hv6muftqdhxyvf6th4z,5.2.2,3.18.1,0.3.9
oscogdxpgjeyrf2i37iy6hzenz2oecsu,5.2.1,3.11.2,0.3.13
otogfwhv5ys2gr2wllk7ubx4it65wfco,5.2.1,3.10.0,0.2.18
ou6bqdwhh4mllqts6k2isorup3rfnryi,5.3.0,3.19.0,0.3.11
ow5axgg5exem2w6sprhoodzcnoztgtdx,5.2.2,3.20.5,0.3.11
oxgmdvyll5q6agtr4ams2kbz24vkt5i4,5.2.2,3.19.4,0.2.17
oyztlb6epvfjx6fsc3fdod4secdcehfx,5.2.2,3.11.0,0.3.9
ozavvbo5hqrt7njexfscqc5bcz5elil6,5.2.1,3.22.1,0.3.11
p3npizpbdvzd3phu27gk2nhedrkttntl,5.2.2,3.13.0,0.3.12
p4asmsrczkcoufa7ots5xg7gfvgtv6fi,5.2.2,3.5.2,0.3.10
p5dwivgzwvrungttfdbh2y2y76sc6ajb,5.3.0,3.10.1,develop
p7z4s3ti5mp5owyao3tvv6nz6uykbu6m,5.3.0,3.13.4,develop
pgzu7d6g2ypxxkyxgic2skxbcnxbbwea,5.2.2,3.13.5,0.3.6
phbamfk6ncbt7kb56osg53im2kq4m3ef,5.3.0,3.11.1,0.2.20
pmex3gt7pxn4tvvan34yxe2ocj45udy5,5.3.0,3.13.2,0.3.18
pq2wrfg6mixr4fhifmin4ukpv7asg2dk,5.3.0,3.16.6,0.2.18
preadvk4cnuzbjt4xr7ds5lwhbzs4a3f,5.3.0,3.12.1,0.3.11
prytzexrbrjhzucsaxb2m55i5fcycxtn,5.2.1,3.16.1,0.2.17
psezkatgqqgwe65vygznt5kpjr3pjr4c,5.2.2,3.4.3,0.2.19
psqxikdkrix6xekrd4azh3qcdurjjqd6,5.3.0,3.9.0,0.3.11
ptxdjt226zoshtmsz5b5j4r2raipt5iv,5.3.0,3.16.1,0.2.17
ptzf7pgxqhh2sy5pwtqwlajdqv6erjt6,5.3.0,3.6.0,0.3.18
puirof6jgrw3fefyhsiof4czu6mqwlhc,5.2.1,3.12.0,0.3.6
pyyggcm7hwukhfvg5uuja6k6mppgc7qw,5.2.2,3.14.2,0.3.7
q2my4kc4eentxb4gsmgxdga6xzwsh4sk,5.2.1,3.14.1,0.3.18
q2q2wtc7gjvdhio3y7pyoqddoyppb24x,5.3.0,3.12.3,0.3.4
q2qzlk7xib6l7tu4uirp2f4m5sfs5kot,5.3.0,3.8.0,0.3.15
q53dpwzqekqnw2qbtlf2o2clci4ia7z5,5.3.0,3.21.0,0.3.16
q7et46ide37y5m6rcy42oe6ixtozltmj,5.3.0,3.14.3,0.3.7
qfgq2ru3qrkznu6fudigfgp55fldkqge,5.3.0,3.14.5,develop
qfkecjfrvkumribprxycqozmm4gfj3f7,5.2.1,3.11.3,0.3.14
qft57mxh32zdyczojybp4owjibmu2hxh,5.2.2,3.18.2,0.3.9
qi4fgg3aielbdwxsadoztzfhcui7iqup,5.2.1,3.9.6,0.2.20
qnticpc2qszja5nrrpwxvebywnmupunt,5.3.0,3.12.4,0.3.16
qoomwufoc2mnw43bwb7eml5wlci67qjv,5.2.2,3.4.0,develop
qrbfajowvxcovekucg3hl7qqteas5vre,5.2.1,3.6.1,0.3.7
qryh3rsl2h4wli4dulwvq4pzb4zoosnu,5.2.2,3.12.4,0.3.11
qskz42zbolrjhybonjzazstdrpjelnq2,5.3.0,3.11.3,0.2.18
qxck2445l72cdfvfcidky73rebegvbam,5.3.0,3.19.3,0.2.15
r56ig5ptxlposupk7kbrvej5olucfhwr,5.3.0,3.16.2,0.2.17
r667ewzrb222x7jgtcmhrczslwkptmed,5.2.1,3.16.1,develop
r7auvujfaybjvqchty7zuuxoii7e47ka,5.3.0,3.18.5,0.2.18
rb3xlurh4ley2ba6trgng3uamn36lruw,5.2.2,3.10.1,0.3.12
rdvvfluoa3m7vp5zu2u3p66ytdhhl2oj,5.2.1,3.9.2,0.3.11
rfjwh64gcejkvnkm7tvfkh34vd635k4v,5.3.0,3.15.5,0.2.15
rflsxrfbb2xk67cqjoxgzopyoe55zyk6,5.3.0,3.13.2,0.3.11
rgs36bsf745w5hmx7d4usp5bur4f7g2f,5.2.1,3.6.0,0.3.6
rjq4uzlggpwscfskb6u5syesk2w5qlc6,5.2.2,master,0.3.11
rmpomxvdwvvjvuuc4alng5go3gn24ibf,5.2.1,3.19.6,0.3.5
rn2z6otgjv4jljpwpwgk67cjjii43ufw,5.2.2,3.9.2,0.3.15
rqey6r4zx5ptijep5tu5hjewdjulftrl,5.2.1,3.17.3,0.3.4
rqq5vbwv3ppneirjoqoxxjeve3znf2nx,5.3.0,3.12.2,0.2.19
rrl5kexcu3rw3nkqq6e6o7niqcnwvb7o,5.3.0,3.20.0,0.3.5
rsbxp5tooattjev7gyrz6fz75o24jqxa,5.3.0,3.12.1,0.3.17
ruft5plwsrp4qqgodfykrbfqcl5mans2,5.3.0,3.6.0,0.3.10
ryp5iodi7cnhb3d4cf5tfsgtipvho726,5.3.0,3.11.2,0.2.20
s33xkwypo7mzmf57lfbfewqxz3tlqqvi,5.2.1,3.13.2,0.3.13
s55i4a55layswdyggugkcqm7xvuhny3t,5.2.1,3.17.5,0.3.18
s6d6sgnggfijytpxdn2qoydpfe4te3al,5.3.0,3.13.4,0.2.19
s6sa6wkx7dl4pacvpg5sgic2dbyrbave,5.2.2,3.5.2,0.2.15
s7fgdrpor5zxjqttpgkrrqtqdklhjcse,5.3.0,3.21.2,0.2.16
s7gsaus72axodoywcmfac3cm2wzuh3pu,5.3.0,3.19.1,0.3.9
s7sjgchpizz3ydzrtqosoayritvgf2di,5.3.0,3.18.0,0.2.20
saofw6gt2soghpl7xsbtuljgipre54nt,5.2.1,3.21.2,0.3.11
sc2khzrj57fyymxezgk4ggovjj24sujs,5.2.2,3.19.4,0.3.12
sdp4ddtcoim2wujwvf6x6y322pa3pkyz,5.2.2,3.5.0,0.2.17
seum7756zelhpxq2zfsyds55j7lzfmwx,5.3.0,3.10.2,0.2.20
sfaoppopc7b4ko62rabnw5idjd33wyj6,5.3.0,3.14.4,0.2.17
sjemm23o75yfipbbhw2utitazurhpdqb,5.2.2,3.12.3,0.3.15
sjoemr6bd5pnxxwane6f3lpql6plqa5k,5.2.1,3.13.5,0.3.9
sksoxpfe7cox4yxeva6cep3syor6eekl,5.2.2,3.14.4,0.3.11
sorbtarovsuyrewqovfbvou4upgsrxeu,5.2.1,3.19.2,0.2.16
sqbtu3ej4m5wtz6lfsx23hoc5qkzwfpe,5.2.1,3.18.6,0.3.13
sthtetwsqarfwcrf22smj2vpxz5nmq4m,5.3.0,3.21.0,0.3.13
stkn5o3clngadcfzmux4nj4mxamvqlj7,5.3.0,3.17.0,0.2.20
sxrdxe4v23mkgutzigjcexp7ucvgavqh,5.2.2,3.10.0,0.3.18
szwhiu7vtrcyy6jipp2riulna4puj5y5,5.3.0,master,0.3.5
t2l6c3sy5rsm6stsgq3yiidxuridtq4i,5.2.1,3.21.2,0.2.18
t4weup7gl5micafvjixqem37s6cbnolk,5.3.0,3.9.6,0.2.17
tdq2vehdemhwdpwosljjg66lvx54bw6c,5.3.0,3.20.1,0.3.8
tf3dxd6yr4mqkznryr35gheokzcjow4t,5.3.0,3.17.0,0.3.7
tkbl3gqmzzgxrk67pjg2fduwszboogo4,5.3.0,3.19.4,0.3.12
tnozkpi74ydtt6ttz77cblovupmeqlny,5.3.0,3.21.0,0.3.17
tourfjfmnokvylayenle2rhign2g6kfq,5.2.2,3.14.2,0.2.16
tp3yh6xamzeorxidzfwcdnkxxlqk3l6l,5.2.1,3.19.5,0.3.17
trrrv2iwustjcbn5mh43dqvsh3k73yy4,5.2.2,3.13.5,0.3.17
u6uq32q24iia6twnw6yhni624kjjt7od,5.3.0,3.20.5,0.3.7
ub2il5p5iyt57uiiyeylyvva3yrjkw3a,5.2.1,3.16.8,0.3.18
ubauvvio36knihmur3mspohlvzwi3p5l,5.2.1,3.18.4,0.2.15
ubm4o4h5iesd734s6gubvsrcacnoqslb,5.2.2,3.9.0,0.3.4
ubupuiwkycpox776ekn4qhseax3jm7lh,5.2.1,3.16.5,0.2.18
udpnns6lutirqfl3ty2jyyp5jxhetece,5.3.0,3.16.2,0.3.16
uehhjky2xko77lc4srjdhdmxfpuokzzu,5.3.0,3.16.9,0.3.10
ufop76tmhmp5h4icyx6rocuejl3lrjbi,5.2.1,3.19.6,0.3.18
uieatipxvlodhk723q3suoemoyzkuzcg,5.2.1,3.16.0,0.3.5
uiqegnmrfa2dxicwnsuzdopqw7n7zjtl,5.2.2,3.15.1,0.3.14
uj74lqjgtj4sydfb5erwskexsz26fuhp,5.2.1,3.18.3,0.2.17
unibx7kfbyoywippx7xwunwow3nm7wf5,5.3.0,3.17.4,0.3.18
uo45kfrkrtde4xpdvl2oqylu3hjru67a,5.3.0,3.15.3,0.2.18
uojekgwwuk7vy4wtnkikq5oswpvtkb24,5.3.0,3.19.4,0.2.18
uol3i7j5tnzq7zlhcpz6qm4khyat5dtu,5.3.0,3.17.5,0.2.16
uqubhierc76afnbdbrsao5chduwg65xb,5.3.0,3.11.4,0.2.18
usg65m5u7kkmfk2xkshcqne7fs6kafic,5.2.2,3.13.4,0.2.18
ut7djco7x4waesw5pdbi3ja5qdcbghab,5.3.0,3.14.6,0.3.15
uugfmjjklsst77nmlml5sd76fbiiorsl,5.3.0,3.17.0,0.2.17
uwwpbbvfn6tvprbll62tgus7k525frtp,5.3.0,3.20.5,0.3.16
v32gugoneqtun5og6o72w7j3kocl2x2a,5.3.0,3.10.0,0.2.20
v3mlxs2w7au5rgwtrsrj56owocgoweiv,5.3.0,3.14.0,0.3.6
v5efz6c3evlswsnfy7mbbcvihxvjwlq3,5.3.0,3.15.7,0.3.16
v5v6h2vyir3chf5emcip5d2dvitup4f7,5.2.1,3.19.7,0.3.8
v6rm2ygxy4hrv2o3p4qucu5oshwe64x7,5.3.0,3.12.4,0.3.13
v6yiwllweqrkqqnsdu4tb2mfcb2chm36,5.2.2,3.21.3,develop
v7h6pilao6i2niyhz7jt6k574b7h4t55,5.2.2,3.10.2,0.3.15
vhmgmahciqxyd6lovkzop7x2fokrkhp4,5.3.0,3.8.0,0.3.13
vmmjznid6avhhcqjmqxvsdoaxxa7qr56,5.2.1,3.10.3,0.3.12
vnbssmh4i4dnxgacxmp3knhiqbazedyd,5.2.1,3.13.2,0.3.9
vne75hdgwgtu3rfjnlvzzr4cqwvzc2nr,5.2.2,3.9.2,0.3.18
vnxrxyj5jq7sutrndwkutilfd3dnwxpp,5.2.1,3.15.4,0.3.13
vrb2eb6om24dqjgckchcucba2uhpkgol,5.2.2,3.11.4,0.3.13
vva3dojhmlibq4qyr5b4sn4qeh73cvuv,5.3.0,3.6.0,0.2.15
vxz26af3j52pz3twozp33ms744a62k33,5.2.1,3.19.5,develop
w4wzlo52hys27oabgjpefixkjvdel3qo,5.3.0,3.18.6,0.3.16
w6rubxzyhha6cy4xrmif7cxu6eual6ij,5.2.2,3.10.0,0.2.18
wctsaywr4iblxdsm77q4kxk34omkiitk,5.3.0,3.5.2,0.3.13
wetwibdisk5iucrika266dehs7dgk2xa,5.3.0,3.20.2,0.3.17
whhfh7vcedukp7liey4uiwich2qivxwe,5.2.2,3.14.4,0.2.19
whudalw2qw3lqlf5zbj6s4er6r2bvxzr,5.3.0,3.19.0,0.3.12
wjr57y2ukinkbnjdzz6inqgjkqpv6ifo,5.2.2,3.14.7,0.2.19
wmuiqtrxz5ojlvexgk4yt4drfb7nqwdd,5.3.0,3.14.5,0.2.18
wnyoiohdnk6yr4v66zew2cgn5xrzf275,5.2.1,3.15.1,0.3.18
wre2rkueodmrxy6chgiahe2mojqkv563,5.3.0,3.21.3,0.2.19
wsmzgfnoif2gcahqso65z5t2p5zk7cgo,5.3.0,3.17.3,0.2.16
wsseenhnufxwcuzfyyxc72ip7jmneiha,5.3.0,3.15.4,0.3.6
wwjnrq3rcfs6unkq6xcaapwpxa52znoe,5.2.1,3.15.3,0.3.14
wycdo4g7iqhddnyxpobcnubsvdqanxpf,5.3.0,3.15.2,0.3.12
wyubv2bqt4uvw5q2ujfippjuqo5v72hf,5.2.2,3.19.8,0.3.13
x4k4dt3huqql7u3e7eni47z65uvphdo5,5.2.2,3.20.2,0.3.10
x6pkekjc7ktxc2knkl7j5kqnpd3q5jfs,5.2.2,3.18.3,0.3.5
xbq2yciznz7lndpnhtxj5cfi4ggvzhux,5.2.1,3.15.5,0.3.7
xcj25kvz2mkx4hhg3mwt7ctxdt24f5jp,5.3.0,3.16.2,0.2.18
xdnrs7mmkokggjpnckdw2krqf7xmdcj4,5.3.0,3.14.3,0.2.16
xdpdqcqbf6plblqku2lkhkxehyry66dk,5.3.0,3.6.0,0.3.17
xhuoup3ytrx6lmizgdxynxwwb7r2eiek,5.2.1,3.6.0,0.3.9
xir3tz3bxv6423nes3kqq5rnrwbaztxx,5.2.2,3.6.1,develop
xj7esssci53bmoe3ghnkj6u5inhyedb4,5.2.2,3.12.3,0.3.4
xkpn4umvtghepwsusyqtipx52fx6b3wp,5.2.2,3.21.0,0.3.14
xpe5d4wceoji2wjrbw6dfnn57hiosx2p,5.3.0,3.13.5,0.3.18
xrx6yaxdy52bkusdadq4zff6ecblt3sw,5.2.2,3.19.6,0.3.6
xsvpbmqjsmrh46ivakhknzk2decywz4b,5.3.0,3.19.2,develop
xtjhzo72clxdugyqromo34zjxoxussht,5.3.0,3.19.6,0.3.17
xuc2jrkhmgnzo6xbz565x56kbbjpkf7k,5.3.0,3.18.2,0.3.5
xurztfn5qpy72bq3blh7quqchbdhihgf,5.2.2,3.19.0,0.3.18
xzm5kvlhaa7huo3a2gkh5of5557yvh5r,5.3.0,3.7.1,0.3.13
y4dih6gra63526jejja3rn5hg4u4pcmi,5.3.0,3.19.8,0.3.15
y4ied7t5ftjhi3v7y445c4bcvvl4wv66,5.3.0,3.1.0,0.2.19
y6mhikzfpz6srpa62n46slhzyawk62ng,5.2.2,3.9.6,0.3.13
y74nqsimcyyc2t223ctbldappwxob4bg,5.3.0,3.15.4,0.3.14
yaji5yfzqnr7bcp7cnswapa3jvmrc6ep,5.2.2,3.18.5,0.3.18
yavilo6s5kzaetvy5ynyen5c63zw7tun,5.2.1,3.12.4,0.3.10
ye44lld5erkad3qrghhwpguw46dxxmeu,5.3.0,3.16.8,0.2.19
ygvrvzxoju2myj6ri2pg7nazztolbi5h,5.2.1,3.7.1,0.3.7
ymc6ycqtrw35tsrs72df2bntanumi4th,5.2.2,3.13.2,0.3.18
yoth6xbhukwf653sv74b4a5jrvzdbliv,5.2.2,3.1.0,0.3.17
ypzfogsynbvgba7miyvufsdaiyh6psyk,5.2.2,3.20.1,0.3.15
yrsg3wk4m2m3syvnxu7lwvucysrx3g27,5.2.2,3.14.2,0.2.18
ysrsd3ry6ub3lp2oaknbvdyotcny4ts5,5.3.0,3.22.1,0.3.18
yt423qzybqs25f74wqimmozzgxxrk4ir,5.3.0,3.5.1,0.3.14
ytxe6ftejwsuhimosg3aleeugucoq4es,5.2.2,3.16.4,0.3.8
yvarwq34e75u44b6fb2562wayymfhzwu,5.2.2,3.21.2,0.3.15
yxihmpfm6ocuiy4ozi5nxs3g2nx6hd22,5.2.1,3.9.6,0.2.19
yybj43ijgtzmzo6s2xhshiac3bqkvj6w,5.3.0,3.11.3,0.2.15
yzeo32awezwprkjlwgo2yu636b7fnnm5,5.3.0,3.19.1,0.2.15
z2vsxsbam74mscei7ra3kheozpz7uhjh,5.2.1,3.1.0,0.2.20
z3uklddrh5a3ofo6ymxhmmsc752qv7n2,5.2.1,3.19.8,0.3.6
z5ewhpaeqjns2aegolcv7m5ftjs3k4ib,5.2.1,3.9.2,0.3.10
z5wtm7v4wxarjxt54nyqyboyunq2dq45,5.3.0,3.11.3,0.3.14
zaa46nvo3s6zy4aazih46bltncmfz6jn,5.2.2,3.21.2,develop
zbs5p56g367i6pw54cokdglu2netqtnv,5.2.1,3.20.3,0.3.18
zc7v2vyzg4kxifcresro2wfy6yvoin6v,5.2.2,3.7.2,0.3.14
zdbdeitkabzvbmo6ppnjopp56b5wf5y6,5.2.2,3.16.5,0.3.18
zddmfn2s3tc7gkoxwnmjwnpkm7vgqkwb,5.2.1,3.7.2,0.3.6
zdoukenaz2qpad4efb23urm7xizxv3cj,5.2.2,3.16.8,0.2.19
zfu2qaozgskbuc3cmgfdk2tfbjiswszx,5.3.0,3.17.4,0.3.5
zhzjzb6jpilyhk5hnuwjrqhia76pmriy,5.3.0,3.4.3,0.3.16
zkgsfowqxizfya24ado2wgwazaimafd2,5.2.1,3.17.1,0.3.4
zny5btb677yoa4wkni54g6acnhnjdghd,5.3.0,3.8.1,0.3.18
zo5lzeqiexiupxyeisvnlguhvml2l6ck,5.3.0,3.18.2,0.3.13
zoaimhihh6rdzmlu3kpfn4d3pcld6dxg,5.2.2,3.11.1,0.2.15
zpamsxknue4clxds72x5etrl3m6luuuu,5.3.0,3.5.1,0.3.4
zpmpw2e2qafmr4gqb5qcatigbb6ul3os,5.2.1,3.18.5,0.3.15
zqo2o4xkdqx2usq7qqd5jesygj4mhj4v,5.2.1,3.16.8,0.3.5
zx5y27yohss3to3f7xqatrg772op5mo5,5.2.1,3.22.1,0.3.10
243kjab7htsztlcqfwpi7fegl4azwctm,4.3,3.20.2,0.2.16
2655c4yeo3b4hg4cowiodyjx4d7zdj2w,4.2,3.15.5,0.2.15
26t6dcqsqpudlucibkxda23ceumrvqbi,4.2,3.20.4,0.3.18
2bmjvjjnmr773po5u2q7f4gtlyxhjc2t,4.2,3.6.1,develop
2fzfiojdvfign54pncoik5ln545vsd3l,4.2,3.5.1,0.3.9
2jbdawxfuqn5mgos4kodqpfnb7g7rg6x,4.3,3.15.0,0.3.6
2lrn4hc3uvbtef2lvpb5225aobe6fzx5,4.3,3.12.2,0.3.5
2qxwicsmu75omc54d3gbasvheyp22ye3,4.2,3.16.0,0.2.17
2ro3xctpbutgzbuzhnlakttnadiksuhl,4.2,3.9.2,0.2.15
2tu7xafe3odg33cl3iijdw6krt5svic6,4.3,3.4.0,0.2.18
2wy6mjhqemt2q7qqqw3u26rory6y56sp,4.2,3.9.0,0.3.6
37mfiew47elnmblcp6bmtpuvixuewmm2,4.2,3.13.2,0.3.17
3a4ymqdna2aagt7jivslvsvsdcwebo4p,4.2,3.21.0,0.3.6
3dky2w6cbbpnmfqawojwe7fhrrnqmuov,4.3,3.10.1,0.3.5
3egorgpi3r5dqgcugfjcppj4vynct7e5,4.2,3.15.0,0.3.4
3hl6lcy6w2btap3s55l3exrel3mx6xj7,4.3,3.13.2,0.3.9
3iqommo7jkvghpec2lrwcpvsb24q6n3g,4.2,3.13.1,0.3.7
3jcyvciyetaeed7azdhgmwp3rsnyyujo,4.2,3.14.7,0.3.13
3jujzn5easuafxba7aj7ur4pxtuhmh64,4.3,3.14.7,0.3.10
3ngkaflhwqsyb2s67nq6cujfqsihaqw2,4.2,3.6.1,0.3.11
3nr6bjvaejcnd3vckmminknlmwxz64x3,4.3,3.13.3,0.3.17
4aalyudjzc3xh7xbpuqje2cd7p4fdpxb,4.3,3.1.0,0.3.5
4borqriccciz5lmtqfit6hephhuussxy,4.3,3.14.7,0.3.12
4gpgud7kv7mhh4te445otpk6wyflsywu,4.2,3.15.4,0.3.10
4jvvyj3cjmwtk2myxhq3ljqqbnaej423,4.2,3.13.5,0.3.7
4lwfatkxny3v477n4retoj4vq4s2kc62,4.3,3.9.2,0.2.15
4qcxidk5ujbhhumnpmtpdv2nukdrjlvi,4.3,3.16.1,0.3.15
4qmyzcajyv35zlu2zv2fzl5ryocpdfkl,4.2,3.21.0,0.2.19
4rsk4zgdoui5nzx4hrnmwui4756gmih2,5.3.0,3.12.3,0.2.20
53ik4ykk4pbjb5vktunjsnt5lyf2fmyl,4.2,3.20.2,0.3.16
5ax6kwywde46ajignicybfx3l4zqzcno,4.3,3.1.0,0.2.19
5bfp7w3lwp3rtizmbgweiogggagvvlzf,4.3,3.7.2,0.2.17
5edlvxhgrazkuagijlz2hhk35nra7mj2,4.2,3.13.2,0.3.16
5fe56x4hxnnvrn5gl5pdfby3gifu3j6t,4.3,3.18.6,0.3.18
5lofqowovj5mmqeqihs346vgexxakwtf,4.3,3.18.3,0.2.19
5s734w7vd5hq3xsttk2jfs324pzrtt7m,4.2,3.21.3,0.3.5
5t5m5lvwgnnspbqdhkhzgg2zjvuzia55,4.2,3.13.5,0.2.15
5utvwrmhew3mvz3er75xlxpr4igdlrfv,4.2,3.18.0,0.3.5
5yqunhmrd2mziml2pymry2nv4wr6gwdc,4.3,3.13.3,0.3.10
5ywhlwujw2o3emb46kk5ev73v3yqoi4b,4.3,3.20.4,0.2.16
64yetzpe7omdadn64hlbozp3cxqf5yk4,4.2,3.5.2,0.3.4
66mvx7dgctyttfelcpxkfojkeomgf6mb,4.2,3.8.1,0.3.18
6coji6mwaqfpdk4m7gpnqof5gwsd3sjb,4.3,3.17.4,0.3.11
6cu4bptquvxo2hff7fqmkopifoeqvyb3,4.2,3.7.1,0.3.14
6d64hkmpojcmiegua4xmi5hrzcuzs2r7,4.3,3.15.7,0.3.12
6foca2ajv2lwdurfb2ca4yy34fw7rshe,4.2,3.18.1,0.3.8
6imgfkz2haoiupjhjhsbwpp775d6pcds,4.3,3.19.2,0.3.17
6lrapbd3xauhjyqfmyowtrostu4fabwq,4.3,3.19.6,0.3.18
6mc6aq7by2roy6nztnaydxzgy2daxfng,4.3,3.4.0,0.2.15
6nsdckm6xdqqhjzm223vplulb6fj434t,4.3,3.16.1,0.2.19
6skvcdrnzq5etwps6a6bsu6wbeeux4e5,4.2,3.11.1,0.3.4
7234krxrzws3gikburlvhj5mdh2jlb62,4.3,3.11.4,0.2.15
72ofumryrjv4x7i4pnqtsdhg6qd7djme,4.3,3.12.0,0.3.14
75nb2eylyvcyopp4zqmu6ztcqooqkbsf,4.3,3.5.0,0.3.18
77ndki7f4zav7osfpolto5ce3lyjruxo,4.3,master,0.2.18
7aodljwgsaurokutxybrijzonrmkjfoe,4.2,3.13.0,0.2.17
7gopytfwozdvd3umdng2trpgtmtdx4zr,4.2,3.13.4,0.2.20
7honi6hmdzzakciiu6n5eu6bkddglmcz,4.3,3.14.4,0.3.8
7lokasr3oqhweg66s2ozoatxsy4wr3mz,4.3,3.17.3,0.3.10
7otydjbhe5l4crel74tz33zb3sotmfev,4.2,3.20.1,0.2.16
7rnbq63vpweszztjr3p7wlnvlwbrzajv,4.2,3.16.3,0.3.7
7u3pc732agjhrkj2xgt5fydlte2vg7v3,4.3,3.10.0,0.3.9
7vgcveaqfuqoe5xbxmr767hwpotsofkv,4.3,3.15.5,0.3.12
7zjch524fhb7agevfhrp56dp7ca6bl4y,4.2,3.16.5,0.3.6
ab7jryxckykwspubfkqmjklz4crnizzt,4.2,3.9.0,0.3.11
adx65wco5z22jt67cmquucd6owtmub7s,4.3,3.20.2,0.3.16
ai6fjxvymwodtnxyvgtrtkqzjd3upijw,4.2,3.18.4,0.2.18
aizgd7izzo65ypzufphlxue6awyevyw6,4.2,3.19.5,0.3.10
akga3rxt4t6eklyku2xvho2lwgsbad34,4.2,3.5.2,develop
al6iexb4tgn5kw6e35zznceu2ezl4wlr,4.3,3.15.5,0.2.20
amu3kggh4es7kjtqfy5e5yurocs4527p,4.2,3.15.0,0.3.6
apytnrkfyh225nkzz5wfqb7v3g77qcxm,4.3,3.12.3,0.3.11
aq7hax76gjqfuvmanahrkpz4qdwwivuf,4.3,3.11.3,0.2.20
azsynsnd2jutxeovermfeinnarml3hlb,4.3,3.21.1,0.3.7
b2agg6xutqnigeu2ju5bju72yvesucde,4.3,3.11.0,0.3.17
b3ujjpr4awohgeq2hlecljcg3khqbhep,4.3,3.19.0,0.2.20
b5y4w73lsg5pyvg74zv4pzlr3zv3dwds,4.3,3.5.1,0.3.18
bdbvti7whlwc3sgwray63xqhurzbmhlz,4.2,3.7.2,0.3.10
bf6ztnm65qnslmwhceg6h2yqwthltxng,4.2,3.16.9,0.3.18
bgutdku4lh4v3dlkf53qvhfxtc4zhfwn,4.3,3.18.2,0.3.5
bhg5rzmvbxtgp2nw5jo5rl246g3a26pt,4.3,3.20.1,0.3.15
bhrrgnwkstdscaluda7tquxauczvoala,4.3,3.5.2,0.3.8
bjppohpbelthm64j7xns7h4w74ctijsy,4.3,3.4.3,0.2.18
bl27x23j7ptsoyfmeipgmaqlltsahwq5,4.3,3.19.6,0.3.6
bmxofwusvnxyy6pfxpcscuiuh7kyt2jw,4.3,3.18.0,0.3.16
bnlpjnkiexp47mwhehfxdotprd23fl4r,4.3,3.13.0,0.3.11
bp5miy4ckz36owxgxzze67rbh5jj7zwp,4.2,3.18.0,0.3.18
bqkeftfr6bd7aohlr5yqhv345347x62q,4.3,3.15.4,0.3.12
broe5tsnxj3vxafhzlpjreiqmym67af2,4.3,3.16.5,0.2.17
bwot2q5ugrnuwp3plhkzbby6v2r2rsb4,4.3,3.20.0,0.3.17
byglm24iwe64brygq5aoted6eejwekkv,4.3,3.15.2,0.3.4
csgpqml44rb6v4tm3dbofnkzgbaqsm7x,4.3,3.19.8,0.3.4
csnywz4rv7jz4ve3iujnenwnudnkr5z2,4.3,3.21.0,0.3.9
ctzvfzywqqxoyrruurno7yi7zozhj3sk,4.3,3.9.0,0.3.18
d3ctwworproeugv5lhjeplihfnrifcg5,4.2,3.19.3,0.2.15
d5b7hfhdlwxwj45wr3q7v4kyfowshnzx,4.2,3.18.5,develop
d73uevygvigaa2hqg6g22w7vi74metzc,4.3,3.11.2,develop
dcrom4yra7prqarx54ecmqqzqprcu2qs,4.3,3.16.0,0.3.14
dhh24yxlrqwb5irbbtbwjmj4jnkyhtpe,4.3,3.14.4,0.2.15
djqzfnpy3msv6y4ilposmwn4zz3tts2q,4.3,3.15.0,0.3.18
dk3z5js26vlgws5eb6uulfo2i6o2hxo4,4.3,3.21.0,0.3.15
dlxxozqguc75tj7ahvfadxxnwt6unvfr,4.2,3.21.2,0.2.19
dpbipairltkdzc5qhlb6t6zj7elefvav,4.3,3.21.3,0.2.16
dun6dhjzim3ckkyzzwifsnb24thqzhib,4.2,3.14.3,0.3.7
dwoictrsd4e5du66g425gqxwnk3meyxk,4.2,3.14.1,0.3.13
dzwo3kxvymk3oprdasinwxv7gbbwmiul,4.3,master,0.3.5
ebe36vlljgsgixbvjb43elbfzbwya6sa,4.3,3.19.7,0.3.9
ec2r4qflbaqjcdh52c566ztcl7jzbbgx,4.3,3.10.2,0.3.12
eikyaetrnnljlzoy5ypkkvfdtdzzl4ej,4.2,3.8.2,0.3.18
ejoisv6kle67xcqajir5bebrqsscd3w2,4.2,3.3.1,0.3.18
ejxyvvnv2kfrbplu6ra3abh6lg36bn3x,5.3.0,3.4.3,0.3.10
em7qemlppdgvxm2oihew2isdli7ncr5f,4.2,3.14.3,0.2.18
eqykftwpjmothvfmpurchifocqx3sw3b,4.3,3.16.8,0.3.16
etzzchatkzom252cjo44n6f6oyr2m7k5,4.3,3.9.4,0.3.17
exfms7acsxm6j4wvhgw7dhbmjrhnofoy,4.3,3.19.5,0.2.17
exzmtmwwhkx4kajb2tiahm2ofrnkmpb4,4.3,3.4.3,0.3.7
f3gld3qrkee7itqt7arfijzbtj4zww2z,4.2,3.6.0,0.3.8
f42vovtnwitfbkgjyadqca3e3n2aib5e,4.3,3.10.0,0.3.6
f4jroi7iwwi3bzniptch3isvfeeoqrmy,4.3,3.16.5,0.3.18
f62yaezbjn3lxp3ro6ucdy43d3fgqf52,4.3,3.19.2,0.2.19
fdhtytlz6rkgv23wjwlz4nffqs4y4ajo,4.2,3.17.3,0.3.13
fdlreueuvuzrs5xjh5g63zfw3h6mkajm,4.2,3.16.8,0.3.18
femqvsxc4oraoxxy22zvg5pm62mnsyh5,4.3,3.12.4,0.2.20
fkwkeh2kgpwsmmm4bxtqipqwxkziv3ye,4.3,3.18.6,0.3.9
frl6iiweu6lwa5s4bux5lqxrbphxrcay,4.2,3.15.4,0.3.18
fycn3hmenpws4e6hr55zj4y7r7skydqe,4.3,3.20.3,0.2.18
fyw7fbn4p4gfi2zvjhahbpemzbhnfbwj,4.3,3.18.6,0.3.14
g7mcjrsofbldcvzmhphy6q25rkeyn2oo,4.2,3.7.1,0.2.19
gbgsasscug6dia2cfko4nyhgwszcxdx6,4.2,3.17.0,0.3.17
ggocqnlkwallil5vw3vb4ztnn55bdos6,4.2,3.10.1,0.3.5
gk2kseniojjpx5mmp4csfsihym343bah,4.3,3.16.4,0.3.6
gri5z5ohggx5255vlasoktybndqo4ca3,4.3,master,0.3.9
gvc6nmolzgpcj3yayj5cuxe3os3gznvz,4.2,3.14.6,0.3.9
gwhv5r2q62pya242oawl2vwbidwqs5ta,4.2,3.14.6,0.3.7
gxe5jo337lnyxg5y7xnbi27u5vuztveg,4.3,master,0.3.14
gyvr7vn5urhqioxdj7j2d37lbip3qyno,4.2,3.15.1,0.2.19
h6ev3ae7zsjpx4gpw6nglonp6e3mcl4v,4.2,3.6.1,0.3.14
h6knk3ndg7qhimo5iard5xnxa4djvw6e,4.3,3.14.6,0.3.14
h722wmy6qivnevfciuqbpm7opqhcjqjv,4.2,3.12.0,0.3.12
hgh4txvqfe67h6y5chnpxa5qi4d3fo3q,4.3,3.21.2,0.3.10
hnkggoglpihpeidw6hgmgtufeip2cnzl,4.2,3.20.5,0.3.15
hpdz46fzyk5w67bxobeshsmx562atbjc,4.3,3.8.0,0.2.18
hqs3hjvorltzi5cn752i4frvbwr3tqli,4.2,3.7.1,0.3.10
hqs4i6uagoyi2bodxbx3daiz3y6a23ay,4.3,3.13.2,0.2.19
hrp4ll25mwene3wh7hk2jprhgcnv5vsc,4.2,3.16.5,0.2.19
hybhttde5b2dzin6xb5vi22rpocc5l3m,4.2,3.10.0,0.3.8
hygzjmi2lznqnd2cvzlvkcmy4ytcp6fg,4.3,3.9.6,0.2.17
i7npf6qefnguhxkncqls7f4ba2sw3iob,4.2,3.7.2,0.2.20
ibkoyadrepzh6zuccsqjvpmvzm4s5sfd,4.2,3.16.4,0.3.13
icldgx27kc2q72e6xu6ydebrimpvp5tb,4.3,3.19.0,0.3.17
idhp6nwmqzbomlyf2y5pkr42h6l5mjp3,4.3,3.18.4,0.3.6
ieytqrhai72po7ua7enstvz27vyuiv5h,4.3,3.12.4,0.3.6
iizwr22maxv5uo7g3h6r3x3av652i4v4,4.3,3.17.1,0.3.6
ijsyjergur5bdt5ywllcgii4dnz2k3to,4.3,3.14.6,0.3.12
io5unz5jxifxoluj4xhjjbzfovf2vr2w,4.3,3.12.1,0.3.18
iuqnypcmxhtal7oybcyg2jxi6aow54g7,4.3,3.18.3,0.2.20
iuvudrp5v5a5su7hkae25vhe6zmsw4de,4.2,3.18.5,0.3.10
iwytlc75ts4gixyd77z4w2zbcx2ungxv,4.3,3.14.1,0.3.9
izg332ccd4jw6452rwascwrbc7m6kyxw,4.2,3.14.7,develop
j3bkzyfzjf2v3hcarxe37bgjwyxnroml,4.2,3.17.5,0.2.20
j3xl4paswir6tgzjxumxnvqaazuxexk6,4.2,3.16.8,0.3.5
jfbqnfjywj34sthx6bkj4wq7ezdpiup2,4.2,3.14.6,0.3.18
jg7sadtlinjw344g437fxbhpxyyjj2ok,4.3,3.20.4,0.2.20
jiuyey5tt74mwaz4ibgjbazvhf7t2xvf,4.3,3.9.0,develop
jvgxke6bndiganxcowmp4d3keitvrq4c,4.3,3.21.0,0.3.6
jw2jxgk3padd22nh3wbffydqovhrgige,4.2,3.9.6,0.2.16
jyfhke6jahvsh6lntvad2uyzcvoueqmz,4.2,3.16.8,0.2.19
jymxqc5axd3m6vvaol57j3mtjr3vlaem,4.2,3.16.7,0.2.18
k3htkw4gqjfhdstu6drvmogfqw7kd7ee,4.3,3.18.0,0.3.13
k3rx6akxazlfp6sv6qjdjzn2uu4ni4f3,4.3,3.15.5,0.3.10
k55rxd26k65jnyj6wqx2uppsgfm2xyoz,4.2,3.11.0,0.3.18
k55svj2j7o2lj55lj6izxnezp6qhzkx5,4.3,3.19.2,0.3.10
k7umun74fsxpq26l5fwvqgfqzw2e2hy7,4.3,3.19.5,0.3.7
kdy5dn4f3gp5aayl5scgrsdih6v74uzw,4.3,3.19.0,0.3.13
kixdk3yw2i2rzebyodle6xkdtiltiqpg,4.2,3.20.4,0.3.8
kkydhb6lukxiyucwjt6i7l4hsrabz6cx,4.3,3.18.4,0.3.7
koksu5jpgablbauikwnh22vzsi5tyan2,4.3,3.15.4,develop
kpbrh7twqnw5ofx7a2jiysshmswc5lni,5.2.1,3.19.2,0.2.15
kshdke43fw67rl6n7v3z7y6arxzce6q4,4.2,3.4.0,0.3.17
lazdjvply5we627v6q3i4euzml7qqv74,4.2,3.14.2,0.3.14
lc6zbe7naucoxqkaw2u6juuakuek6zqb,4.2,3.9.2,0.2.16
lhsnz7jfeftfzsqralcznph37ayrztlg,4.3,3.10.3,0.3.15
lmcqjlajb6tbnx3ppqdxahoirbwzrxnz,4.2,3.16.9,0.3.13
lyneypkj2msv5l574ao4dbmaqohjuxk3,4.2,3.15.2,0.3.16
m2busufo56mrvrlu2vijj7vdhloloy5f,4.3,3.16.6,0.2.19
m3dkwcfkyslul2ogxxntqul5z6bzmcqb,4.2,3.17.3,0.3.15
m6oawi7stvgz7ykqlcy3nvqk4o5ceog7,4.2,3.6.0,0.3.18
m7akkqkhfvueiw2wysc7ncagrdjojarm,4.3,3.18.4,0.3.8
mjtmqxtodfaym3zkl44zxu2szbrt6wpe,4.2,3.19.1,0.3.15
mrt7sbhmtfricu35gkebcw7zgk6puqgr,4.2,3.16.1,0.3.17
n6aghao7jjmpqir4xtunfwkvnhunytwg,4.2,3.16.1,0.2.18
nbno5psg7ssg52crdf2xmyyynp6yflps,4.2,3.0.2,0.3.6
nerqxx3szdb2i364crv23f7gih5lv4km,4.3,3.11.4,0.3.15
nfl6fnqlvbv4cvd7txsge4vmnoi24zhf,4.3,3.16.2,0.2.17
ngdv7invpythbkujgzl3mxv6yl7jzfaz,4.3,3.14.1,0.2.19
njmbhdcyfp34yyza4dtn4dwerme5rgjo,4.3,3.20.1,0.2.15
nkuiyfsmqjmioaal2xyyqwkktwbrbfpw,4.2,3.12.0,0.2.20
nmtavhbrkapqdyrfgtf2fchtpkj66xoe,4.2,3.9.6,0.2.20
nngotcfrbgduqhhsnjgy7dsfh5jtib7b,4.2,3.5.2,0.3.7
np26edkbfpug3k2ul3v5a3otdrau73yu,5.2.2,3.20.2,0.2.16
nqacvxsr4dqk4r3xna4qvvounvbjt76f,4.3,3.19.3,0.2.20
nqcm4saynydxzttwwfhvac5mu5l4ng3y,4.2,3.11.2,0.3.14
nt4r4os2uchlku6baa7fbmdmfzuktzhf,4.2,3.16.0,0.3.4
nuhxsilzqf6wqxilbhzi37aid2dfulah,4.3,3.15.6,0.3.12
nyrptofh3leuzd6yqdwb2hzefrucn3v5,4.2,3.15.6,0.3.10
op52ryi3izp4ejmyiiadnnhwnsvu6v77,4.3,3.9.0,0.2.18
ovqjqoahbqgybcxz6gkwvka5cq5twnjs,4.3,3.18.4,0.3.4
ovzunb3ln5k75c2cxydvd62o6wphbutr,4.2,3.14.2,0.3.4
owiiu4eyhw7etykdpl6ruuastmizvv4v,4.2,3.19.7,0.3.11
oyht7fvq4qui56kwhjtldfwb2r2tjfvm,4.2,3.13.2,0.3.18
p2sx3h5qzcn3vo27soy66gqksfmt4qns,4.3,3.19.1,0.3.17
pabu6baggql5uqthvbg5uthvoi56snqq,4.2,3.18.3,0.2.19
pezxqnurbzti3vxtbbspm7ia77bmby5c,4.2,3.19.8,0.3.10
pfoajnsjvabl7b2rpjj5v37cpgnzu62y,4.2,3.22.1,0.3.5
pfqvyoji5zukxwzsmtvvxewon5ooogbe,4.3,3.1.0,0.3.18
pizhn5kg3iikhbhr3fjntr2r5kkiuubm,4.3,3.10.0,0.3.7
plhefu6kmyjsdxarptmldhv5nthvg66h,4.3,3.9.0,0.3.17
prtvcm6ek2iu47jihuctxkotmyrxmqgk,4.2,3.20.2,0.2.17
pxngu2nxovjjksx6yz76pinaorph26u6,4.3,master,0.3.16
q4nw7lnfg33xmeaocnwfcwmgehd2nnnw,4.3,3.11.0,0.3.11
q4r7ekr7kua366qyhr7ae7haeeylzopz,4.3,3.15.6,0.3.11
q5hm7d2pmieau2obyynr7f2arjyvhcon,4.2,3.15.1,0.3.13
qciy3mamfeuxeicsevpusr4brhlwlel2,4.3,3.15.7,0.2.20
qdkyoifmridpyaafd3klgnjje2yzxgat,4.3,3.18.4,0.3.10
qebmwdujectdncir33rnlxdbxvpkxiyp,4.2,3.19.5,0.3.5
qegmaxxq3us5gi7mkz5jxmsdxsrkc4k2,4.2,3.16.2,0.2.16
qfxjlup4h4aw2oujbg5qgmujzkxdy36n,4.3,3.18.1,0.3.8
qn2conquzgbp7dgewbimbyvddrl6yo4h,4.3,3.19.1,0.3.8
qq2msukwbkxl65awo2clidmdshg326ty,4.2,3.16.0,0.2.18
qz46gqvitng6phiusor5ral67eykuqpu,4.2,3.12.3,0.3.7
r3objq3tc4lq5slhwukzvh6gycdgymxm,4.3,3.18.5,0.2.20
r6wqu3kmqkdubuvir6tam7eq7fwnz7q5,4.3,3.6.1,0.3.5
rhkdowo33ip623bq3nydlz3mhej64of2,4.3,3.12.3,0.3.12
rqgxjp3f2lipzuhjn5442aqt6ohzeleb,4.2,3.18.5,0.3.6
rsijb7lsugaole4q7mmg2biut4iqb5ga,4.2,3.19.7,0.3.12
rtk3p3fleig2sfpdxhpx3xtsbf75mubz,5.3.0,3.4.0,0.2.16
rzlj2jcfpwshjzm22cfe5veaome2t37l,4.3,3.15.6,0.3.10
scqkixcpagmaqagwb2gt3uvunsyqxff7,4.2,3.15.5,0.3.10
sdkyelpopgxadndbiymku64psky2xho4,4.2,3.8.2,0.3.9
sqpnapiwrx6nxfbligo46bmnzgfo37io,4.3,3.16.9,0.3.17
sugovbpjzfoziazv3tkbdswouj47ptee,4.3,3.15.2,0.3.8
sv6kkyci24hxg4mhwcczi7upbkuwxgov,4.3,3.11.0,0.2.17
sy5wowghgkdlv3d5vmuxwejrzey5obtg,4.3,3.14.0,0.3.8
sy7n6ilm4jgnielby3huziu3wttukcx5,4.2,3.19.6,0.2.20
szi6vgif5ognpnshki3y6snxetibfjvt,4.2,3.7.1,0.3.13
t2rtovt3sgtz2vn2mnoc23upctxaplqr,4.2,3.4.3,0.2.19
t34nhr7i7msvxgp3pb6jd2l3ypdnhpz2,4.3,3.13.0,0.3.7
tarnorshg64mo4uwj72un6jeu6om2r5m,4.2,3.17.1,develop
tfkz6gghiflah6n4fy63bh3gljkrhyb5,4.3,3.14.7,0.3.16
tiph7zys5p34i6ns5x54fi5kli7eot5h,4.2,3.12.3,0.2.18
tob7oh46yvslhw2ovr534u4kue4xyqsc,4.2,3.18.4,0.2.20
tpjrfsnq672aywx3lbw2enbivtdbsryn,4.3,3.11.1,0.3.6
tqq6faoynlfkd3mqcle6c45rlfy54edn,4.2,3.19.0,0.2.20
txcvvf4yisikfh3ybiwptfjhtrwu3fq5,4.3,3.19.8,develop
tz366crhrpi25b5o2z3znkh2xs7nnjdn,4.3,3.18.2,0.3.16
u3aw3zbrv5uin3gybv5yvlgnucesdis3,4.3,3.14.3,0.3.11
ub3a4w2b2lzvngsfrwoidang7v5yyclp,4.2,3.20.2,0.3.14
uh5rskgviznmf4eubsvhnc63vuydmuem,4.2,3.10.1,0.3.17
uihu4pdimni5s2d4hc7slebejep6vyux,4.2,3.13.3,0.3.9
uqh35wfdga2rvv2s73moclmqvpfk6547,4.3,3.19.5,0.2.19
usbk3anm255fjfnq6s4ygudme5dglehq,4.3,3.14.6,0.3.18
uwyuynzvi57ngyh7n4yuaahiuespucbn,4.3,3.9.0,0.3.4
ux6346zonyr345apfu6fqeekrjhrkowf,4.2,3.8.2,0.3.7
vbflgo376owf6n3pttkw77f4yz7uonjx,4.2,3.18.5,0.3.5
veqgzb77qpuzl7dh7qldhl6ex37hsaq4,4.2,3.19.5,develop
vf25ywjf44lw26hz3vzn5fj4v3kbnmy2,4.3,3.4.0,develop
vf6kvbexnaf4px4dmk7rs7nwwfcyyvjl,4.2,3.16.4,0.3.5
vgw4i6xd5eavi26kwj3qpmuqbnnwbg6l,4.2,3.21.3,0.3.18
vnamqc667djmfmh2myo7mxozmu5iatjz,4.2,3.0.2,0.2.15
vnznghhvkynhe2pn2q67rwfxs4enuzun,4.2,3.11.0,0.3.11
vqmyikbojyz6vjumsmcpq5oxguzsusif,4.2,3.11.3,0.3.9
vta2reilsdp6k47ya7skdhohvbr6dr67,4.2,3.20.4,0.2.19
vtxi322kenjtea2pdahckjkpnwfnvcut,4.2,3.14.0,0.3.18
vxjmwpwyajeijlvkrs5qqzqtddshvrhg,4.3,3.16.1,0.2.18
vzh6sxbapmpipejylqkg5kodfxbcpvi3,4.2,3.9.2,0.3.10
w5csw3exmlmdrvyz47tco2p2nj4rnh4t,4.3,3.11.4,0.2.18
wb3bw3ifsssszu4kzlz4whghackzhdxx,4.3,3.17.5,0.3.4
wcefagqg5yiv3qtddkjliohzuiz37cun,4.3,3.11.3,0.3.4
wcxpyytdikc6veadvhlskfdxkvqqldlo,4.3,3.5.0,0.2.15
wemtmhqmgb5enidr2njlfpm633jdspau,4.3,3.5.1,0.3.5
wgopfcw2kdd6r5jyjhb2vuhmgtixvpxo,4.3,3.20.0,0.3.5
whnuhwazwr7ib3fm6alc2wjlujaxnklw,4.2,3.20.4,0.3.13
wlspkg6sz3zho6r5w6x5sjspbrcpf2jz,4.3,3.12.0,0.3.17
wnbm6cupghrzxd3h2dsclh7tujotelhs,4.3,3.18.2,0.3.4
wrkfudodlbiulyjj4uqzbydl2sqhdguc,4.3,3.15.3,0.3.18
wwkv35wbekfkdd2jrrf5kfwvkklgpevb,4.2,3.18.2,0.3.10
wwvsvommgjo5v5cwkv2q2k6horyfmxxx,4.3,3.15.1,0.2.20
wxkwtqu5uejzldnyovr5qov26625hyrl,4.3,3.6.1,0.3.17
wzc7svbtc4bcgoqsu6rn2ziujd5lodcg,4.3,3.10.1,0.2.18
x7nilsnfaxe3qkcptgpmedkb3kop7sdi,4.3,3.15.0,0.3.9
xauowyrxmkd525txl65z5bujbb57qsdk,4.3,3.20.4,0.2.18
xcowlpa2762tbpdzjjyxntyfaekghobc,4.3,3.0.2,0.3.6
xmkii2skepal3uzqsiw55s7befjhewf4,4.3,3.15.5,0.3.14
y425dmbdvk4uvlkld33p2ioqrvt3jtdq,4.3,3.9.2,0.3.7
ydqzacjj2f3qyxjczpz5hsfla35llbrf,4.2,3.6.1,0.2.17
ygth4knbggehjf4e55kdmaxal5yjpmqj,4.3,3.21.1,0.3.5
yi4woy6bjqfdzeg3n3fegv4gsqdjev6y,4.3,3.20.0,develop
yw2zngzzbztj6btkjczswy5tzj7ryuqs,4.2,3.20.3,0.3.16
z3v4ovfcwfq4azqzziyj2vfor3nn6kgl,4.3,3.18.1,0.3.14
z4c7lyqrqlh6z54y3r7fd2nf2bphlabn,4.3,3.18.3,0.3.18
zaz2o56skpbupgzntt43nbk53c6hhuin,4.3,3.15.6,0.3.14
zcv2v4ig6ejh3kqqtj5vduyyjrhsuahq,4.2,3.20.3,0.2.18
zd3ae5cjrydtaxwistj5opurbvddyznn,4.2,3.16.4,0.3.12
zdozuhuincrpne246n5duomo4chmiqe4,4.3,3.8.0,0.2.17
zluiebmv4ollo6klhauaa6gmx3lbb23p,4.3,3.19.2,0.3.12
zmblkhzy2e7dm3zq4kqsoymhgetwmz37,4.2,3.12.2,0.3.14
zmxeprgbn5y6ao7amrtlf4vgxi3faioh,4.3,3.9.0,0.3.14
znn5hcjadxo5tcklmi7m4x2emnukaydf,4.2,3.20.2,0.2.19
zpi4fnjrrfkbvxv4nfcvpq5t6nzmnfhv,4.3,3.15.4,0.3.18
zqtfro3uakltlgrwl24biw5biypegkna,4.3,3.17.4,0.2.16
zrg5hrgquxwwz3uqohrdxo365bejv2wp,4.2,3.19.7,0.3.13
zuh22m4phhhiqsd6rour4mraj3uxdvp3,4.3,3.15.2,0.2.18
