,python-version,gdbm-version,upcxx-version,libfabric-version,mpich-version
5fottqxcptapgydp4kqctjanx7qoveoj,16.0,1.0,6.0,1.0,6.0
64wesyksi4bskrqpyrxrnzdi5w36g7v6,48.0,0.0,5.0,0.0,12.0
6cqlanmk4b44dpum53ee6nbvrtwz4w2b,46.0,0.0,5.0,2.0,2.0
6m4m24fd2iqjaxpltpc3zu24x2rfdjre,37.0,0.0,2.0,2.0,1.0
6sdpqxrzxizkwrrghnygrb5oxofrknpb,17.0,1.0,7.0,2.0,1.0
73t76xueuysc64dbbznduukxpbqvhjw6,2.0,1.0,3.0,2.0,3.0
75lc4bjepxrodolz2obgnj4nyyatgikn,44.0,0.0,8.0,0.0,10.0
75nslp5sqe4ntplml5oqo472467wyeo5,68.0,0.0,7.0,0.0,12.0
7axrf6v5diqvzxbwra5lm2zbab2g7ywe,14.0,0.0,8.0,0.0,9.0
7g3geywfu5jxywq4i6gbbud6b4ks3y6x,28.0,0.0,4.0,0.0,10.0
7hpmpep43kmyg6sj6f6n4kxfrzgj3owg,67.0,0.0,3.0,0.0,11.0
7itczecojuwwhxfbotbmgsfwafvpfb2r,59.0,0.0,3.0,2.0,2.0
7nbcjkav2uc7sadn4nnmsr2tzsgnj43a,30.0,0.0,2.0,0.0,8.0
7qnhntj4iy4qirxk2g3ueum44jkspatb,22.0,0.0,7.0,0.0,9.0
7vhlpojiowvf5hrewjd7h7wpletqj3ww,51.0,0.0,3.0,0.0,7.0
a32yr7vkn4oqdvlgah64keerw746hyin,64.0,0.0,8.0,2.0,0.0
a4joosguj4c4cpsg7rnxvvdeje7bkygg,20.0,0.0,5.0,2.0,0.0
aklabc6yirfdqjqaesldiqrgvcrssp6b,53.0,0.0,3.0,2.0,4.0
amld7sk3blnpdkojxvrkoypnhhqicfua,4.0,0.0,4.0,2.0,3.0
aowwqjlpu6aftvfpnltqwug6ngn4aslo,23.0,0.0,8.0,2.0,0.0
aragru7yc55meco6h3yz67jqd4en4sxa,71.0,0.0,8.0,0.0,7.0
ardhl2yazwfpg4hjdv7v4ljy5yssdo4z,13.0,1.0,5.0,2.0,13.0
atb5m2dnjnmxxy7jiszorpzrgxuwqbkk,26.0,0.0,3.0,2.0,4.0
atyvrs6htqityxdubchluziefhbffz5f,44.0,0.0,6.0,2.0,4.0
aud2afoibwdkq657v7z5kaq4cdfy2vkj,2.0,1.0,5.0,2.0,1.0
aw4nrgu3st4pkdwupeb4ajlfpgucqtzc,5.0,0.0,3.0,0.0,11.0
b32cybsutrnk5ktgxdj3lbgm2nhbrs24,29.0,0.0,7.0,0.0,10.0
b3bxhdidgm2ysmhwebeqezevy7gpu2qp,20.0,0.0,7.0,1.0,5.0
b5ndan4xxjylzcz5jxmpm4onr3stosi4,4.0,0.0,3.0,2.0,4.0
b6twklxbzzoxkawskalflilush2n44d7,40.0,0.0,4.0,2.0,13.0
b7fceczqwcgynrlr4u7moy4tjx3ktvpi,39.0,0.0,7.0,0.0,10.0
ba2hcsni5rznuh6alrspcdhwykoso3rt,35.0,0.0,4.0,0.0,11.0
batjegl7vgzf6lrrvjsvbp65gzds76vq,42.0,0.0,2.0,0.0,12.0
bb2tvqklj5tbv7g3lcynj7pbimddchnp,48.0,0.0,7.0,2.0,3.0
bb7tjaz7ppkorcost6z5ecv64656mu2u,68.0,0.0,7.0,2.0,0.0
bd65nmd4xx46vsnzmewqwngzxnspmfyo,4.0,0.0,2.0,2.0,2.0
bern2yy3cbppjd7xshb4t3w5bbbb5tnt,21.0,0.0,2.0,2.0,0.0
bfkck3ssoo52jt6jrtqt6ybrkjuxp2r4,41.0,0.0,4.0,2.0,3.0
bg3jmrzxjlw62bc3ulebpgb6xpjgtlue,65.0,0.0,6.0,2.0,2.0
bjzul5ianupukvmumo6kywpp5kbegq56,29.0,0.0,2.0,2.0,13.0
bk6f7avvs6s5xrxc4p2kmxsjoggereaw,55.0,0.0,3.0,0.0,9.0
bmgbknikxhrzex7fc6qtpcynrnx3ao3t,50.0,0.0,8.0,0.0,12.0
brounfpglfkduf5runqr3lgvswas55d5,28.0,0.0,3.0,2.0,0.0
c2i42uujkkbaq32dj25v5xog4kmnw2cv,62.0,0.0,2.0,2.0,13.0
c2trlzqku5dq75ih3eywfazyam3yzhwf,59.0,0.0,5.0,1.0,6.0
c436ebdu6yiubcujysnrnwjjg3iarvwo,60.0,0.0,4.0,2.0,3.0
c6nnxq6tq37ka7vsatfrzivv5brlx3z4,55.0,0.0,3.0,1.0,5.0
c72mws6dni5ythmyzsnjc73mqb4aj5ss,14.0,0.0,7.0,0.0,8.0
c7yguoin2uqprzek765p76xfm745fut5,21.0,0.0,2.0,1.0,6.0
cc2ajy4tuetje4prrxeciru3dyv5uuii,24.0,0.0,5.0,0.0,7.0
chyd2z3vmfq6dcgd2rnepenapsctxilc,44.0,0.0,5.0,0.0,10.0
cjbdvvzrau4qtu6l53iz3dy6q3zqrjwk,1.0,1.0,8.0,2.0,2.0
crzvtcdvvovi4ku6ck7rtnnnz2z25tv4,53.0,0.0,8.0,2.0,1.0
cssyetvgupycsa3iefctdmymubhxkw6m,41.0,0.0,7.0,2.0,2.0
ct2vupv53ezq4ij7gynpmqw4swvdjpcl,23.0,0.0,4.0,2.0,1.0
cu2t5n3ts5ix6jjojgbqnue2tqtdxg43,58.0,0.0,2.0,0.0,9.0
cvr6qa23zngsr7q4giuodv5h5u6fmd5z,42.0,0.0,4.0,0.0,8.0
cvxi4hfiq4g3qbw2ftbrxpftriwglgcv,50.0,0.0,5.0,1.0,5.0
cwxw63t3so5xui6ecsbjpf2y4ddpie3b,15.0,1.0,5.0,2.0,4.0
czij22vgjthdgukez3ywxza22a6jugqg,10.0,1.0,8.0,2.0,4.0
de2i6onpmdyep3ndddgq4psixn2b5lrb,34.0,0.0,8.0,0.0,8.0
des7i3lklstbf7a2tww72e32rfyd7tal,21.0,0.0,2.0,2.0,4.0
dfick5sg4dtmeucwujkcfvorwc7citre,2.0,0.0,3.0,0.0,9.0
dgbe27gqpja46nlhacq5p4op7ugp7a3n,54.0,0.0,3.0,2.0,4.0
dhyombpjtjw3qs66ibf4c4anfew5mhwt,60.0,0.0,8.0,2.0,13.0
dojucdqaosxjlvqhgw7klvuqv6tfidmg,62.0,0.0,5.0,0.0,8.0
dpfc6dte53uksdegwe6jiysbccywme6c,30.0,0.0,5.0,0.0,12.0
dr6rceuk44uwso33d7guxsb6m3rxfx2x,10.0,1.0,3.0,1.0,5.0
drkytlffmpzv7rk77j6xqxppp3r6olcr,57.0,0.0,2.0,2.0,2.0
ds3nsvr73sf4peduhcfsotxpyz45zola,52.0,0.0,2.0,2.0,2.0
dx3cawmoljqsbo4ikw7ghtdba7uw6lgg,30.0,0.0,4.0,0.0,10.0
eaat7czyytkh4ezwxsskl45dzg3jhe35,19.0,1.0,4.0,1.0,6.0
eaedmes73di6flnk64dchf43jtsx363q,18.0,0.0,7.0,2.0,3.0
eatz2ub6nywptxpx45d43vky3z4tusrw,18.0,0.0,6.0,2.0,0.0
edeze3ochmwnrshxhwtbr3rsuo37c4pq,19.0,1.0,7.0,2.0,4.0
ee3glkdfi5qo5pkxpvv5rhilc66k4pui,34.0,0.0,7.0,2.0,2.0
eeh6tvnd5pjznvdkclytv2inf3yqbmiz,56.0,0.0,6.0,0.0,11.0
egzl7cty3mlngvlyx6on7l7mx2aztrfo,50.0,0.0,5.0,0.0,10.0
eiz4hdnprpjvysoqiclvv5i2v6dbkszu,32.0,0.0,3.0,2.0,1.0
enqp3vai6avuefcxyujnggko5wmyto4z,67.0,0.0,5.0,0.0,7.0
eo3rkwzgmn7b4qk2wq5tkmdmj7cjuhbq,36.0,0.0,4.0,2.0,1.0
eprnb3hpiceefhmihfkpcltemdbdlxc2,1.0,1.0,6.0,2.0,2.0
esogj2fshwu76pjgewzqeshxguzuhdkh,13.0,0.0,3.0,0.0,9.0
et4wwt3dc2wf6lcdibg2dznf5hsq7uub,19.0,0.0,5.0,0.0,8.0
etd3jc2zk2n6yb6nbkuqxvfbvrcntjpk,66.0,0.0,4.0,0.0,11.0
etgulelta4dlhfsjyoduw2rjkjuavhdg,43.0,0.0,7.0,0.0,8.0
eu3sm233gydgshvlpsxaui6m5izylirf,0.0,1.0,8.0,0.0,12.0
evsozlxmzek7kzm3e4cg2mmkftixdkkt,53.0,0.0,3.0,1.0,6.0
f34a2imtxigcaz4jl5h4lz2olo47bccs,69.0,0.0,7.0,2.0,0.0
f4pashuz2nidyqq2hos5nn2jcbvifhdq,61.0,0.0,7.0,1.0,6.0
f76vtmsddqeg67a3szhpb4n3kdweq5rq,46.0,0.0,5.0,0.0,11.0
f7ojc33x6ofs5xqpfxxuile3cghi7qnd,60.0,0.0,7.0,2.0,1.0
f7w2j2ozhjuvehq5heju5es2fu5ogzkm,64.0,0.0,5.0,2.0,13.0
feqlev4phfagn66ggud6gizgqzzturue,16.0,1.0,3.0,2.0,3.0
fgx4hretnkll3nictakequehyt32fosq,35.0,0.0,3.0,0.0,8.0
fj2raoece2ecgqvahpg7rfw7jjaragow,30.0,0.0,6.0,2.0,0.0
fkl2mlxr6wbds5iusi7vmilhvnc6j6om,26.0,0.0,4.0,2.0,1.0
fljdcx7mfrtjirftjectggwxv2xstdrn,23.0,0.0,7.0,2.0,3.0
fnwcfckqcqscfixoxveuk3en3hdm4bmn,24.0,0.0,2.0,2.0,4.0
fqs35onq7dybsijh33vpildbwcgf7nxv,63.0,0.0,2.0,2.0,2.0
frzlmszkyxfztno4fr5w42clljnywvnj,3.0,1.0,7.0,2.0,4.0
fsz4a7lgkrrhubdkh3vrsxdy7ioofxg7,42.0,0.0,7.0,0.0,12.0
fu3y6nsyiftl7exj3mbuklieejj4jqjc,56.0,0.0,5.0,1.0,5.0
fuuyi55f33mefqn35xchh5lvwplmcqdx,12.0,1.0,5.0,2.0,2.0
fzyqvf543muzzsvm3tzk7pb6hfax6z3a,63.0,0.0,4.0,0.0,7.0
g2fs6gazpywbxhwi4qxlgj3bzinw656l,29.0,0.0,3.0,1.0,6.0
g2yj57b7z6yesayu6vfnkmni4hzz3a2k,10.0,0.0,6.0,0.0,7.0
g5jazfxrxgdbzljb2ld3fu5klmvq5js5,27.0,0.0,4.0,0.0,11.0
g6uckxzd2llylugvv4lnhdnpy43iktik,69.0,0.0,2.0,1.0,6.0
gasoppjozqycvzvhc45hwz2oxbywilpp,62.0,0.0,2.0,2.0,1.0
gbewfrwlfbakp7qmy6g5fknlvkpckgfm,33.0,0.0,4.0,1.0,6.0
gcs3wzvq7r6sv2wrwp6bfmnoz2ywtsqe,46.0,0.0,2.0,2.0,4.0
gcuc3t5yiuotsgg4z4fjrl6jz3b37jqb,4.0,0.0,4.0,2.0,1.0
gcz2m2feauujmip6pbv7eadvnqnmfffw,18.0,0.0,4.0,0.0,9.0
gegvklbof6anydf3qabcxip5txweuhdp,35.0,0.0,3.0,0.0,10.0
gfcwi5mb7t3mstiowheijpzz4xkp7zpg,42.0,0.0,7.0,0.0,8.0
ggkb3atmwuhajlomdjvtscmjewyptdmv,19.0,1.0,7.0,2.0,0.0
ghgi55li7ixt4mtombqih2wr42xnt4v3,30.0,0.0,8.0,2.0,3.0
ghr32ftrbasrsqk2wdtacsg2dunbnwci,38.0,0.0,7.0,2.0,0.0
gjgnl3csdu5joftvpobtr4yc67kkq6df,23.0,0.0,8.0,0.0,9.0
gjzhlv3u2mn5kgdpssqvevy6t5jb3gvl,36.0,0.0,7.0,0.0,12.0
gkrxf3iig6z3iudjhaw4tfhp6subcj3r,35.0,0.0,7.0,2.0,1.0
gnzo36p2v4opef2rggyqqxzd3hj7vtg7,16.0,1.0,7.0,1.0,5.0
goexhr5gj3fkctsopuhrmyarxupbydfs,36.0,0.0,3.0,2.0,4.0
golhxciniutk5dhdtlnujwsp4ahbhxto,61.0,0.0,4.0,2.0,3.0
goyac5ekpn2r3dphadgcyi6h3cj2vq5w,47.0,0.0,4.0,0.0,9.0
gpksmzjrtvwoaqe7kfhozwbjyxkbj7bz,40.0,0.0,2.0,2.0,13.0
gqtqu5pkomjc5rb5fmsdtte45ilgyqa5,67.0,0.0,6.0,0.0,12.0
gqua5hhkrd2wv7bodemfq62demutatpx,31.0,0.0,2.0,2.0,1.0
gstblbx4t53kibcrrqxo2rs4vtzdzun5,32.0,0.0,7.0,2.0,2.0
gupk42irunjrz52pe6tmffir6frdzios,44.0,0.0,2.0,0.0,8.0
gwgs2zvgevwgxnferktcxxtsmms7lvex,72.0,0.0,7.0,0.0,9.0
gx5kbswv7sepcqecq4kg7sqzrfex26mn,58.0,0.0,8.0,1.0,6.0
gypgmomf7v6yhk4u2c23tuelbydurcag,72.0,0.0,2.0,0.0,10.0
h4sa2xa3dcoo6vhhpkhgckxgxtzvpyf4,0.0,1.0,3.0,1.0,5.0
h5b3rq32ftelyxigksusxqwbj4boapu5,53.0,0.0,8.0,0.0,8.0
h5q376w2rpx7yl4wl2yopozgw2lh4uef,71.0,0.0,5.0,0.0,10.0
h5vdtg7qectivnsoem7khie5nabydcyd,29.0,0.0,2.0,0.0,9.0
h6zwukzoqdsum2ixwsjxwhdqhwpd3omv,41.0,0.0,2.0,2.0,3.0
h7wqyssr2cd2iuycd4gg4z43meciwwan,41.0,0.0,2.0,0.0,8.0
hb63csdph2m56ffjjct4zmtc26qh2vzz,27.0,0.0,4.0,2.0,3.0
hf5sqkbpjfzu4jwrcjxyzj35322fvacn,22.0,0.0,2.0,0.0,9.0
hggo2psknlq53byi3wg6rh2xtumumqnb,42.0,0.0,5.0,2.0,13.0
hgvojjljhet45hla37qofdelmk3poyud,30.0,0.0,7.0,2.0,3.0
hhpyw7alsawb4364luh5jydddk24lvou,59.0,0.0,6.0,0.0,11.0
hhzffg7hi7eykmdhva4snc7k5wdxnuo4,22.0,0.0,6.0,0.0,14.0
hjq5xvrcm4vprodcl4taquibjjbi6mom,19.0,0.0,4.0,0.0,9.0
hk3ly7jimjdroeffjjomz3gzye4orumg,2.0,1.0,7.0,1.0,5.0
hklskoac4bkglpa53j6byado3oc4hntt,26.0,0.0,8.0,2.0,1.0
hlbt3iaiycobdnejeojzyvhsrjws5bye,12.0,0.0,2.0,0.0,9.0
houacaoi377rcfs2dxrphvllq63y4kax,33.0,0.0,8.0,1.0,5.0
hpjdjy4yxe7kybkk3vnhwglyhws4xvc2,60.0,0.0,6.0,1.0,6.0
hq6nhio3pygtej222pg65rjqktjtjsao,42.0,0.0,4.0,0.0,7.0
hqufu6lc4ec3fpuxnkybmwoj25b2oc6f,2.0,1.0,3.0,2.0,2.0
hr2aul7jmtyontqiyz7pnbadbhljovrc,5.0,0.0,6.0,2.0,4.0
hrj7ftr7jz5yazkogumi57gb27kgbcws,56.0,0.0,4.0,2.0,4.0
hs3mto7fj5geyapo7zcjuwtvjxegz5ix,30.0,0.0,5.0,0.0,14.0
huaqbw5xubn26wsu6fuc2yypkx6je4sx,35.0,0.0,7.0,2.0,4.0
i25namrjzgk3utk3wdjq2ktryvdsivfz,34.0,0.0,7.0,2.0,4.0
i2d73whjqwbb6xu3ijqvjnpu67cbid46,24.0,0.0,6.0,1.0,5.0
i53g3fnxigphiha2odo2ywwdfhi2wdzw,20.0,0.0,5.0,0.0,7.0
i5ecgyi5io7inumse7chnhcvgjlsqdyn,45.0,0.0,7.0,2.0,13.0
i6hx2h5d2wox2dynneorek2jzximoghf,60.0,0.0,2.0,2.0,3.0
iaj3ragv2irxuo6mzipwqio66f24y6ad,13.0,1.0,4.0,1.0,6.0
ibehax4py2ev6ldpqua5ej5peo5de4hs,61.0,0.0,3.0,2.0,3.0
ickpi77my3ooupwrcfzkepkdco4sctwo,25.0,0.0,6.0,1.0,6.0
idn4vityunea3bv6tf57wlb7d4fqaa4e,45.0,0.0,3.0,2.0,0.0
ik2quqde62ylpcg3gwzmmiwqbvmqwx2b,53.0,0.0,4.0,2.0,0.0
ikyi3z44owc5szdizc54yswueo6hcc67,43.0,0.0,2.0,0.0,8.0
inmw74ozjo5mqjzrs2zq6j73yr2h35op,57.0,0.0,5.0,2.0,3.0
itkdk45scohkubfgjhw6pccu67oaei5q,10.0,1.0,5.0,2.0,13.0
ix44ye6rk2ptls6vzb6iqcwcmo36mmfg,70.0,0.0,3.0,0.0,10.0
ix4ohrbh5bquka6fdorzpp6syti47p6h,6.0,0.0,4.0,1.0,5.0
ix4qnyhhgvpjf3hamzexppiqgnzoz3xs,58.0,0.0,8.0,1.0,5.0
ixy4f6dte224sceclzji56j4iopv2oje,41.0,0.0,2.0,0.0,11.0
iygm7bktapeer53gzk6mm3tertyreg4v,68.0,0.0,6.0,0.0,12.0
iz6e7lhyr4b3tibe6eo4mkyl3cjmwqtv,10.0,0.0,7.0,0.0,9.0
j234igokj3ysliblxntpm23rvgh7groz,68.0,0.0,4.0,2.0,4.0
j3lfmpehrfcbgxq2knytiowg4ibo5pek,15.0,1.0,7.0,0.0,12.0
j5bexbxmh5hnxfryjnxvahozx62gnwnf,28.0,0.0,6.0,2.0,1.0
j5gkycortwrksvl6kjilvtxgp3ev2e73,24.0,0.0,4.0,0.0,7.0
j66vq4l5c7jnuttsveuzia5wdcsybrmv,60.0,0.0,6.0,2.0,13.0
j6hhhszfapkozp6olufqmzk3uocu6upm,62.0,0.0,2.0,1.0,5.0
j6iqbklv7zqbb7x5oigfe5fxm4ml5vg3,14.0,0.0,3.0,0.0,8.0
j6n4d3b4qbrvz62rfb3jdzpfmjdlptp4,47.0,0.0,8.0,2.0,13.0
jbt7wvbgergqxkoadfligat5pcnban7j,30.0,0.0,6.0,2.0,4.0
jch35gamrvh44yq4t7rjhaa62f2ys3j4,60.0,0.0,8.0,0.0,10.0
jeooj2xwbal5khw7lp7fnysrmsp623gd,36.0,0.0,7.0,2.0,1.0
jjcddilmu4muizmje2ezrann6dauisut,34.0,0.0,3.0,0.0,11.0
jjrgppgtoypugduljjevrcbm2bchq6ls,48.0,0.0,5.0,0.0,8.0
jm6pngycri3pqi7oilcv5dl4cz2t35xk,55.0,0.0,8.0,1.0,6.0
jmbk6uo55zyt3prrqn3vkik6zs5getsr,3.0,1.0,6.0,0.0,12.0
jmnydadpl5yuvmsqdbutm5ovjtomppbf,6.0,0.0,6.0,0.0,10.0
jnd7bgayad242fnatqla7zasch53ezm7,62.0,0.0,5.0,0.0,12.0
jotyca3pugnby2ku4qs653hswgwsml45,47.0,0.0,7.0,1.0,5.0
jue4p4ljxnw3piv5ywx3dztat564g6dt,19.0,1.0,4.0,2.0,2.0
juncvjujcagdi24vu6m3qexdbfhlious,39.0,0.0,3.0,2.0,4.0
juph22duwrk75wltpihkch6phnznp6ix,48.0,0.0,7.0,0.0,11.0
juqjjkluuin7cbxpd4pmwsxc4cxeoann,1.0,1.0,8.0,0.0,10.0
jw6lzsmprh57yt6imohzpgnt6atwnztj,72.0,0.0,8.0,1.0,5.0
jwymuzyxqsirrxsk624jhvaneefvhap3,43.0,0.0,5.0,0.0,10.0
jxhzjn4t3i5k62mns26kll7obp37pak7,15.0,1.0,7.0,2.0,1.0
jycuhkmjxc6tffd5qx4h76yuxvt23qpl,63.0,0.0,7.0,2.0,0.0
jyyy3tera5wqbn73ev7sew7hs7phfvd2,28.0,0.0,7.0,0.0,12.0
k2boxjkiayreocnejrneco56e6ree54k,69.0,0.0,7.0,2.0,3.0
k2mrackol4yci3q7qrorph54fmg7pdai,33.0,0.0,5.0,1.0,6.0
k54jvzrjkyfdgko5xi2haw7qlnblj32p,38.0,0.0,4.0,2.0,13.0
kakclssuixg4jj6tikt7ws33to6eqlqm,53.0,0.0,4.0,0.0,8.0
kc3z5zrknag5c3gwfzxhybj5wgzy4ccy,70.0,0.0,7.0,1.0,5.0
kecghbjusozbwtcnced52xrj27jnwqni,1.0,0.0,6.0,0.0,7.0
kfe7jipoiu62fq3aswtx76b5bh5i5bmp,47.0,0.0,7.0,0.0,10.0
kfmwldbtmuf45fz26tf7nc3wxfqkyoim,34.0,0.0,4.0,0.0,10.0
kglblba4kqdld4bmh5wubjghufhteauo,28.0,0.0,5.0,0.0,10.0
kjgaelbhtrzmexkxavmubjkjus5xrjhh,66.0,0.0,5.0,2.0,1.0
kklrttimvnmzwv6uu6ksjevspbuaeduq,2.0,1.0,5.0,1.0,6.0
ko7erqg2rlsuu47uvyryrelilejqqbn5,7.0,0.0,6.0,2.0,1.0
kor6e7t7zj6opo7xtdpaurgzhtalwdk6,28.0,0.0,6.0,0.0,9.0
kpshv2nmx6hef5bhoyyo2jz33hf3tip4,26.0,0.0,8.0,0.0,8.0
kqarklyykxk5mcx4xsuwrhxov2yafhwt,30.0,0.0,7.0,0.0,8.0
kqpo35dspxbjfgn6wcaurtq4hi6vurwu,60.0,0.0,5.0,2.0,1.0
krdpbkhiisl72gqrsc7afykjgujwlg55,68.0,0.0,8.0,2.0,13.0
ksieoiglmsnq3dbosthu3olavqox5r35,72.0,0.0,8.0,0.0,12.0
kt4f53g6sgegbwiaylujn7c77ijn4lkg,43.0,0.0,6.0,2.0,13.0
kt7ffc7lx5dkkgig4ucsobhk5bx2s37r,9.0,0.0,2.0,0.0,8.0
kvnwxrijaowxr3676vu4g6ygycywvwdr,22.0,0.0,6.0,0.0,12.0
l2z7hsg6ujyd7ap4ylohekc4k5i2ww4c,23.0,0.0,4.0,0.0,12.0
l366iazqgqliwkvldkjlbjwxehhwtuvf,27.0,0.0,6.0,2.0,0.0
l37ucg54uqzo3ozp6kigg7wiph3saz3r,6.0,0.0,3.0,0.0,10.0
l3gy66z5xys63c4p3zgiaspl7pgojqrp,70.0,0.0,2.0,0.0,11.0
l3sc4tfmfzowv3t7q37opwwuho6xs7fq,10.0,1.0,3.0,0.0,11.0
l4b4hq3zuafbzkp4rszhgiwa3ntxmunw,33.0,0.0,6.0,0.0,11.0
l7w3agqamoiznjrmcrksexw3rbsy36nd,50.0,0.0,7.0,0.0,12.0
lanc233wahyvshl4it2kdzdg5xnby7ps,66.0,0.0,4.0,0.0,8.0
leojtz3co6nnf2ggk672v4bz5xcy6baq,56.0,0.0,6.0,2.0,4.0
lgkija6r5rzin5m7s3vdveng2anekttp,63.0,0.0,8.0,2.0,2.0
lgw2shoymyqujn2bug57tbn3fggvnucy,3.0,1.0,3.0,0.0,10.0
lkgbaljsf3ajjphl2dq5477m3kmcxmlt,41.0,0.0,3.0,2.0,3.0
lkl5q5goqyrj7yh7suoqzertofgiuo7m,49.0,0.0,7.0,0.0,9.0
lldwkyoqx5we7gmdre3di5ofxuvlgort,19.0,1.0,7.0,2.0,13.0
lm37kfrn4e5eg3mqzdaitfjsdghezoar,31.0,0.0,6.0,2.0,3.0
lm6mbx3wtoailchnrjcog633sdosn7cj,16.0,1.0,2.0,2.0,3.0
lmbudql7om4cqdgslta3v7x6lzj7fxdr,5.0,0.0,2.0,2.0,4.0
lojlc2xutycdeg26oy44ffckwh5s5jdi,27.0,0.0,8.0,2.0,3.0
lpivwb2okuge4zitj7bct4vpfqs2hthr,10.0,1.0,4.0,2.0,1.0
lsowlq3tj6oneguqwwwudtxhwf2mplxs,40.0,0.0,7.0,1.0,5.0
lssjd5u2os7n6m5ks4i44tpajaqap6kl,67.0,0.0,6.0,2.0,1.0
lucs2zw4n5kglpgeqm74nwmqct5rh72o,67.0,0.0,3.0,2.0,1.0
lwejkrh6bw3s6kispym7psq2bnxgapcq,27.0,0.0,8.0,0.0,11.0
lww276islmldylrqdfyvw7v4xmohf6qw,0.0,1.0,5.0,1.0,5.0
m2ucrynqjp2p3pfski67bikhgjgk7guj,23.0,0.0,4.0,2.0,0.0
m5akdznagdhjbcm2clvwvfrbdpkh74gt,55.0,0.0,4.0,0.0,9.0
m5hebhes3s45b44z6dk4lly2sjou6lzs,48.0,0.0,7.0,1.0,5.0
m5yq3jbud6kg2utotgwvbw5gvrmlsno2,22.0,0.0,7.0,2.0,2.0
m6pblzdefxwp3xbrdn36ddsgbwkobqsk,45.0,0.0,8.0,1.0,5.0
mcvus4axpc5zs2jwih35rbtbpxpr76px,31.0,0.0,4.0,2.0,3.0
mdnsiuad6comvjhecjtt3nd2shdntgkz,12.0,0.0,8.0,0.0,7.0
mdy2nvfy2gw5cmoaeaoz7grxaciedvsg,1.0,1.0,4.0,1.0,6.0
me5l4fsixqyofvm46gvou3fggojjp454,13.0,1.0,5.0,1.0,6.0
mfne54or3wasy3alcnezp5oee3p6cace,36.0,0.0,8.0,0.0,10.0
mjhmw2mtxwbufbaj7q5mkwyupijfksce,14.0,0.0,5.0,0.0,8.0
mkde2b62u6vatxgjunno6fir3jnkh6cp,36.0,0.0,8.0,0.0,9.0
mleyau4bneiyltjkxztdhd3i7pqoty3w,42.0,0.0,8.0,1.0,5.0
mlsplyeghtudlgo5ho34fcfan4t3nfji,63.0,0.0,6.0,0.0,10.0
mnsglwt4jqb2tvofjiqf35io3t32u65f,14.0,1.0,4.0,1.0,6.0
mqmajqgwakf3rjnrmykx5k62ocg7d4u5,54.0,0.0,4.0,2.0,2.0
mtupeawaerosfn4tf5wmixi2twtdvlvz,10.0,1.0,4.0,1.0,5.0
muhh3nzb37x62cdquozgx4atvy527axy,31.0,0.0,8.0,2.0,0.0
murkk6hqavxshj3prblr7onfugygbct3,2.0,1.0,8.0,2.0,1.0
mvj5qixjxyb24agmr6ccv6tszqk573ok,46.0,0.0,5.0,0.0,10.0
mvqnjccnztiycz4xcauoemshds4h3uhm,43.0,0.0,6.0,1.0,6.0
mvxvpxuvrfucsj2p54h626zj7o55mpjg,68.0,0.0,5.0,0.0,8.0
mwfdjvaifn73jyp4ftic3oqixvgsi3me,36.0,0.0,7.0,0.0,10.0
mwkzqxeqv4insuyr4cdanbsqrei35dqc,2.0,1.0,8.0,0.0,12.0
mz35jh76iyvn5ujgimkm2mbawiypuywk,3.0,1.0,7.0,2.0,1.0
n26htqkgs2qmgec6hsgbrwwroffwwkqc,49.0,0.0,3.0,2.0,2.0
n5idutxwlzdldjw2ecf3dqwd2axykzmb,15.0,0.0,8.0,0.0,8.0
n5keruohkxrg3lgvwap3crgddmwfzy4z,28.0,0.0,5.0,0.0,8.0
nfsewvxgsnpc3jyh5x5t5qsm6ek6tefx,60.0,0.0,4.0,0.0,11.0
ng7oabttywcuhrxbyac7a6w5stz4wb63,2.0,1.0,6.0,2.0,13.0
nhu4eqay6qzw443fmq4nx3w7e3c3vylh,7.0,0.0,6.0,2.0,0.0
nizblfcvlowixzcwajewyqu2a5uff2wu,30.0,0.0,2.0,2.0,4.0
nouo4ymsgtjzitxu5rytxzmufooa3sew,40.0,0.0,6.0,2.0,1.0
npcof7xhwzd22nodskqcrcjobq3qdhdd,29.0,0.0,3.0,2.0,13.0
nsiymacxhbrhnkypcrn3baiac7hnmppl,19.0,1.0,4.0,0.0,10.0
nsqp7y535x7yfyg4cujy3mgumtwququh,42.0,0.0,3.0,0.0,10.0
ntl7labkfybyzalhhygedmfzi2v6uumo,63.0,0.0,6.0,1.0,5.0
ntucv446ojtf7v6rxsw24blaydeahj55,56.0,0.0,8.0,2.0,2.0
nu5sh5xefg67ru2lpydwkljjnjks76fs,72.0,0.0,7.0,1.0,6.0
nvkmuwaes4tf22qugr7dt2ppkpsdro5k,57.0,0.0,2.0,2.0,0.0
nw2sk52xgen3obbz5a4hm6kmv4heqnty,1.0,1.0,7.0,0.0,11.0
o2bos62s4ucvs3omfk7ggz7ikap7neuw,16.0,1.0,3.0,0.0,12.0
o2gxcjomg5uwlzoapngmxs3vai3xn345,33.0,0.0,7.0,0.0,10.0
o3e3dajflxljcfinhmvlbx3upqfdyx23,24.0,0.0,6.0,0.0,9.0
o4slfkv433i2fblnj62k2x7qbvq6mte7,33.0,0.0,6.0,0.0,7.0
o7z64f63okiif7yfhiigtcuj3tra5gzn,64.0,0.0,3.0,1.0,6.0
ocdrehrr2sy6cwqwwnvsot6lfqwpyazs,44.0,0.0,4.0,0.0,12.0
odbbsjubys6u3rsz4ojd2w3zpwyqgycl,58.0,0.0,4.0,2.0,2.0
odl5pdzhvuxqaavcx73rna5m3csfyt22,54.0,0.0,5.0,2.0,4.0
oflhtira3a3l2f77h2zvfu7s6dlfjkdb,61.0,0.0,6.0,0.0,14.0
oft2kz2ifoghinoktswgav5zf3bomxw5,33.0,0.0,5.0,0.0,8.0
ojgtsmjddf7fxnni5bthczumjacxytgw,70.0,0.0,5.0,2.0,1.0
ojvgwykhpdfw2he4hyg7f3ekoteef7mn,37.0,0.0,5.0,0.0,9.0
okh6gc3437xhwifmteye67h2syfdr2xp,37.0,0.0,6.0,0.0,7.0
om5pboxu47nq3olurjgmr6wh4ecieafq,59.0,0.0,8.0,0.0,9.0
onumoro7gwlldxgr7qygoydcjignuryq,72.0,0.0,5.0,0.0,7.0
oqds6gdf7km5vqldjan6354kaymzsqvc,54.0,0.0,7.0,2.0,0.0
oqdzeerlqg2gwhyitbheu72wwidhevr3,46.0,0.0,6.0,2.0,1.0
ot3jove4juz7f22roiwrqyfmjjvg5pte,68.0,0.0,3.0,1.0,6.0
oue2io52jcfpr2mafmxpvss6gl3m2qod,24.0,0.0,7.0,2.0,3.0
owyfx5drups3jlf46nimlvnzkq6ala7f,24.0,0.0,5.0,0.0,11.0
oxrtw3akmkltnomggvcfiwzb3x5nu6mr,22.0,0.0,7.0,0.0,11.0
p22kau6t6562mhoszuwjdzdv6o6kd6lk,34.0,0.0,3.0,2.0,1.0
p4e3ivpeqms65s2w45aj4ew6fed2urbt,35.0,0.0,8.0,2.0,1.0
p4k3ubcuxif2j5nqj6fpwwy4pq5mqycq,30.0,0.0,6.0,2.0,1.0
p4rcq6h6xxuy4bqypxbq3vtybdgwvvbk,62.0,0.0,7.0,2.0,4.0
p6txzna5va2fnplzycuoqgpguxlqvugb,47.0,0.0,2.0,0.0,12.0
p76wuex2jxuudgyr2tnx25zlnadi6xfv,20.0,0.0,5.0,1.0,6.0
p7bkce6jehnkcqwdns53k5gssn6yluop,71.0,0.0,4.0,1.0,6.0
pam7ljyshdcv75ymu52jjvsbplngogbp,2.0,0.0,2.0,0.0,8.0
pb6h56hv3m2jpxa5wtwzv6gplifmogv4,25.0,0.0,5.0,2.0,0.0
pbfdzah23mhqd5do6o7yfx2dqrfteagc,30.0,0.0,2.0,1.0,5.0
pel5f36uycsf4yiwohp6zt5rhxfukoef,39.0,0.0,7.0,2.0,2.0
pevlexqwe2hkds7envjmqu3fhh42pjzh,60.0,0.0,4.0,0.0,8.0
pgy7iawrgumntpj7mfaq5e4a46yuti2z,0.0,1.0,3.0,1.0,6.0
ph567od7bwdvwiidwwkxzezgxr7xhjcw,27.0,0.0,3.0,1.0,5.0
pifarlnzkaahpaoussnoyysasngvtdut,39.0,0.0,3.0,0.0,12.0
pjizqad2dd3cmisart7pivnz6psvnc4x,28.0,0.0,8.0,2.0,0.0
pjkh64qboz7lsueahip4wz2zzj2ba2dm,10.0,0.0,5.0,0.0,9.0
pl5ithpm5h5mlyplqbn3n25c3mfjmvbk,9.0,0.0,7.0,0.0,9.0
plczwy3ffvvfd4p7qtzncg5lk4s5z2ox,6.0,0.0,5.0,2.0,4.0
poeob7n4i4ssxtd7gpd5cynu7bsbufh3,2.0,1.0,4.0,2.0,3.0
pqb5q3usotelhbprvxlfn5szhcd73ml2,2.0,0.0,3.0,0.0,7.0
px2zk2ejuyi2vxxpakc4xl2njzqe5zcm,14.0,1.0,5.0,0.0,10.0
pxo7ucgrchmicpwaeqzh6bi4mxpub7rh,56.0,0.0,7.0,0.0,11.0
pzvmkwk7feezaeo7kgpn5gxhqmqlsrjh,2.0,1.0,3.0,1.0,5.0
pzym5zftjpqws7ky7kjz3xu2n4lvmpmw,55.0,0.0,6.0,1.0,6.0
q27bisb4fxsqzvzttbr236bstd7cz3kr,68.0,0.0,6.0,0.0,10.0
q2dlio4qhybcu4xv43q2hq5k32brhr3s,12.0,1.0,2.0,1.0,6.0
q2rrv3vy2cq5ozhbll5ndb64ua5emuni,42.0,0.0,2.0,0.0,11.0
q72enr4xvme7rspz72h2wzkwltapgbqn,68.0,0.0,6.0,2.0,4.0
qb7hvm62vk2f4sccjmzzvlgrwyrxowhm,57.0,0.0,4.0,0.0,8.0
qbbpwrd6nakdkoec27t2skjom3dbdxza,29.0,0.0,7.0,0.0,8.0
qbjipyyodzgs2puh5n7hqpwire3hetrq,15.0,0.0,2.0,0.0,8.0
qbkqpmh3cfvrpdjhc4voxdpjqwnkjzfh,0.0,1.0,5.0,0.0,10.0
qdpbqgr6bkh7pvydswgfknyhzftpeua7,15.0,1.0,2.0,0.0,10.0
qew532l52jezbqg6ol7czgpvpdhqpokt,31.0,0.0,5.0,0.0,7.0
qmkqmq22bptznf2bopwmaqr7prpxpder,30.0,0.0,4.0,2.0,2.0
qnugd24272hgltuetq7prgcrp5vuoicz,28.0,0.0,4.0,1.0,5.0
qosw2jbwuovksppg4dyeq2mysi535cz7,5.0,0.0,7.0,2.0,13.0
qqvdrr4g3cggwnitiu4wjrvc4kc33f7m,31.0,0.0,7.0,0.0,10.0
qtvntxi7o2futpejdd6hblxtzciniodw,49.0,0.0,6.0,0.0,12.0
qypds32tiy6vhzslkc6flwtinq4iihxf,38.0,0.0,7.0,2.0,3.0
qyspmzhjueggkrijvz4jfhtf43easaqw,63.0,0.0,6.0,2.0,1.0
qzajb3nmqfunuwawbntlwd3dcfd2znoy,1.0,0.0,3.0,0.0,9.0
r27arltkyxyh4qkxye7rzlwijfhrfocc,72.0,0.0,6.0,2.0,13.0
r2j27hndtn3gtrm66il2jh65qt4w2vij,50.0,0.0,7.0,1.0,6.0
r46zp2ewcwkvubuzaraqaupsbaw4ycsm,53.0,0.0,2.0,0.0,8.0
r4vpx5giyqdwmtbfq34kpy7a3jrxxhn5,67.0,0.0,8.0,2.0,2.0
r5phgndnag5m3gfhhkles5xjt6srjfbm,60.0,0.0,3.0,0.0,11.0
r7txyq2t7agkgcrkaitmimfrxwgxpjeb,13.0,1.0,2.0,0.0,12.0
racxzqsskptcpjfnkn3kumzblpyjzjbz,53.0,0.0,3.0,2.0,2.0
rccr7bf6p6rzop6wxo6bogvk7adlh7ik,4.0,0.0,4.0,2.0,0.0
rcl2iifed2figm7jrc4b2a3mxof2mecy,43.0,0.0,3.0,1.0,5.0
re4z67tfqxn4y7tyqdqsvlxbjnm7l6r4,2.0,1.0,6.0,2.0,4.0
ribr77pulaytcrriupjoqhgmw2ubgqlf,20.0,0.0,6.0,2.0,1.0
rjbiioczzpeqcpqoscujuyyooav752eh,7.0,0.0,4.0,2.0,13.0
rpvjkkaebt2l7vsvtqzepdbrihpgvaxt,58.0,0.0,6.0,2.0,13.0
ru2jocz4dp7pc76rhqizcwjox3btxbrf,72.0,0.0,2.0,1.0,5.0
ruulzwo6nlqmqezi2brhlmmns7a3mtpi,1.0,1.0,5.0,1.0,5.0
rvhcley62g5vcofofvlraxx6w5pahzg7,17.0,1.0,2.0,0.0,12.0
rxtads3324ica3zhh5wkayrpnaqvgkaw,20.0,0.0,4.0,2.0,2.0
ryeepes4ko4kcpsgkmkvuubwct6sxb72,55.0,0.0,5.0,2.0,0.0
ryxqsp3toe4fcvnmt4ndzygl3ycd5u2v,22.0,0.0,8.0,0.0,12.0
ryy74rzq47xhoyaxhdw3itjmbxslzmsv,54.0,0.0,3.0,2.0,1.0
s2ivmzkntrodlzu3cx6wtudwgpvjevfy,45.0,0.0,8.0,0.0,14.0
s5joardkxpfnusv3xkz7pxugscedwmpc,24.0,0.0,8.0,0.0,10.0
s73eyfe2tyrputk5ofwo24f5d5ik66yq,40.0,0.0,2.0,0.0,12.0
s7xqofl7xfaf4kef4ufegwyt65foev36,2.0,1.0,8.0,0.0,10.0
s7xyowjs7aa3uxju6t4ac6dqvro5kfej,12.0,0.0,4.0,0.0,8.0
sbhv7kvpclq53ehzlxjjnbfwz7es4hbl,27.0,0.0,4.0,0.0,7.0
sfe2sclokmhffwig54z5tsr2m3uawacs,37.0,0.0,5.0,0.0,12.0
sgvtpt3pj4e43jihoqvbjqyicrnvlyjq,24.0,0.0,8.0,2.0,2.0
sjrk2uenleuvc53norcwsxnx7yfve7r6,35.0,0.0,8.0,0.0,8.0
skbgipo65ckk57qcn7hgnkzyiiopiapa,2.0,0.0,3.0,0.0,8.0
spcxiq5eykudhz4uccsfpryrqfke6jib,71.0,0.0,5.0,2.0,2.0
sqewzwhg27gzb4iecbkvuh5yjbhhw6ee,50.0,0.0,7.0,2.0,3.0
sqzoabfk6k432ch65ii4dzn43hqvpffh,37.0,0.0,4.0,0.0,7.0
su7qln4mcz5oscmokizty4exljgykcwl,34.0,0.0,6.0,0.0,11.0
swwk73ski3tcbvrizeinyyx7fmk3ry5k,16.0,1.0,5.0,2.0,2.0
syzrpphev63yeoj32ywj4xdlsgxpn5y7,30.0,0.0,3.0,2.0,0.0
t3ghq5vfortj7cpst4hjpx3ogjfbtux6,19.0,0.0,6.0,0.0,7.0
t3iq3zqn7yywyauwzlqlxhch6adpwpt6,48.0,0.0,4.0,2.0,2.0
t4twtyxzljxo2jpyge2ux5tlwy3ivljd,49.0,0.0,8.0,2.0,1.0
t4zuo65uthw5ke2ytenizufqvn7ffusf,33.0,0.0,7.0,0.0,12.0
ta356p65ai7jx4bheai2f2n3e6o6lgpy,17.0,0.0,6.0,0.0,9.0
tbckyu4gwx3bfqtskycn2hrsgoln6ce5,24.0,0.0,5.0,0.0,12.0
tdfnzx6sluiiwesmtzbtr5bc2qfpgeec,30.0,0.0,3.0,0.0,11.0
tei2oopaczd75hlz7bduvdglavygmpr3,48.0,0.0,8.0,0.0,11.0
tf2z6lusu36bnk5tinr4x6eljnh5fssh,15.0,1.0,6.0,2.0,3.0
tfvijqueqaev23cbowgsgoerzx2otaf2,46.0,0.0,3.0,1.0,5.0
tjlj2unptew6tilcad3zc5zzvbkkurzm,50.0,0.0,7.0,2.0,1.0
tjyfa5caphjvlrxcr6vqyt7lclvyen2r,19.0,1.0,7.0,0.0,12.0
tlajm5paw2gr4eh3byhhexfcyaz266wj,41.0,0.0,5.0,2.0,0.0
tlx4bhhh3lfn7755ptmo6w57wbodlkue,27.0,0.0,4.0,0.0,8.0
tmcncl4g6evttdefdyqf56uxl2tvf5nk,43.0,0.0,5.0,2.0,2.0
tnf5wvddkuyvm4xx7wulzp5odvavzc6w,10.0,1.0,5.0,2.0,3.0
to6rvbkdq6a4auoo26jrmpthxhmzew7s,40.0,0.0,2.0,2.0,1.0
tq3zfhdig6bgx3c4frrl2qq7cehmjb3c,10.0,1.0,7.0,2.0,13.0
tqvmsneyxacwnxgvgqknvxrfmvpr63t3,27.0,0.0,4.0,0.0,14.0
tv2cqoiumpjl3zgany5zs5pzoz5azhye,35.0,0.0,6.0,0.0,9.0
tydcsinnbxbprlit7r332fwfe6vtpzgz,20.0,0.0,4.0,1.0,5.0
tzlyllp6txcyexsmmr4jqzgjulcm3acr,60.0,0.0,5.0,0.0,8.0
u6hdwfg3vdaltmsmqulm3elmmhvkt5as,8.0,0.0,6.0,0.0,10.0
u7l5x7q2dgyfc2hanxvvqmnq3feujv4j,72.0,0.0,6.0,1.0,5.0
u7ljdip32b3qdz2fj76i2k3fvqxjweor,64.0,0.0,4.0,2.0,13.0
uaejhp5xeuyi76thtnhbe6ue4vtk4ogy,44.0,0.0,3.0,0.0,12.0
uc3vbl2nsn6ozvqetydrjnm4tfomstqt,9.0,1.0,2.0,2.0,3.0
ucm5ek75am3eerknwvpbvmmujgi5aumx,48.0,0.0,5.0,2.0,2.0
uctlhzb5fnja5c6yld34dfltlcan5rf4,56.0,0.0,8.0,0.0,12.0
udde7htxxsrpva647rnlfkzkhelxppii,1.0,1.0,7.0,1.0,6.0
udwddpql52sklmfqyn7n2g5iyufkywrp,30.0,0.0,7.0,2.0,13.0
ufso6sekmh64gcmsbmtab7jxym6x6ndo,62.0,0.0,5.0,1.0,6.0
ugd4ndptqwdogr63d34fvcee3ez2velw,55.0,0.0,8.0,1.0,5.0
uirzr6w6hi4tgortu3iyv3zw56amx3fe,18.0,0.0,5.0,0.0,12.0
uk5ylbxwvir25kal4lpbu7qmx43b24lf,4.0,0.0,8.0,0.0,11.0
uktb7ufgyvq6th3nnj6bqa56nzkq5um6,5.0,0.0,3.0,0.0,10.0
um5y2afjtflz7v2ejw55cwuermh2u7j5,34.0,0.0,2.0,0.0,8.0
uml73v5swxkwwfe3krykljyegyqjpp5s,40.0,0.0,5.0,0.0,7.0
uoqzirkxiyam7yb4w23ipoc22mzrvoql,29.0,0.0,4.0,1.0,6.0
updz3ikanretm5llvpsrytljvq2m4di3,68.0,0.0,3.0,2.0,2.0
uqplmllm342gzzanjdph5xi7kn4elwv5,23.0,0.0,8.0,0.0,8.0
urr3l62yfwpl5dzgqy5kavohcwzoyhdx,45.0,0.0,6.0,0.0,11.0
uv576txfsmp3jadhmmtxmvopxfqlxws2,26.0,0.0,8.0,2.0,4.0
uxvrbzpa6ygvjhshf2ou4ibuzvjyrkce,17.0,1.0,3.0,2.0,2.0
v2th4fpcjyrcd6xwwhxhoh7csoelkwdf,46.0,0.0,3.0,0.0,12.0
v532y7auhytq2qav5kl4z6o6d4wqy6be,1.0,1.0,8.0,2.0,3.0
v6hykxun3syzlfgjdcoa5jil4uoq2ua6,22.0,0.0,2.0,0.0,7.0
v6od4kq2wveyvxz4isq2qkgvg2jvlflo,8.0,0.0,3.0,2.0,3.0
va4u2rxyzxuts7cqvqon557uumsijaom,28.0,0.0,2.0,2.0,13.0
vcb6hwude6ndy4fl2kktl7flkgwys2ej,10.0,1.0,4.0,0.0,10.0
vdblbzjknogvmeldwjobtgbloh6i2xay,27.0,0.0,8.0,0.0,14.0
vdkoxzp5ce5babhmdblotwebdzffmhwm,25.0,0.0,8.0,2.0,0.0
veptadimh7xmzlw57he2bpi5ydxmrjug,6.0,0.0,6.0,0.0,9.0
vh3zgjgg5wtaea2ay4t6btvvjtxbc7sn,15.0,1.0,6.0,1.0,5.0
vhwtwjmcfhziypdy6lguedgs4g4ihpzy,23.0,0.0,3.0,2.0,3.0
vhzgtnvpphvojy3lauwyvnl5zl2xtoeg,66.0,0.0,6.0,2.0,0.0
vj4pqs3yiirk7aba6s3im34g4ylawdjw,69.0,0.0,2.0,0.0,7.0
vjneov2opgniblryxkj7dg65bn3mwuzw,58.0,0.0,4.0,0.0,7.0
vjz7cduqsz2gvenklpofrqlegvz2ocnp,25.0,0.0,4.0,0.0,9.0
vogx2an4l2exbzc3shtvh7dypzugmuw5,8.0,0.0,7.0,0.0,7.0
vr2uv2pzhmjqlnyzglyz6ytcxqnj3gbs,19.0,0.0,7.0,0.0,9.0
vutwoysn2uwyswlxh5ngu54pqqtd6l5t,68.0,0.0,6.0,0.0,11.0
vuuvq2ygrzzgcyzo2irx52tbutru7opo,38.0,0.0,6.0,2.0,0.0
vvb6vkov5zdl3tfetkuh7zbx2dahm46g,38.0,0.0,4.0,2.0,0.0
vxbmmomhofzrnctzwl62skztds272pjo,69.0,0.0,7.0,0.0,11.0
vzj7r2rzl7gvpal64tqdgw772o26shtc,1.0,1.0,2.0,2.0,13.0
w2qem62julccumuwstzhkbbyrmi23pdo,56.0,0.0,5.0,1.0,6.0
w2thny4zdu5ido4gqhrfgpjmfbmt3owz,48.0,0.0,6.0,0.0,9.0
w3qnlsaebfv2fyaeanpnrfzo2jxbpayw,38.0,0.0,7.0,0.0,7.0
wa6qtutrkslyf3kwgqtdrj7j4req3fvu,57.0,0.0,7.0,2.0,4.0
waqovy7raxdlcmo4llq2sq5mmklsjdgz,21.0,0.0,7.0,2.0,13.0
waxxo5a5jxa77iyrtluy6nxcsuyklo5b,1.0,1.0,5.0,2.0,0.0
wbdn3unqfyehgfokoimp5t3crnsqefbw,72.0,0.0,5.0,0.0,11.0
wbuktih24wgju3idyzwbovk2a7apivai,51.0,0.0,2.0,1.0,6.0
wcnglw6hpesftnhe4h6c2lio6c2d6cgy,43.0,0.0,2.0,2.0,2.0
wduykon64a2vevoubolg6korqglsejmc,29.0,0.0,2.0,0.0,10.0
whpwebapd7znvff3kun7wxzm7yojaw43,34.0,0.0,8.0,0.0,7.0
whxctko7zrwwytj3yq7rj527gbmxtrmv,31.0,0.0,3.0,1.0,5.0
wjhxmsqfjh3mv74o7key6cieo7yheopi,38.0,0.0,3.0,1.0,5.0
wjsvvdlrf3kgerun3nhtt2nsk2llbdco,70.0,0.0,8.0,2.0,13.0
wkgouv63iklngkgbnh3anechbwpwr4pm,65.0,0.0,3.0,2.0,1.0
wlexp65q5namkpawkyjai5ilze3h77nk,25.0,0.0,2.0,0.0,7.0
wliqy6ycpytipdxuypbkrzpsmsno5j5a,56.0,0.0,2.0,0.0,10.0
wm3qpi7fmw6jgghse3jeoa53fnwzqjww,39.0,0.0,6.0,0.0,11.0
wni2kjyc4q4vlndbh7aowxfh2kah4scx,17.0,0.0,8.0,0.0,9.0
wocy2vkxjkq2qxto4ad7z64msvgxhq4k,10.0,0.0,2.0,0.0,9.0
ws7l6bwqdazj75utecxhprqeoxbdej2w,18.0,0.0,5.0,0.0,8.0
wshygy4v47y2erf2h2lkwht7ogvhdawo,51.0,0.0,4.0,1.0,5.0
wswtwkbfatvdwmwre5ytil2ocke54seg,13.0,1.0,6.0,2.0,3.0
ww6mf6eapfo6cqnhg2zwm6ne4f6tj7sh,32.0,0.0,3.0,2.0,0.0
wylcaf6l6s2kgv3asc63yhp2bvfrqd7o,64.0,0.0,6.0,2.0,2.0
x44joloe7a4jyldkolf4bj3x42uazyke,65.0,0.0,3.0,2.0,0.0
x6xgp4w6qn2xtjq34lotyf46p5gzct3z,48.0,0.0,5.0,2.0,1.0
x7vgfn77kqafpce7oe7py5z2vkmvjenx,2.0,1.0,5.0,2.0,4.0
xbzbww7yigrwafgg6ycpi3dldxm6wnt2,72.0,0.0,8.0,0.0,7.0
xehfehuijo7dya73jjolymxz2lzfobwe,36.0,0.0,4.0,2.0,2.0
xelbtkizkknmf57ducet2jyonbi4krrm,7.0,0.0,7.0,2.0,1.0
xer5li2qyrxmnqf376jrvvnfhuu3pku3,67.0,0.0,2.0,2.0,1.0
xhkhlcjparx42nvajnsozteb337dx54c,63.0,0.0,5.0,2.0,13.0
xmqyrcqgpinf2fc3k44scjvzuh52qga7,37.0,0.0,6.0,2.0,4.0
xnsttiuqkivoxpu6a6gvtq6ytlb4szjt,18.0,0.0,8.0,2.0,0.0
xo4fdqimvazy6gfybmix6zzgyc7wcvbb,35.0,0.0,8.0,2.0,0.0
xse4mepbmrca5kzsdvmi6mbb36fplg73,35.0,0.0,2.0,0.0,10.0
xt4mtezlrfu75v3phdq66ad5jn224ex6,29.0,0.0,6.0,2.0,3.0
xueeryrrkuh6mgxtoctbrq62oc6jew6d,50.0,0.0,2.0,2.0,2.0
xwy7fxmafuaipwtnqy6nwjjlwnxozcl7,51.0,0.0,4.0,2.0,1.0
xx42b4scgfhxzbx3lr7vpszzo4gywwqn,43.0,0.0,3.0,0.0,11.0
xzg3v7tsqq4liuixlvchs3qbd7twfjbt,28.0,0.0,4.0,0.0,7.0
y3mbftpvhr56a6y7vvuczrujod5x7jxl,59.0,0.0,4.0,0.0,12.0
y47ifrxw55ouxbq3tilwppgv2voxijr4,32.0,0.0,8.0,0.0,11.0
y4dtiz2wpn2yh2ntjgekn7m7pzrqzsra,13.0,1.0,4.0,0.0,11.0
yb2icu2e2vgdedim6ltwyug7wri3ymks,22.0,0.0,8.0,2.0,13.0
ybno5fqvg3gg23l5a4kr6brlwwa7tpxc,26.0,0.0,7.0,2.0,4.0
yeeuj3qfxddmmg3u6omwsdzzcrc7lpq2,27.0,0.0,7.0,0.0,7.0
yfprztacc5ip5e5xhsg4scqkqgheya4g,71.0,0.0,2.0,0.0,12.0
ygkjoagefbnncbpalzkrzgffkipem3kq,35.0,0.0,4.0,0.0,7.0
ygt3ww3heqfgjmhkbqjrljxjnaplprlb,12.0,1.0,7.0,2.0,4.0
yha23apl7v2iprqculbczo35lclfdb5x,47.0,0.0,8.0,0.0,7.0
yksdjxt3iat3s3cvyhotlvfv76c4zehd,13.0,1.0,8.0,2.0,4.0
yogajcuyxuq6thun3wfhe66bjbhmg6cw,19.0,0.0,2.0,0.0,9.0
yolqo4djckvmy5y3p6w6ngxwsihyunij,70.0,0.0,5.0,0.0,7.0
yqrpwkw5msooctopxddbga44g2pw2rkc,46.0,0.0,4.0,0.0,9.0
ytund6m5c2ah7s35dnoqabo2wxz7s7du,49.0,0.0,3.0,2.0,13.0
ytvtg723cnj3phfpa46dpikg2zdp3gqo,51.0,0.0,3.0,0.0,14.0
yutdwx5zva7g7kk4yt5oiveu4qxitidf,29.0,0.0,5.0,2.0,4.0
yyiofnoc7hthyacxmbdvca63ijpzbsi6,16.0,1.0,2.0,0.0,10.0
yyppvcj5z2rrrl5calu33rkt5qmbx6b6,43.0,0.0,6.0,0.0,7.0
z2zthktuh6oehkvcnj5cdrchkk3to7hj,1.0,1.0,3.0,0.0,11.0
z4dacy2vnhcmcxvir2bvypa65nnhmtce,16.0,1.0,4.0,2.0,4.0
z4fupwjqe6swpfm6i7khcprzurjvas5q,31.0,0.0,6.0,0.0,7.0
z5dzb4zbibv4ibkw4ifts5bifyuze7qh,53.0,0.0,5.0,0.0,9.0
z72nwjk6reexdfxvuw7j3n5umycq4c6m,13.0,1.0,8.0,2.0,3.0
za3lxjsgsz7cbntpizf4f53sdcywph73,57.0,0.0,4.0,2.0,13.0
zafcr5nkxvut2ogpajzi5wk7qofxg6am,23.0,0.0,3.0,0.0,10.0
zb2yuk35b7x4rczxhkzn57ace2xmnnsb,62.0,0.0,3.0,0.0,11.0
zcazmgbscsqwclidptrdnkgp2vel7obt,10.0,1.0,2.0,2.0,13.0
zdzkbhvcnrtmsgjpotlge6ch5zp72zb5,25.0,0.0,5.0,0.0,8.0
zepxq6u5yh5xa7xgdgc6emeeh7csyid3,0.0,1.0,7.0,2.0,4.0
zfdtohc5z337offnqpjwxpeontpjkqjh,39.0,0.0,6.0,2.0,0.0
zftk2c2clbjkznqcd4drkn5hvdyoqfdb,40.0,0.0,5.0,0.0,10.0
zill4r3elelomtk5lb3s76qaraldj3ir,31.0,0.0,5.0,2.0,2.0
ziwzqxx6bl4wymcoc34dagavhhkwzfju,72.0,0.0,3.0,2.0,3.0
zksatvfztqwtmjhxchy5ip3546yrluoo,22.0,0.0,8.0,2.0,2.0
zl6pirpd66s2tsfmed3mrrtofyxjw7ot,67.0,0.0,6.0,2.0,3.0
zlgh7iqn2g6a44hrnvhoxiyxzf5ac3at,61.0,0.0,7.0,0.0,8.0
zlupy4a2aj44c44j5lbmtzx3chbsw6w2,24.0,0.0,2.0,2.0,13.0
zneuqjinzl7c3y4rsvl7oojsjku7cg7m,57.0,0.0,5.0,0.0,12.0
zozhqvsxfvu773jbtsn4xdidxbwl64bs,61.0,0.0,3.0,0.0,14.0
zx2d63ekv7wkrva2aclcpb6i3ph4tn3w,45.0,0.0,4.0,0.0,12.0
23msmnnqpaixaqaarvambvcml4vbafm6,31.0,0.0,1.0,1.0,6.0
23nkzeemgofdncc25w33jb5lp35i6fqj,38.0,0.0,2.0,1.0,6.0
24nabglmbq3owpkaga57vuagnq6r2r4i,41.0,0.0,3.0,2.0,0.0
253heztbysmtx4iiyuur66zgjsvunulj,22.0,0.0,3.0,0.0,11.0
25idvuc3e7x6ntat7c6s4dk3ecgegjqx,23.0,0.0,1.0,2.0,0.0
27rbvg5avfoa4i7dnzghvmmd5xukx74f,42.0,0.0,8.0,0.0,11.0
2cbatmjb6hlgidaeaf5jrgac2z2ou7oj,34.0,0.0,1.0,2.0,13.0
2deqeqz436dpkpvo5xqtr5c7pspwrvlw,63.0,0.0,8.0,0.0,11.0
2fmcaa5vqjkwztnvnxxaasls6h775avl,5.0,0.0,1.0,2.0,3.0
2g3qlprfdb3e5lqarjdcd6fjxpe65pn7,8.0,0.0,0.0,0.0,12.0
2ghs7ypr5vktttccyutsfk3dmoyf5umm,22.0,0.0,8.0,0.0,8.0
2grk43vn2bdoujbihnj2esqizrclene4,36.0,0.0,0.0,2.0,4.0
2kqtze4vuthsfuioru2lnqcd7luhmrou,24.0,0.0,4.0,2.0,4.0
2lm5qylsnc5ky5tycqwevml5fuuq2lku,55.0,0.0,3.0,2.0,13.0
2mpysggn6gryya675s2hg7oq2ghgkwzx,16.0,1.0,6.0,2.0,1.0
2ohhtltad47adzjwtqryckjzx2kztbv4,29.0,0.0,4.0,0.0,12.0
2otrvtklkhgnxtkzemtnox6gb6yf7qjb,13.0,1.0,3.0,2.0,13.0
2owgrjz5yrrewp3tevwjeuj7fjq3lgty,9.0,1.0,2.0,1.0,6.0
2p6bproqgne4rbui6jwo7ojlxoa4bkv7,27.0,0.0,7.0,0.0,14.0
2r5whfcsoxluoscbriuxw3mf6gobup5s,25.0,0.0,5.0,0.0,9.0
2tllwdeit2o6tp5xschhfxjuzwwzf5sl,24.0,0.0,7.0,2.0,1.0
2ts5hg7ngisydlhl4krm3mkzspbshjtz,51.0,0.0,7.0,2.0,13.0
2ue2t34bki5ea6qgviap4em4ci7odhdt,14.0,1.0,8.0,2.0,2.0
2vzf2uhpcmqjuwx7dc2embdhsckrr6jx,54.0,0.0,5.0,0.0,7.0
2yphqk5w2xky5f4vg7y32pgjxrwmouyt,53.0,0.0,3.0,2.0,3.0
332ve2kuqgjszgodp6a6l4ikbe2wm3qh,64.0,0.0,1.0,2.0,0.0
33pleju3evfyrwnk42e7qhobscpbzzzt,6.0,0.0,4.0,0.0,9.0
3bla5m3xtxh3mo7tluhtayry4amatk5t,20.0,0.0,7.0,2.0,13.0
3egkb4thlkjc7w76tccxlbyivv77le64,61.0,0.0,0.0,0.0,12.0
3feevhw4auaksn7dbxkc33ojvzcn4lza,6.0,0.0,5.0,2.0,1.0
3gdmv6a6jv2vhac5kwcwupayxint44bf,32.0,0.0,2.0,2.0,3.0
3hmjhbootwzu6nuhwebgacalvt5ndctr,40.0,0.0,8.0,2.0,4.0
3jk4cqyjg7ovmd6aioarjedsv4vv4nib,36.0,0.0,7.0,0.0,14.0
3lb33wcumjmc44prshuuep43w5x74jph,4.0,0.0,6.0,0.0,9.0
3lptrkbrwgwupxri7urhbp6ng2or37wd,18.0,0.0,7.0,1.0,6.0
3nnyhrvz2tcbf722qv4ckag6mmilg6f3,12.0,1.0,7.0,2.0,3.0
3oihvjoveiihrcwepll3dnepat6bkwpf,17.0,1.0,7.0,1.0,5.0
3oyi4hfkzalxa6n3mzqenxfyooewuvqb,0.0,1.0,1.0,1.0,6.0
3oznlm7tz7mbwddc5zjzq5m2i744tqw3,9.0,1.0,5.0,2.0,3.0
3pkhurierjnhvvrlfj6hmvpvivzymlyw,68.0,0.0,4.0,2.0,1.0
3pt7gzpkn6onzp6r4mhbwpphf3hdr2cx,12.0,1.0,0.0,2.0,0.0
3qew37h5p4wnpcsqflnko5y7uyr4o5cj,1.0,1.0,3.0,2.0,3.0
3qkh6atwzaajabapahk22akxinwcjojd,24.0,0.0,4.0,0.0,12.0
3r6mjfxs4szvx2n7kuben6tj47sdbl55,0.0,1.0,0.0,0.0,12.0
3riw72iuvosrdavpww4ugazmlearltnl,19.0,1.0,6.0,0.0,10.0
3s2lj6i6qjo6me6bu77bwomeo35becqz,66.0,0.0,7.0,2.0,3.0
3sz4k6liexk7natccmw44wrz5hmy6gw4,11.0,1.0,7.0,0.0,10.0
3yo3i5lgcaiannji2w6i7jase45fqvzp,32.0,0.0,5.0,0.0,9.0
43hpdfe4oqvwg6ruj4j7fx3aa47mhp7z,54.0,0.0,5.0,0.0,12.0
43wr5ywgmtelrjxx6xa6quy3ajmx2bps,61.0,0.0,5.0,1.0,6.0
44egxu7wk3nyna45ieia2imozu4lj4fu,19.0,0.0,1.0,0.0,8.0
46np2tpftxk22onpdnu4wkgyytkt57o6,57.0,0.0,6.0,0.0,7.0
47okj7ezh3wn46fnqu4rat3dwmmk7cfy,71.0,0.0,4.0,0.0,9.0
4btejdn4pgdqu3lnnomazfuus5xk3ueq,19.0,1.0,1.0,0.0,11.0
4cev7fozxvfqrvowd6ngfltwipagw5dk,12.0,0.0,4.0,0.0,9.0
4cita2jadcgdqezm2esavsjrekfbouex,14.0,1.0,8.0,2.0,13.0
4desgr6lbunr53eyrzzdqneifknozybj,52.0,0.0,0.0,0.0,12.0
4dibbrgug7wykpgda5wb4nwpmvduqzch,65.0,0.0,1.0,2.0,1.0
4eekw7kbiwemsx5i42mcgaciwkghn2l3,44.0,0.0,8.0,1.0,6.0
4gy3cpab46oqlwbx3d7oc2uvnifywpgq,42.0,0.0,8.0,2.0,2.0
4hh2bxxtfcpyozr33wvd4kn3xgxduqiu,55.0,0.0,2.0,0.0,9.0
4hhtbpm5xhw4sll45dgtlxnyahlrxmdw,50.0,0.0,4.0,2.0,3.0
4hxzcyvvz2fkt2rfy3j53tfnb26zb5h3,45.0,0.0,2.0,2.0,2.0
4j3uwx4fhdthhjtupdatwiw3frdagthf,6.0,0.0,4.0,2.0,2.0
4ljhpn6lfumvdt4rufvh6msk6knmkkyj,30.0,0.0,7.0,0.0,10.0
4qpz52xfewrfffpsqtrygryxskenbmmk,60.0,0.0,2.0,2.0,4.0
4rg6mcznodz7p3uqxtkuempmyhjgjtb3,5.0,0.0,7.0,1.0,6.0
4rjldcmgfie6w3djvq2nt6hgsihii6sn,55.0,0.0,8.0,0.0,9.0
4sbyr4ldqmtasj37g3fvxryjikfweql3,13.0,0.0,1.0,0.0,8.0
4smdwfycdivx4h5z43xinlzqygx6gqxq,3.0,1.0,7.0,2.0,13.0
4tgemuohan2u4ucttnnoroh5o2dmelzx,69.0,0.0,6.0,0.0,12.0
4uvmtlrm2vqcdnhkw2q3g4ixi7gohrri,8.0,0.0,1.0,0.0,11.0
4w2lgdpshfkwcexxpx3txuu44zekr5s2,61.0,0.0,3.0,2.0,0.0
4w3k5luzy7qj5jwpg4ecyhfby4hrqvuy,64.0,0.0,8.0,0.0,7.0
4wl6tfguwxpzgeyy73bihiialjhhtfv5,45.0,0.0,6.0,2.0,1.0
4x6awndlpyiyawth2etzltvvdswop3wy,57.0,0.0,0.0,0.0,8.0
4xq3fpwqgxpajezefezbkdcofh6seeg6,20.0,0.0,6.0,0.0,8.0
4z4y5ybo7ueipsbi6vr2juey3tsqffvb,27.0,0.0,2.0,1.0,6.0
4z55gs6ndmruerwg5rak6gg6j4qvsefk,6.0,0.0,2.0,0.0,8.0
526jfou6hhtv76bmxdjflz54e5zzdt63,49.0,0.0,1.0,0.0,8.0
53o2giwbnfydyhddyq7xul4olmiaeavp,57.0,0.0,3.0,2.0,13.0
55dssbvdmq4jdeq5neupl6ap5t2trgg5,23.0,0.0,6.0,2.0,0.0
57oyehsp6k55llgkwkx55lgf4vws3ifd,33.0,0.0,7.0,1.0,5.0
5aqnddydqhdna7idondi5qbdexean3yn,5.0,0.0,7.0,1.0,5.0
5ccqkv24mlvdminimcgqz7pyqq6lysw3,48.0,0.0,3.0,1.0,6.0
5ekxg3l6v2zymn774oka2wzptqlrjvck,9.0,0.0,8.0,0.0,8.0
5fgxpzygh2ucui4l6iivgvy2cybz7tbq,29.0,0.0,1.0,1.0,5.0
5h2uk65o23becielmf2bpjbb7v4z7fit,35.0,0.0,7.0,2.0,2.0
5hfon3cctsoehyvfodxqfag3hcu37tee,31.0,0.0,4.0,1.0,5.0
5i2bud37lxlhc33sl4g72frxsoizmf62,36.0,0.0,1.0,0.0,10.0
5iomhf2y3qntksqzxzvsjegrn6bbdkuc,35.0,0.0,2.0,2.0,4.0
5jxtokz5b4eaxry2qrfafublfurj6qit,36.0,0.0,7.0,2.0,2.0
5kvjqfl3yoang4cbkaqpc6ueic2fdi67,46.0,0.0,8.0,1.0,5.0
5lvv52syecjqgsiz3elj4vxovtriqppt,36.0,0.0,2.0,2.0,2.0
5mgkkdkxnyqdxd5o4ftvmny47sed6du4,25.0,0.0,8.0,0.0,8.0
5mjeetovublj5hetmrfg24q64jjw3oqd,26.0,0.0,7.0,1.0,5.0
5neqlk5k45mviwyjvjcm3fxyj5izwjnt,46.0,0.0,7.0,0.0,12.0
5nn5qvi642vauabdywsohpyl7jbfgae4,63.0,0.0,1.0,1.0,5.0
5pcgyc7l5hduizaxozilokvmajvjknst,21.0,0.0,7.0,1.0,5.0
5rdbaaxpdtjh3qv53tvvbx475m7zga2k,19.0,1.0,8.0,2.0,0.0
5syozcwrsikvh55nsoyk4lz3hism3uls,45.0,0.0,3.0,2.0,2.0
5uahnnegqxjwxk7bw6mzpahmcqj2qf22,69.0,0.0,6.0,2.0,0.0
5zzmzzz6iw74riqmyime3b3ludh4nvxt,5.0,0.0,3.0,2.0,3.0
62jzbe6yxpuex6yi7luzugzv67xb35hj,26.0,0.0,1.0,0.0,9.0
62qbwtcqgn5fu5aov6jy2dwp5cewu44y,0.0,0.0,3.0,0.0,9.0
62vsxx36q5vf54cdlq7a4urv6sv6oh7u,28.0,0.0,6.0,2.0,0.0
62w74xo5ilzkfhtis2irfo6xul32we4z,1.0,1.0,1.0,1.0,6.0
63bb7h2x7dldnq2pqjpys3jsxzmvtnfu,15.0,0.0,3.0,0.0,7.0
64xnincdwvzqdmjfsqurvmxm7jrnbbyx,41.0,0.0,5.0,2.0,3.0
653xv67xhlct4kkc3d73borxhb26gn2d,71.0,0.0,1.0,0.0,7.0
675x7qiesi4f76b7fwvh2r53l7umpw5z,11.0,1.0,4.0,0.0,12.0
6a5tmbubolldzcfqcdnitpt66b5ys7jr,70.0,0.0,1.0,0.0,12.0
6d5ro7ccs6zjbfpw3oz7hiei5azuxot7,41.0,0.0,5.0,1.0,5.0
6emexhyhkle4i5drn35mfw3srd2p63wt,41.0,0.0,4.0,2.0,13.0
6f3dpxt7gseykzvtgh7lpxqqfl3qkbl7,37.0,0.0,0.0,1.0,6.0
6f4pnltircjlhewkchxkh3btyjbn37uq,28.0,0.0,8.0,1.0,5.0
6fbpfx3vpift5wd5pjquo65v3pew3awq,56.0,0.0,4.0,2.0,1.0
6gjx4smo3dv47dejzkvwjaf3jivx2npg,63.0,0.0,1.0,1.0,6.0
6gnan4tcax7ndcrbhdo5b7xt2a2nortd,38.0,0.0,2.0,0.0,10.0
6gp7t4ae4pyet3skeppefnq4bj4esqqp,40.0,0.0,4.0,1.0,5.0
6grndf3c6vbdx6t63rq46j3qdor5nfuf,46.0,0.0,7.0,0.0,7.0
6jv4evzpc5oa6wdnayzpvokmsqqzhx2a,24.0,0.0,1.0,2.0,4.0
6jwyrat5672no5fvrdpcyyh5hui7f6g2,7.0,0.0,7.0,2.0,2.0
6jxdqztuq2xbid6ufzx6ier6z25vl3nq,9.0,1.0,7.0,2.0,3.0
6llowgfum3ks2zuplfviof3yg6g6ej6s,13.0,0.0,3.0,0.0,7.0
6lvon5atpwak4t6ew4lw6dnbqwpquz2h,38.0,0.0,3.0,2.0,13.0
6mqitzg6g57dpwf43gd66ud4wj5twmu4,9.0,1.0,1.0,2.0,3.0
6mx7lj3hai6i24zd4d3d7o6gru5i6kt6,64.0,0.0,3.0,2.0,3.0
6u53t3yfxknynsukpusm7q3vtjmrlidt,18.0,0.0,5.0,0.0,9.0
6vdgvexey2jdcdj643appijadh6g3t7f,12.0,1.0,7.0,0.0,10.0
6vt5sqhv7ev5l24fac5hooj7wl6ui36v,13.0,1.0,8.0,0.0,10.0
6wt2mqecvc43yqzaiml757hiy6j6ease,33.0,0.0,0.0,2.0,0.0
6xcwsxzmzr4ufgey7b2mz7rjglzlof2w,71.0,0.0,6.0,2.0,4.0
6xjtwuyjcx2rk6ozwqps76ne2tnnhist,3.0,1.0,8.0,1.0,5.0
6ycu5ikoeuqgsyowhkrwnnjp32tagcpx,49.0,0.0,8.0,2.0,2.0
6yfzjcnz5d5g6fnkitxaeivrx6d4lg4f,66.0,0.0,3.0,2.0,4.0
734uacpurbbjn2pwwlklgj7pjx7k3y2t,51.0,0.0,1.0,0.0,11.0
74ylzvrijtof7w7tdntk3sv5622gotlc,33.0,0.0,4.0,0.0,7.0
76qzp4vjv7apbtmz2cpu7yjafp24hgs4,37.0,0.0,6.0,1.0,5.0
775fagsf4zc7pf2coxo5b6hjxvxlefkh,0.0,0.0,5.0,0.0,9.0
7am2cpldwd5kqcxbziaxpm7s4muqodvv,27.0,0.0,0.0,0.0,12.0
7b5r6ijakb2d7p2l56jehq62kaupuayw,36.0,0.0,8.0,0.0,7.0
7ghvaj2ixgnyvfondazsmy3h3mo3w6s2,32.0,0.0,3.0,0.0,7.0
7hiryyef63zz7ziye3s2mdtr6snqf4aj,11.0,1.0,1.0,2.0,4.0
7jmeybte7rjom2jdptihvnotljdagxvt,6.0,0.0,1.0,2.0,0.0
7jr7xkdu3ombzwe2dadnjgtld5sl5bhk,54.0,0.0,0.0,1.0,6.0
7uwjsr357be3jvngytony7gl5fnb5ld6,68.0,0.0,3.0,2.0,3.0
7wsrkhcpym2x54g6kbyfnzuxck5mlxq6,65.0,0.0,1.0,1.0,5.0
7xy3a7e7rqma25zeg6j6bxom5w4valxc,52.0,0.0,1.0,0.0,10.0
7ybjomvo4jfjbvraiy5flffryedksszh,29.0,0.0,8.0,1.0,5.0
7zjewyx2ry3npcdqmbpfgxtmkrabzevh,49.0,0.0,0.0,0.0,7.0
7zkpmmnfgxfqdtyjqpfzjd2nle2znao3,40.0,0.0,1.0,2.0,4.0
a3kdabkgrsofmbranxvnm6zpojemydqw,38.0,0.0,3.0,0.0,8.0
abkjdahwf7cxdez4fo4seqesloup24pg,12.0,1.0,6.0,2.0,0.0
achqiebfewdao6yzlm7a45imksbknvjl,48.0,0.0,8.0,2.0,13.0
acynj42aem6lrn5wxxk2ruxpnjezbpbk,33.0,0.0,0.0,0.0,11.0
ae32nlxfkco643ypt5rw6nhjrjgjfg3r,5.0,0.0,4.0,2.0,0.0
ae3fxjmvzf62ne2iejvugsluw3omdpaf,16.0,1.0,0.0,2.0,13.0
afbn3m4euf44yjqrf7hrffnx2oir4db7,53.0,0.0,1.0,2.0,3.0
afl253i3jskajma64bk5siwygcszyatj,39.0,0.0,3.0,0.0,11.0
agbc3p57njmog6kbuthp62igvuk2ogll,55.0,0.0,6.0,2.0,13.0
ak3seod7t5qkeqt47exm6dxjvrrs2gno,27.0,0.0,5.0,2.0,13.0
amoi43aqvc34qbqw4dakdzq3wbvzpgyu,22.0,0.0,0.0,2.0,3.0
aqm6n3q3hdimmpdmyktx6fzjm6hvn54w,8.0,0.0,1.0,0.0,7.0
asnif53j3igknufokpl6cv6jrbsgcsqw,15.0,0.0,0.0,0.0,7.0
auyl3pzbjimbnal3awlbnwx276jt35v5,48.0,0.0,1.0,2.0,0.0
bfiaoabfwvsqndkxdsk2vunimwwtnq3v,0.0,1.0,4.0,2.0,4.0
bhg2od5cwpphvxnwvle6qyq7xd7wwjvp,57.0,0.0,0.0,0.0,9.0
bl2dwacnatz6l2kkwba3gaahbb6zysuz,35.0,0.0,2.0,0.0,11.0
bnz4elnuyhop5zcjsfsfi77mf2whuvwd,39.0,0.0,0.0,0.0,7.0
bpxfg35jwj3rd5tlwkj2yrybxi3r5uad,11.0,1.0,7.0,0.0,12.0
btowbg4peipnrkinnz5b6v7d6s75j5yy,53.0,0.0,0.0,2.0,2.0
buk6shi3lz6d5ixipjz3kwmqtxoinfqp,21.0,0.0,2.0,0.0,8.0
c5r3z7w2jdgrlh4euwj462dsg2wtht7h,66.0,0.0,6.0,0.0,9.0
cejgxfay67ajdom2mdjyprf55bnzmser,59.0,0.0,3.0,2.0,3.0
cfaxbgtswmgbioa3zigaav4zr2d63xkt,11.0,1.0,3.0,0.0,12.0
cjrpvq2sge72gpshdlr23wppuaqt56gq,28.0,0.0,0.0,2.0,3.0
cqydx64a5ljsy7rbrsrtkmdxtla73igt,65.0,0.0,0.0,0.0,9.0
ctjarnawcxfn5dvgeq35edfgp7nundtt,41.0,0.0,0.0,2.0,2.0
ctkbxj3ujlczt5bbhzy4wuyetnlhvi6y,36.0,0.0,1.0,2.0,3.0
cts7faqjudg7p2szlnex42g5rlgy5ytm,11.0,0.0,7.0,0.0,7.0
cwybbjxhtensvw3w7zehc6crfc332fhb,72.0,0.0,0.0,0.0,9.0
d3y2abkkjshvfjjupuuslksrfdfur2va,50.0,0.0,0.0,2.0,0.0
dbnda26igvfawl2i4a7l3mhnzx5wpj4q,67.0,0.0,1.0,0.0,8.0
de7gu4uvgja2n2hhngbnjbyavng37xl4,30.0,0.0,1.0,1.0,6.0
dfuvmuwwk7wkbvn3h5exygpkpjz37zlb,53.0,0.0,0.0,0.0,12.0
dnslqe4dlzo6y6xcmbg5jow7ieejwn3p,11.0,1.0,8.0,2.0,2.0
dp7yaevwslt2f5xdr4v3majrmibzmdb3,13.0,1.0,1.0,0.0,10.0
dqcgj5rhgwkmhaq5wkzbprzkgn33eibk,54.0,0.0,1.0,2.0,13.0
dqqr6lrkiy2exayjuuysqsnwwjiwtkxh,28.0,0.0,0.0,2.0,4.0
e2fjmaa763jrdghxbwuovhaqrlvgobsj,7.0,0.0,0.0,2.0,2.0
e5uc5qakiy6c3m6ndgmto2vpp3r7cz7l,1.0,1.0,1.0,2.0,0.0
eb4rncwuwietbunlsxk7ygmapdywckls,0.0,0.0,1.0,0.0,8.0
ehjukqkpnqmlozcsep6o3kcx5tu4wrsc,38.0,0.0,1.0,2.0,1.0
ej774otjigf23robzls5zfuzoejlhlka,35.0,0.0,0.0,0.0,8.0
enswvzm2ectcivi4ijpuwtbgbbjnsbls,40.0,0.0,3.0,0.0,7.0
evvp7s7gfwgktsxkcxulmblvthdrzmvi,3.0,1.0,0.0,2.0,4.0
exvg3ztvi2ph7onsy6v42g4pqkeaivee,24.0,0.0,1.0,2.0,0.0
exvoecfftwfye5ff7oyqnziy7paqr5ao,27.0,0.0,0.0,0.0,8.0
eyauy234l3gtjugjz4c67aqkrkkgk3xc,60.0,0.0,0.0,1.0,5.0
f5rln73mbvek32fnkro2ctmaduc3r7nf,32.0,0.0,0.0,0.0,8.0
fcbitc3pyazhvdqoslt6eoexnmx3cdiv,56.0,0.0,1.0,2.0,13.0
fnjyq26vmhbyi5rjawbfhoaxzaf36isu,17.0,1.0,0.0,2.0,13.0
fradsn2msn6kgacdngc7cfcuwtbidoba,27.0,0.0,1.0,2.0,13.0
fv2qg2t543m7ucuavoynesnt4hcbdyj2,6.0,0.0,2.0,2.0,2.0
fykzodvs7cjjzjkwqaxvouothbcmejml,3.0,1.0,1.0,2.0,2.0
g3p2tun6lz6nmrbblakbycl4xbnenwg5,12.0,0.0,0.0,0.0,8.0
gd3h6qciogevgx75frqauy2leyuuay7e,62.0,0.0,1.0,0.0,12.0
ggqi7swkd2bg7pui53ha56uzbs4ss25k,70.0,0.0,2.0,1.0,5.0
gk6z3pod6bhz45dbzzhqodh7fpw5q67a,4.0,0.0,8.0,2.0,3.0
grclytkv5xnretud2zcof262qrdhridk,8.0,0.0,0.0,0.0,10.0
gucndic76y2wmcvfuhlnuvfaml74ypbo,65.0,0.0,0.0,0.0,12.0
gwmrbp4hujdgxvuuyccltqj2co3nrztu,45.0,0.0,0.0,1.0,5.0
h5gidkapp4b2a42wwxcz4jtsnowullg5,7.0,0.0,1.0,2.0,0.0
h5zjf5iyg7cb2lgvjsdzvvbisjgwpav2,62.0,0.0,2.0,0.0,7.0
h6slb54psl6hxk3l72bhniwmu27oad3u,31.0,0.0,0.0,2.0,4.0
h7ikuoja4jtmsw3txvc5n6gjczbicssx,55.0,0.0,1.0,1.0,6.0
hebv6kc2k4egjtxoyywiga3euwwftptx,35.0,0.0,0.0,0.0,11.0
hibb3tsfz3xb2dw3we2v4y6dz5xds3lh,25.0,0.0,0.0,2.0,4.0
hqi73oh5mbizmep6h33jy3zdt4mkdp7u,18.0,0.0,1.0,1.0,6.0
ht3i5mcsm3bf2i3n4x2kcoeuwhtvgtt4,41.0,0.0,1.0,0.0,10.0
htf64z3umeuf6cc4l3tqyijbsfgnrug2,15.0,1.0,0.0,2.0,0.0
hv2qf6qbc6dnhoe6whd6pcvbawclqs4e,49.0,0.0,1.0,2.0,3.0
hvc2odbolzrm4hnafaknuhffmph27ove,28.0,0.0,0.0,1.0,6.0
hy2mlyxlq2oynnd47eiv6yybv65cagx4,46.0,0.0,0.0,2.0,0.0
hzsgtoizzu2evjkvqlnmyg4wzhajjggo,9.0,1.0,1.0,2.0,1.0
i6lhnxlf7exvoauwdlagyeh7vmvwlj7w,34.0,0.0,1.0,0.0,11.0
ip2myewgwod2maljcmzuoezlxyhte7o4,23.0,0.0,0.0,2.0,3.0
isoq2itjmm4m2yza4muimsymybmpyozw,51.0,0.0,0.0,0.0,11.0
itzliqwbj6eaf4sqkjap43teooq4pmu5,1.0,1.0,1.0,2.0,2.0
ixvftvkgi4w437y2cw7g5hoxr6wupwyt,39.0,0.0,1.0,2.0,3.0
j27ld33eihmy7wonapebyqcvmvbo7th2,12.0,1.0,0.0,0.0,10.0
j3peyuh7yj4nvj4axiifauhucnodmdh7,62.0,0.0,1.0,2.0,0.0
j7n4qn3x4p7zo2kwhy6gs4xvwqkekvdr,36.0,0.0,1.0,2.0,2.0
ji24enpl3cplvfxrgh7ih42ku4xtup7t,47.0,0.0,1.0,1.0,6.0
jly33r6vlnkyvqb3kkp7ie7lsdxrlb4a,68.0,0.0,0.0,0.0,12.0
jmkpwiiiwtqsabmwg5i36sgogntwmiat,29.0,0.0,1.0,0.0,7.0
jqiybytjc7oyh5scln2bkud7rf4schb3,25.0,0.0,0.0,0.0,7.0
jvn54nfxehemvyl427umkvzzjxwfdgdo,19.0,0.0,0.0,0.0,9.0
jvuywv6brhs4hzowac5dxwbtda3wzrv2,32.0,0.0,1.0,2.0,3.0
jyfabilrhoindzulywtbsvhiaruihleq,57.0,0.0,0.0,2.0,13.0
kbdboeihc5iwhnkox5dq567cobtacmkq,47.0,0.0,1.0,2.0,1.0
kcyvopeh5j7bemejnx3bwbpvfuy4mvgo,65.0,0.0,0.0,1.0,6.0
kdyf3bq2pgpglsnu6z77fbopmuyqynvb,11.0,1.0,1.0,2.0,1.0
kflpxu6xamafjn4qeu4xaqvrxixtcuf5,45.0,0.0,0.0,2.0,1.0
kgqyc5xm7kh6ka2hm6b3zawcloga6bje,11.0,1.0,3.0,2.0,2.0
klzpruzodkxpyurb2ynjghaclirdwoa5,63.0,0.0,0.0,2.0,2.0
ktpaunsjp6xslejk6rjz2adlb376uqgm,7.0,0.0,0.0,0.0,7.0
ky2h3ykwiclt2sdl3p42peunoam65i5q,19.0,1.0,1.0,2.0,13.0
kycizeoiwpblzwcbeymlejk45bdlsi4p,31.0,0.0,0.0,1.0,5.0
l63dt3577al4ahimuulfoksnpvlwohb4,30.0,0.0,2.0,2.0,0.0
l7kcl7sdjodsfmaipk6uc6yjltkyaryj,5.0,0.0,0.0,2.0,3.0
lc3xyw2vemzs4tw2dfg6haawauq5tlbn,7.0,0.0,8.0,1.0,6.0
lclxz4pz6lsyb463lxtnmwq6hma5s6v4,33.0,0.0,1.0,0.0,8.0
lelpgsrhcbbez4detewnnknhcyew36fc,30.0,0.0,0.0,2.0,3.0
lfuwy4l3m2uwxq2jxiwnwqsjpcvlbpgf,57.0,0.0,0.0,2.0,2.0
linm6tyesdqdfue7ipyiuskzydci5xuj,0.0,1.0,1.0,2.0,0.0
lk2elee3qzadeearszuy6aomd2bqpox5,55.0,0.0,0.0,2.0,0.0
ltpog3oayf2wazrw24yqyg7rtu24a6qg,23.0,0.0,0.0,2.0,1.0
m2do6udvhm7donj4a3l2mmtr4vrcnwwh,30.0,0.0,0.0,1.0,5.0
m5hw5jxg73awv6c6zpkwubdthwbibeyr,22.0,0.0,0.0,1.0,5.0
mpoyctpuaanszxcikcxqqi73xloicu47,30.0,0.0,0.0,0.0,9.0
mpvxzggqu5lienchywqlwfvxaqgzhf2d,48.0,0.0,1.0,0.0,7.0
mxoh6yepkwtfdstqxhtiwuhtnc6xrwrp,62.0,0.0,1.0,2.0,3.0
n2eioxiouz3iuredmx2lfxcye5kz2ems,55.0,0.0,1.0,0.0,9.0
nbbcj4d3gfi576frfz7xuzbw3zvwhuta,34.0,0.0,0.0,2.0,1.0
ngp32cbg74yh4zxsfa4grgqw2lhnncej,20.0,0.0,3.0,2.0,4.0
notjmpzlp26yzneeopvkvfzujigmoks2,38.0,0.0,1.0,2.0,0.0
npka5k6tfjv5ia3cwjrzksdnr7x3s35f,40.0,0.0,0.0,2.0,2.0
nrntaqnbvken2pi6rvglh7giroxehgb3,25.0,0.0,1.0,1.0,6.0
nye3hwbm7yqs6wda6x2dzzz4wbsnf4v6,61.0,0.0,1.0,0.0,14.0
oahfdedw4goomlwf3daijryfhbbgrxqn,56.0,0.0,1.0,2.0,2.0
ocdh5nn4qsgkfu5nctbajd2gof57ppfi,1.0,0.0,1.0,0.0,9.0
oecv3qrod6k3mcyx63b2b6ggazy7qu4v,72.0,0.0,1.0,2.0,1.0
ogxdxfasqtcflh6qsbhky7vdhvbsiapg,61.0,0.0,1.0,2.0,3.0
omls6pgndbb7mc5w42hsxx4k3zxs6zkl,43.0,0.0,0.0,2.0,13.0
onylnttjs4bpusjizhxjlj3d2x3phskk,36.0,0.0,0.0,0.0,12.0
ozm4blsscno342uhmfatfereo7t7vuwa,4.0,0.0,1.0,2.0,3.0
pazihalvvwujas4lomotivkoz75mqokg,50.0,0.0,0.0,0.0,8.0
pb3y7xtenggetoemnts6xeoelfzrydga,70.0,0.0,1.0,2.0,1.0
pint7yyyrufxpdhgwo2aooe3uig3baki,24.0,0.0,1.0,0.0,7.0
pxzyvvhvqonsinw4o445nwatkspvbnlh,47.0,0.0,0.0,2.0,3.0
pz3373wpqmzbdlxjo2rmmbjdcgcsgkib,58.0,0.0,0.0,0.0,10.0
pzjfcc66quxhqkzad2uv6tl52mbigllw,32.0,0.0,0.0,0.0,7.0
q4zdtyz7haipt4zo55hl5h2vwfy4q4nm,61.0,0.0,1.0,2.0,0.0
q5fkcdkmk5sbj6thf3srgv6yul3cvexi,29.0,0.0,1.0,0.0,12.0
qfimjuiyvqt2m4jfow2l45a72cbpf3rz,35.0,0.0,1.0,0.0,7.0
qn6vf7q465eov7vpzhndcnmhvpt4kkst,11.0,0.0,1.0,0.0,7.0
qplsy2b4gxnevs5zjath7jtcl2bemwoo,55.0,0.0,0.0,1.0,5.0
qqq4pyuqddp7reccj7wowmpmeknq3ptv,56.0,0.0,0.0,0.0,7.0
qremshapmjoqqt7nq5rrxtync4kb2k6s,50.0,0.0,0.0,2.0,1.0
quiq6skf33s7zuwuy537lkjysvhi6k22,53.0,0.0,0.0,0.0,7.0
rbke6uqldl3v4ewuwf7bfzhvc6ecyric,69.0,0.0,1.0,0.0,10.0
rqr5yax7psuiiunpiman5ql7mkoi2a5l,34.0,0.0,1.0,0.0,12.0
rquivfez6dkgrkwfsxewgl3u56luj5qr,26.0,0.0,1.0,2.0,13.0
rso4ih4o7yh4r4b7mbs5nawibylfdalb,35.0,0.0,1.0,0.0,8.0
rtot6e4yjb55ue2dvcdsczjmvabodow2,39.0,0.0,1.0,2.0,1.0
rzlr6hxdrhy75qeuxbjkqfxq2gk7frd3,13.0,1.0,3.0,2.0,2.0
s5qpzoijjhm455tbggv36jyqeqn6i3go,43.0,0.0,0.0,2.0,0.0
sdi7zdwxgl6wmbrvatbqqxeyve7mw5i7,22.0,0.0,1.0,2.0,4.0
shucodmv5dzhuus47yhawex2ydi53xks,44.0,0.0,1.0,2.0,2.0
sjy66j4axmwzf6zh6hjgiaeojya2ampy,18.0,0.0,1.0,0.0,7.0
ssw73iihfmko65xu7j5n47dkgukqhske,58.0,0.0,1.0,0.0,8.0
swbcjhhddbuelgrizhvymaltjshsgryj,26.0,0.0,1.0,2.0,2.0
syz3fwghccbzogl7hz646icfvftrugfd,68.0,0.0,1.0,1.0,6.0
t54tl237xnzcremgwcc7fcenva5l2aw3,21.0,0.0,0.0,2.0,1.0
tczfmyx7okwjqk6yotcovrl6j3si7rbr,20.0,0.0,0.0,0.0,8.0
tgfrdr2kclychbp2ko4kamwb2mnbije4,27.0,0.0,0.0,0.0,9.0
ths67ewobyfcwxv2dqvb52i63xwvqeaf,11.0,1.0,5.0,2.0,4.0
tlhvydb2jubsdrop7hl64fnycpkoroud,71.0,0.0,0.0,2.0,0.0
tljtnn4f33sbofp5hfr66ta2rd44igfx,43.0,0.0,0.0,2.0,3.0
tqem2kuite3xrhcqauzirsrcji3qsmhm,66.0,0.0,1.0,2.0,13.0
trgtzhzrkoc7omumrsv6lqudc2jyeaal,39.0,0.0,1.0,1.0,6.0
tynxb2ynp2kztohg52ox4uqxopmrdt3z,69.0,0.0,0.0,0.0,12.0
u57i7oepaob4szxms342xf57qh6m6csj,5.0,0.0,0.0,2.0,13.0
u6kmhmkfiasrgphbwh7lww6okbidigmz,46.0,0.0,1.0,2.0,13.0
ugv7b42yn3lnwvvsddzxu2enxvyayff7,51.0,0.0,1.0,2.0,1.0
uid3pnxj6i3jbtepf4a273byuwfsdatz,4.0,0.0,0.0,0.0,8.0
uk446k7i2ftlq757xo5hujjwaorm7apa,20.0,0.0,0.0,0.0,14.0
ukuldpnsd4745mirxclpjtmqhmtzsri3,5.0,0.0,0.0,0.0,12.0
upzy3co2k2rcsu2zvveoby4ktfl4jzp5,26.0,0.0,0.0,2.0,13.0
urdfanvvzx5fvjaodkbwn62dp65xnp24,38.0,0.0,1.0,0.0,11.0
uu7gu7cbyreexkllzi4ao7wewrt7mpfv,66.0,0.0,0.0,2.0,1.0
uwu2dyaicbmwmuog7rnoqj7ydmx6otp7,33.0,0.0,3.0,1.0,6.0
vbn3zubpzj64pm7pgt5srsvtwxurtox2,3.0,1.0,0.0,2.0,13.0
voudzhg5b2t73vc4skb3wwk72wywqyle,10.0,1.0,1.0,0.0,10.0
vu5dbs5ksfeeczyejxoteyvcbrlfavcr,38.0,0.0,0.0,2.0,4.0
whownxqjt4w63pisjim5qigv6rkhjnlu,34.0,0.0,1.0,2.0,2.0
wrp2gkzbugr36gajfhlxdwnhbl6yoxbz,18.0,0.0,1.0,0.0,9.0
wuhoqqatl4a2jj4iao6i7yibqgh4llij,14.0,1.0,0.0,1.0,5.0
wvtyfmu2opliq4h3fc7s5qdyjjnam6vi,52.0,0.0,1.0,2.0,13.0
wwqah77d4o5fzemskvmimr4sqsovirli,1.0,0.0,1.0,0.0,8.0
x3kpdxvau37x6ysjsyz3qxtuutnc2f4d,45.0,0.0,1.0,1.0,6.0
xhwbu2vvdmw653xqq42qfbgq6bhwhput,43.0,0.0,2.0,0.0,7.0
xq5klq3kowpmozeaqyikgnfzi2eonf4q,34.0,0.0,0.0,2.0,4.0
xsfrr64qzqtrkw36wjwnqgo67rpt5lgc,25.0,0.0,0.0,1.0,5.0
xt5dtouk7iamgwrmn43p2dlxjqvk3g6c,11.0,0.0,4.0,0.0,9.0
xtws6qsyiosddrzctelwdyfyfeytgr4p,63.0,0.0,1.0,2.0,4.0
xw5y7wo2vvg2sf6ecqrmpbcto2sbv3r7,15.0,1.0,0.0,2.0,1.0
y3ntubpcbiyojdlzsah6niyc3orirbee,5.0,0.0,0.0,2.0,0.0
ycatrq2w4muoc74jnk5mk3no7vpk3ztg,29.0,0.0,0.0,2.0,0.0
yjxo2iw2bx3wyw2wzfzrk5wxunkhnek2,43.0,0.0,0.0,0.0,8.0
ykxec2ctui3ju6elrvei2jf3awmjq4ux,18.0,0.0,3.0,1.0,6.0
yrlxxg4ahg272nswtgymyhb6g2o3egix,63.0,0.0,0.0,0.0,10.0
yxyoqtk3zt4auu5ffofxlmhlzekeftqq,4.0,0.0,1.0,2.0,0.0
z327fw4gc7ppdebg4zhq2zragaifntmn,32.0,0.0,1.0,0.0,9.0
z3bccsy4nz7cnvbv2d5ygku6trlois4p,24.0,0.0,0.0,2.0,2.0
z4jirywmwe37veqd7tcfynt236mdaw3x,46.0,0.0,1.0,2.0,4.0
zbjjmkwk76dn2phv6npn5d4cry3pcpm7,22.0,0.0,0.0,2.0,2.0
zuuqqblnoxsmkey5a2364suitis2aoan,24.0,0.0,6.0,2.0,4.0
zvs6bpavlddki7i5iqv5egqmzejzuo4y,12.0,1.0,1.0,2.0,13.0
