,veloc-version,libpthread-stubs-version,er-version,boost-version
2ard6son4pfyakkvsyfrq5nwdz4feaep,1.5,0.3,0.0.3,1.76.0
3mqouw43636fj3upjh7vlin3rzwthsav,1.5,0.4,main,1.69.0
44p53kggro6rbx7d6nf6ae2j425s4zdu,1.5,0.4,0.1.0,1.62.0
4rajlrk4miflkxxddrvya44ysrqdghol,1.5,0.4,main,1.71.0
4svshsijrwdun6nxzewkp4z5mvbeuuob,1.5,0.4,0.0.3,1.69.0
657v46ahuvzluotllyvixev7k525dlpa,1.5,0.3,main,1.50.0
6j2rdkfcmvmkyzkhtyafvy446p3qlr7m,1.5,0.3,0.0.3,1.53.0
a7mxr76xwqmctk5abcz3nkurqqrm7hoi,1.5,0.3,main,1.56.0
av4vfyqnkyezr7h4ruxiufl763xh4i3l,1.5,0.3,main,1.72.0
bmiiow4t7uxggtdymcfgmiko47j4menq,1.5,0.4,0.1.0,1.73.0
cbbkorvltevbvttzgeicrcu2kf3bbnsq,1.5,0.3,0.0.3,1.78.0
e7df7tckvvpyr3rc26tjikadenm6awn3,1.5,0.4,0.1.0,1.78.0
ejqum6ggxong7i5hpcvfgtyfuexjfoyu,1.5,0.3,main,1.51.0
eln6dyoewa2cc7pfjn372awnbgippbqi,1.5,0.4,0.0.4,1.58.0
esgsukbmxhurxmpciqqgedkmeeo2zi57,1.5,0.4,0.0.3,1.75.0
f2uc4kevrvgymtpssqwb4ql6nlmhy6e2,1.5,0.4,0.0.3,1.54.0
flfm5s3sluf2xdetn7t5f2sp6vfnhfnn,1.5,0.4,0.0.4,1.66.0
fs6tkhfwjvsdkuxbg75wy6phefrhcl2m,1.5,0.4,0.1.0,develop
he7qy3sdm62lq6o2lt3e2z6hmwpbtr62,1.5,0.3,main,1.73.0
hjqm6p4il3etiio7dyah5qtzlhxytmbc,1.5,0.4,main,1.73.0
hujcifzha6fojoud5u6u2fbogjetqwp6,1.5,0.4,0.0.3,1.62.0
hyvdos4hx23j3hg2o2m365urj25hmvpe,1.5,0.4,0.0.3,1.65.0
jotcflu55mbeafhpepdjgnm4ymi6fmaf,1.5,0.3,0.0.4,1.52.0
jxtnsjkyqwerzmnjl7tz5ps6lnwpkgyk,1.5,0.4,0.0.4,1.51.0
kbl7iy2uviga3dij7cbarui6fawec5ay,1.5,0.3,0.0.3,1.54.0
lkwha4cduic6osl7pr6ecgk3tyijmqg7,1.5,0.3,0.0.4,1.56.0
lmlms5gqdoymaoetpy5n3bylhbfzsbnh,1.5,0.4,0.0.3,1.52.0
m5omepb7xnatomczc6p6k4tcyu6xi3y5,1.5,0.3,0.1.0,1.70.0
m6dsdqpmld2tzvhdu2kpxedphpnbnp3x,1.5,0.4,0.0.4,1.56.0
mxctamc5yqbri6cvxpy6cmsmgmju6cow,1.5,0.4,0.0.4,develop
n5qqxx6z6taagaclxs37ezgslqwfav5d,1.5,0.3,0.0.3,1.58.0
nudm2cw6g7s3jwwncycunjdfses2tm7g,1.5,0.4,0.0.4,1.60.0
odx2ugejmstxmshop3mw7vw26y6lwgxj,1.5,0.3,main,1.60.0
oyte36oqdr6w44n3zovvvrqhhiryq6tn,1.5,0.4,main,1.67.0
pzl2r7f4hu4hqwezpnvauyjbcibczru3,1.5,0.4,0.0.4,1.77.0
qripgczp4b6g4mt5axq7wyoowsgetglp,1.5,0.4,0.1.0,1.70.0
rcej4af2gfexk2go5dy367mpm4mhxcpl,1.5,0.4,0.0.4,1.78.0
rdq3zb3olkatc7mmmkpqmkhwlhbyhk27,1.5,0.4,0.0.4,1.70.0
rwe26u33sdvxlxh4blk7q6czp6g4qawv,1.5,0.4,0.1.0,1.74.0
rzwf7qoi76jp4awpu2f6q3rss7oqq454,1.5,0.4,0.1.0,1.72.0
s2tjo56ca5zuke64qudxzkxtkc6sdoe3,1.5,0.4,0.0.3,1.58.0
tqgr7usbxyelycl4ckxol4cmi3qisang,1.5,0.4,0.1.0,1.56.0
txdvvm5pbzthr7rc4ftvsyhu2lmbing3,1.5,0.3,0.0.3,1.63.0
v7qlzc2dwy5e5jxeswwa3w6bwsqjcwnm,1.5,0.3,0.1.0,1.78.0
vryjgc3fkv6mq54f6t6yyvugyhdnqh4w,1.5,0.4,0.1.0,1.50.0
wlkope2aslu4ymr35677eclqa7st3fb7,1.5,0.4,0.0.4,1.68.0
wzq5jkyyqifd4dsnvncojghidl2bmcme,1.5,0.3,0.0.4,1.65.0
xbbya5oobluz4pz5t4pyp4ia4vw67sk4,1.5,0.4,0.1.0,1.64.0
y7epttcpikp3zgxnfbbvf5j73xykzmrd,1.5,0.4,0.0.3,1.53.0
yhex6qgcgkuba5ypooncwairebihahea,1.5,0.4,0.0.4,1.74.0
zgf635es45aphizmtt754hw3gppc2j6m,1.5,0.4,0.1.0,1.77.0
2nsjletmysysb2xitpzlqpe6shm4s3r7,1.1,0.4,main,1.53.0
2pilrv4466lef3ugwtnwcwh4ffeuje63,1.3,0.4,0.0.3,1.77.0
2rxbgctwfoh7kbzvuezzxiuaxygszdj4,master,0.3,0.0.3,1.75.0
2stlquujgrw3wikewghroe7u5hrt3thg,1.0,0.4,0.0.3,1.73.0
2wiob4xdrrtfd5wrydflss74qbi3stf7,1.0,0.4,0.1.0,1.75.0
2zrl2mtvt2d2y33p4nwyn3oz7czzxt26,1.0,0.4,0.0.4,1.72.0
3422mk62pxyirojlzjmxyxug3auzqm36,1.3,0.4,0.0.4,1.74.0
357z52rnlrimithwzuymrgrqnaakwaga,1.0,0.4,0.0.3,1.76.0
37kgyfc4pr4c2mbkboxymmdxd6u4bvub,1.1,0.4,main,1.76.0
3cag5hveeodxvcey4dglcbqiktnw44pl,1.0,0.4,0.0.3,1.60.0
3fyqttfkndybdjzxogh2hjirxz2ye7rn,1.4,0.4,main,1.76.0
3gybqdlpa3f6s5q72gpoe656fjk2jw4k,1.4,0.3,0.0.4,1.72.0
3hcxgawf3v66vosu5e2wsbaxxkawiuwc,1.3,0.4,0.1.0,1.70.0
3ojw7bqutomdgsbfpeuj2glf55j3nh3y,1.4,0.3,0.1.0,1.77.0
3tay2ooayyusspwnccko3ijzzzgaj7fv,master,0.4,main,develop
43gbs6q25eyxcclx6c7bwlbf24qeld3o,master,0.4,0.0.4,1.67.0
4e2hhcvqek3dbopcdn2sbtae74y5ziec,1.1,0.4,0.1.0,1.50.0
4h3dpydcvn6xvvjpi3n2bhk5ytm4qzuy,1.1,0.4,0.1.0,1.74.0
4phtpcwwumvxbzy7pkpfxvtgagfcubna,1.0,0.4,0.0.3,1.61.0
5ah2z6xwlusgwp5zzdonqeuwfrib23rt,1.0,0.4,0.1.0,1.72.0
5b6wwxsdqjvqimxa4jkkuc56pwng7not,master,0.4,0.0.4,1.65.0
5ddloq337lesbdajchpwo5hvlnnitgz4,master,0.4,0.0.3,1.58.0
6odxpeuelxqbsghsxxz6ku6ys2sbqdad,1.3,0.4,0.0.4,1.65.0
6p6a6qwblgsx4rbucblkea2s5hbud7qx,1.1,0.3,0.1.0,1.63.0
75efj65q65uair243zl5vcxkrzzv7okf,1.0,0.3,0.0.3,1.69.0
75x2opzq7erbmyvj5oots3y6ozxqs4d7,1.4,0.4,main,1.72.0
7bxedvsccmh2a2cixmuellf4pgm6n5zx,1.2,0.4,0.0.4,1.75.0
7luolbvwhbyncgo34q6fjlc2o2lrhf6t,1.3,0.3,0.0.3,1.70.0
7mwu7jjkghvxfwm27aboo6tljcttjsoe,1.3,0.4,0.1.0,1.57.0
a4d7ko23p7njnpixyapkybkc4ute5txl,1.1,0.4,0.0.4,1.61.0
a62kxwe335eiiteu32pjlcvlqgcgf3w3,1.0,0.4,0.0.3,1.66.0
age7ih75lum4vdusf6pgusch3vftevec,1.1,0.3,0.1.0,1.71.0
aoe7lqytki7tbsczxu5edffrnhfg4nxo,1.0,0.4,0.0.4,1.65.1
azn2dybhgtgfbptm6ggp4saow74hmxpp,master,0.4,0.0.3,1.76.0
bligfbcxnu57krjgrrq5ru7dfomul35a,1.3,0.4,0.1.0,1.73.0
bpgppmxepb6dvnkjdjklkcotq2rlzmji,1.0,0.3,0.0.4,1.53.0
br2655eg2slfor6ppwludgvedhscxhgh,1.3,0.3,0.1.0,1.70.0
bttts6q56lhgd6vt2b3fjpazrikwcy7q,master,0.3,0.0.4,1.67.0
bvpgrkctbojyzvhtb66ppqtlqdpai26b,1.2,0.4,main,1.65.0
c4h5jhabb5gbg36kiaxns5szjfgpnemg,1.3,0.4,main,1.76.0
cc5dbfo3kxqgqdfhfu2572bvmhrvnnwc,1.0,0.4,0.0.4,1.66.0
cf7fjo4dmfuyhxu3ly7mv4k45mbtaye3,1.2,0.4,0.0.3,1.60.0
cizmxyfh74vsif5tdec42y2pdsys5bju,1.2,0.4,0.0.3,1.54.0
cpzgx2kv65pppgxikfqtotmawngckbg7,1.0,0.4,0.0.4,1.61.0
cyoee33byh5rbto6ecra4evsayjclytn,1.3,0.4,0.1.0,1.56.0
d7tb64cy7zan7xio4b2aw3i3zljsi2l3,1.1,0.4,0.1.0,1.78.0
dflfa3crg6p5kjgjnj2vmwvom6i6t3za,1.2,0.4,main,1.66.0
dlaaoqsy7wzc4ppai5ggvizl7k6naxex,1.0,0.4,main,1.75.0
dlmjkallsf2gzq7gvmd56pyzh3pbi2kj,master,0.4,0.0.3,1.65.0
dm37ybgxil3w5e6v6u6p7be2zpubcm6b,1.1,0.4,0.0.4,1.58.0
dnncf5fsbrmygkojgziw73t3im5dbydz,1.3,0.4,0.1.0,1.76.0
dychjlia3o4l44bql4kq3zbze3zvjyzs,1.4,0.3,0.0.4,1.66.0
ehaks5d7lp2berq6nd4mwlmlwaofnj4d,1.4,0.3,0.0.3,1.54.0
eki3373zx3dvd55a2zyprsqceszeqts5,1.0,0.3,0.1.0,develop
f2aayzkpqoztkp5xlquczjfhslb5e464,1.1,0.4,0.0.3,1.51.0
f7fvvwganavweqlvex5mubbscj6qulmc,master,0.4,main,1.65.1
fhsmoizdxkhvgr7qyshebsy4gkyf66v2,1.1,0.4,0.0.4,1.65.1
fmkr6wxx5ypir2q23cy3dkgjbvpmaast,1.4,0.4,0.0.3,1.69.0
fu5k63tvzbqq3ugm2u2jqcxbxai3sgge,1.1,0.3,main,1.64.0
fzwcw3x7rvic6uo3dzi6tyqy4sd2grmq,1.1,0.3,0.1.0,1.72.0
gi34fwfwnly3m6sa4ziw7cbpkb6mefyk,1.1,0.4,0.0.4,1.78.0
gmsz35uoyhwkbaabndz3erk6myuhh4hv,1.2,0.3,0.0.4,1.72.0
gpnsejtajzrbkfvcigi3q745r74ncbxn,1.1,0.4,0.0.3,1.66.0
h5p33ulzow7r6tuxpjpur2o26jbrjm7r,1.3,0.3,0.0.4,1.51.0
h7prh2ajw2po47wwa44j5k4pz3vaub5r,1.1,0.3,0.1.0,1.74.0
hffjzccd32dyk7tlhq4pixq5e65hrlf5,1.3,0.4,0.1.0,1.52.0
hytweqzycht64pr7nfijaqauorfxn4td,1.4,0.4,0.1.0,1.56.0
ieeqsrjzue7bn2nva2ql733p2pnjehu2,1.3,0.3,0.0.3,1.69.0
ii4mpl5ojvr5c4c3j7aedmhvkemtc2lh,1.0,0.4,0.0.4,1.69.0
jiodlvqtrtpdkxgyt3k2cafevbxzohdx,1.3,0.4,0.0.3,1.61.0
jsf4zojyzq66v7dhe4dpj7amobgbryyh,1.4,0.3,0.1.0,1.76.0
jyblitb3xv2qwqhwskj5yped7k2rxsxo,master,0.3,0.1.0,1.72.0
jyfd5ndva7vdxyozqq3jtup3yrb5etpa,1.3,0.4,0.1.0,1.60.0
k5nmbvdtkugteywwr3j7qdlht726sykd,1.2,0.4,0.0.4,1.52.0
kdd3e6jtfkjgv3xktlcjt42ipk45koac,1.4,0.4,main,develop
km7d3x7wlzq7mqf4kytt3oaavf5ba3po,1.4,0.3,0.1.0,1.65.0
kxvqc5uutyw3fnzbvgtf3e5m4qghpjzc,master,0.3,0.0.3,1.70.0
l3gewbodnafdihjs6mw6epv6b7yydouw,1.2,0.3,main,1.68.0
lfhiurywfm2u5efcb4q2qwpofvoy4swj,1.4,0.4,0.1.0,develop
lhqcldnotzq7a6eyhbytq34dnazain7w,1.1,0.4,0.0.4,1.59.0
lke64b4xwj57v6zkxjdvnpfzhrffaw7y,1.4,0.4,main,1.73.0
lmep7xkm6t4zbybqv634g566vmdk5ygt,1.4,0.4,0.0.4,1.52.0
lmyugjxhiggzn2c3xueaiwf6yu22mecv,1.4,0.3,0.0.3,1.59.0
lw5zxsmka6hv3kb6bdlkgdjvkll4heaw,master,0.4,main,1.56.0
m5t5cfkikrbxwzqjhhpo6tqbutj24xhi,1.0,0.3,0.1.0,1.68.0
mastjf3aelafxikggoyf2xjkjcpeoukn,1.0,0.4,0.0.4,1.59.0
mfawxakmixmscycobfz5rb27yybdr77c,1.2,0.4,0.0.4,1.65.1
mjkt67lqdj6ijrocrzmsxxllrc36bzsu,1.4,0.4,main,1.69.0
mvkarjou3auhfn3ylno4nd6q265eqkor,1.4,0.4,0.1.0,1.72.0
mvthdfomlvs73iuduzfik5omdusuue7t,1.3,0.4,0.0.4,1.56.0
mwym2spzj2fyw2ifspk43xm4oyb5f4ax,1.1,0.3,0.0.4,1.58.0
mwz45dytkyqst3ys3jfei33yqws7w7qy,1.4,0.4,0.0.4,develop
n7nksvendr7wgsdzba55g2vd5rn4aaua,1.0,0.3,0.0.3,1.76.0
ne3jvqwggaunxszwyuy56bposwhobtgx,1.0,0.3,main,1.62.0
ngbjogq5gpleh6l2q74ca4cx2rod3haf,1.4,0.4,0.0.4,1.67.0
nkwi2qfnmhneyaaa4jm3odvqaou5enpx,master,0.4,main,1.62.0
nlchn2d2tr6enumydolkyfhbi5au6y6j,1.4,0.4,main,1.75.0
npj6mnijlirw4wnrk3szjf42wkbciadg,1.1,0.4,main,develop
nqdo3jjhzvdkc2leggog542tnfb7g3bw,1.0,0.3,0.1.0,1.66.0
nyxd6lty5uf7ualz3v54belzn3pjmhyv,1.2,0.4,main,1.52.0
o473foj72c5mepwvox26cpt4g5jpbymy,1.0,0.4,main,1.64.0
o4luprz36r7rk6qpxoygbd64nvgpmyxp,1.0,0.4,0.0.4,1.75.0
oaojxoakxf67zoxwpvswpn2rqm5x3fra,1.2,0.3,0.0.3,1.70.0
oyuqxu7w7hbnxkkvnqmqik622oh6ocsp,1.3,0.3,0.1.0,1.64.0
ozlgw355bq2nrm57muncofttxsyh7ucn,1.3,0.4,main,1.68.0
p7mcbvv66niacsabtel7qzc5yh43ahiv,1.4,0.4,main,1.68.0
pks7u7saxfcjl2lkrc3uv76cvnnenppw,1.3,0.4,main,1.54.0
ppsnsrgjhbolmghkqh3plneqvz45iy7h,1.0,0.4,0.1.0,1.77.0
ptw75bto53i4cxz2aflo64kxhgglmzw2,1.0,0.3,0.0.3,1.73.0
pwapeh5ektxb5hlwzzf2opeb2o332eo5,1.1,0.3,0.0.3,1.75.0
pxrp4jxgrdpl6gkxvdwh7t4722h4zevm,1.0,0.4,0.0.4,1.73.0
qcntvzmayrkpb7z44llh4ojhe675zel4,1.1,0.4,0.0.4,1.55.0
qczt2rzejlj32kdfvzkazc6ry7udvqzx,1.0,0.4,0.1.0,1.66.0
qgaukvf5gqtxn5cprpmicwbfzq6gxr6s,1.1,0.4,main,1.65.1
qlaufuezwpdzsdamwqnkzxr23dlluomk,master,0.4,0.0.4,1.78.0
qls6hjwav6cgfxl5y7bmogivtj6bphce,1.0,0.3,0.1.0,1.56.0
qzzb2vbxuvhw243dtvjujgsmoegpu3j7,1.1,0.4,0.0.3,1.73.0
r64e25jdsvny2zh7lwqu4ousq4lqp7sx,1.4,0.4,main,1.65.1
rgueyktd6a4huacdh2jxkarbdcm42vyb,1.0,0.4,0.1.0,1.69.0
ry2cfq3ghg6ghpuca3wniastdwto5hfh,1.0,0.4,0.0.4,1.74.0
s33zczjctl4om6gcgo4gulgu3s7ptcf3,1.4,0.4,0.0.3,1.72.0
s3ugdpgqyl3tutwxbbfcsalcuyfgld4i,master,0.4,main,1.52.0
s75t5bzjnj76mx5ildwdhwxgpsaesblw,1.4,0.4,0.1.0,1.65.1
skiu32ies4d6qrzspr6b7t7fgtis5p3c,master,0.4,0.1.0,1.54.0
suipapuow66mir7kru5xuyexewa6srdw,1.0,0.3,main,1.71.0
swiwcv3s3wi27acqgwuzwr5l3jjjyjx3,1.1,0.3,0.0.4,1.72.0
szlsnivio32scthgxcw3uwoggwdznfez,1.2,0.4,0.0.3,1.69.0
tkffmhg6t7fkh6ppmnht3v3z7tlvho3j,1.3,0.4,main,1.70.0
ua55lrj5hfiiw4nlnvb6t3q67ad6bi7t,1.4,0.3,0.1.0,1.73.0
uanfoixgypch3jnqteor5i5qiy7tz7zo,master,0.4,0.0.3,1.70.0
vd4e3ggluiczrlc7ny42nwbw4xwqfpyj,1.1,0.4,0.0.3,1.67.0
vdidbaobe44rz7occjhm7hzly2f67dzw,1.3,0.4,main,1.69.0
vlscrcwy4cf3vznjli254mu2vk3tvxrv,1.2,0.3,0.1.0,1.52.0
vtvvwygfxlrc6zkqcnsrvdixqgc6h5sr,1.2,0.4,0.0.4,1.72.0
wb2yxyzwv6mnyzjqza3yio7t7erowugz,1.4,0.3,main,1.74.0
wdg4qm5bdn3gkow3s7luqghahivgvgzh,master,0.3,main,1.70.0
wicxlwo3vdy6yu3irwpddqdkevhzl2rw,1.4,0.4,0.0.4,1.74.0
wim7ej4hi4j5z2df2jxyeynwfb6drh4m,master,0.4,0.1.0,1.61.0
wr7ema5wv7jlnoup42wrkrde5zizhtrh,1.3,0.4,main,1.64.0
wxq6nvo2yv4rz7my4vlawvgwzv2fu75x,1.0,0.3,0.0.3,1.65.1
x2snfk7j6a2x4dl76jak6kydgmhekeof,1.0,0.4,0.0.3,1.64.0
xhwgv6tv4nje5avhmgchg4likd3sf7m7,1.3,0.4,0.1.0,1.64.0
xjbaz5ajgdy25xir3627suig2g7giukf,1.1,0.4,main,1.51.0
xsqx6mfv2mxblsjqaf6unc3yqulipfop,master,0.3,main,1.68.0
ydiqbhioq3k3cevmamdhmak2al42zglk,1.4,0.4,main,1.65.0
ymvjwia5bmiho6qf376odorphhalj6hu,1.2,0.3,0.0.3,1.68.0
yqc2ksactmcitd4nfxcsa7aqwlfe3am6,master,0.3,0.0.4,1.52.0
yzutmcq3cr5amdml5wt54drqounsvzk4,1.2,0.3,0.0.3,1.54.0
z3pk7q7yrpsffexu4nrp3jwtjdwq67oo,master,0.3,0.1.0,1.54.0
z5wkhb3ep7uoop6wgazlx4rdn2qekeni,1.2,0.3,0.1.0,1.58.0
zhqkpwij5fcpz7oyy2dk5vluzlvyoolg,master,0.3,main,1.54.0
zt2oxa36vmxpo327ph2o5jzm7p5utxo2,1.4,0.3,0.0.4,1.61.0
zyzglj2jrdnarwswqj2kq7df2y6jq4yh,1.1,0.3,0.1.0,1.54.0
