,cmake-version,zfp-version
25a5bod4h3tsac7mnzquh5t46lgwxn3s,3.11.1,0.5.5
266eglj2qvv36axi2jisqje5oldin4ad,3.15.2,0.5.4
26etseborz2xzbdpt5ikqs53a4dmnrmg,3.19.7,0.5.5
2c6vxu3ki5p2yzuzlmzhdn3enjvlisfn,3.17.0,0.5.5
2dge2jod7pnbixtiku5x2ikvzc3ex33u,3.8.2,0.5.4
2gvwbpvpzqm42ns64ckkqnhd4emawoy4,3.10.0,0.5.1
2h3q24nsm7l26753q34zxvuvcxxitz4o,3.9.6,0.5.3
2itimcscovd3qnfdb6hqx4xbohzszrs4,3.15.6,develop
2izy6hh5bjoqtdxnvpfkrwkwecfrdsr4,3.14.0,develop
2j5e5wfb3b34msrioddpoizmpp2xryh5,3.16.5,0.5.4
2krvd5padrtaabsoggk6mgo4ci5fxomz,3.10.1,develop
2o23qa7vr4jdi5k64rkttawwnjyv5yil,3.16.8,0.5.1
2rpmlzr4jaqq2swpziugbzpuquot2erx,3.14.0,0.5.5
2vpxdfxizhpbrl4xbdjijq2jnjrgxm6y,3.10.2,0.5.3
2wc5xccey72xu6ixouqbsasui6pwzpv6,3.19.6,0.5.2
2xdzdf4jbctwrbcvuw32qge4g52b2tbz,3.16.9,0.5.5
344fdbtr33mhwrbm2xr3kyt4ozpppgnz,3.16.4,develop
346qoxnw7kjcm6xvenelw3dn2ujylxh4,3.14.2,develop
34bowpd2lekwptbti2bs6kebloodh3il,3.15.2,0.5.2
34llhlksbsl6d7ljbqpqf3dxzwzy5uj3,3.18.0,0.5.5
37c4geca665rkaijjagzc6imtyfvkozo,3.20.1,0.5.1
3a3gy5jlmzy2cwn4prtl5gkiqviwnstj,master,develop
3dwokeak4nnjmx4si7h6v5sfjdssmw2y,3.21.1,0.5.2
3eibrlzjqetk3hnpdyu4b32zjh2bfhqt,3.16.0,develop
3erimyi3hq7f2rpniue4csf5vrelnhsw,3.10.1,0.5.5
3ihelpws4rts2u7cmp5rsowhvaqx3xwi,3.20.5,0.5.4
3iwxwfwr7xy5afe4gqmdfh2u5sk3gzvx,3.15.0,0.5.4
3jtgtt5xi5wkga3aarvozfp23vbur3di,3.19.0,0.5.3
3n4iyzmpalblhyu4vwuz7izxwuzrwp5n,3.6.1,0.5.1
3sbmjir4cb743eiduit2ngied63cb4n7,3.17.3,0.5.4
3srfzmk5ylyag72hnabznqeojcjhq2t7,3.18.5,0.5.1
3t65egkduoj4kto4ey25ubkfnqe4tmmy,3.15.5,develop
3tkqtndg2rn4rqxbmim5r2bjfifcz6ng,3.17.1,0.5.3
3trcy3anqfdr4csrjz6svijd6o4acwbh,3.8.2,0.5.5
43fml32qa5hrn5uobp7hs7sv33ngh3ol,3.20.3,develop
44ghrmeogjgawbpjrpqddjlsp33toemd,3.4.0,0.5.5
45maiju2ssbtkfokk5eoccng3f3zahst,3.14.7,0.5.3
477g66rdpimi5bextdbfbs5alhs7kyc6,3.9.0,0.5.2
47oma576w24ijc2m2fiiz5qhoeqnzamj,master,0.5.2
4cvwxjyb2pd4oaq52fxmi6unh2rsuqau,3.15.7,0.5.1
4d6md6sl2x7patsk3brifb5brupi4zud,3.12.1,0.5.1
4mtretc43x2w24ubhdukyzwqyuht3yew,3.18.6,0.5.4
4oosf3g3ysrl2rlmkr4hfpuks4ddp4kv,3.10.1,0.5.4
4t6u6vnf4mdflwwdqvbzhp6cnc7r3zxf,3.9.0,0.5.5
4to5wexlacbytkzclazyz2elde2blqsz,3.19.8,0.5.2
4y7c5jovhiglr4jyxeybifu2gfukocdu,3.11.4,develop
4zwjkpv55lvcoicr6ym2hoadth5w5dxt,3.19.3,develop
565oglbe5jguwm3a7yrfh36qpg2347e4,3.21.2,0.5.3
56yywf5ugdekzuacfrbdk6fbkykkyvmp,3.7.1,0.5.1
5bbxuwiowgs4chqplkh4vds56jzrpscw,3.19.7,0.5.3
5dxifwij2gv4gwhvr4qsobuakkf54nbb,3.14.7,0.5.1
5e2bt45fsbrkwdwwc6vi5ldyw2uiqdix,3.14.6,0.5.2
5fdenojxriqhlqneif73ohgntdjgb2bp,3.12.3,develop
5g4lxgc33wiqcaoznwb6arr35erxpf66,3.19.2,0.5.3
5i46s4jum47crcv2awffzchk42e5c6ur,3.12.2,develop
5iotewj56ihajkj5jmloaymxugapa5os,3.11.1,0.5.4
5kvsct4xmndk2pisltqcorwljsygoihg,3.14.1,0.5.1
5lbcl5jme3fzguqbf4ttudbmzzxoq56y,3.20.3,0.5.2
5urmbppnkfn26hfvhh3q5my6qobqmetl,3.16.8,0.5.4
5v2vvraw4xcazz4uwutkj2evwtslr4ea,3.14.0,0.5.2
5vurt4gavhi57gdztvxush7rpuu55xtj,3.21.3,0.5.4
5ytrjerpuomnazmfupam7du3fhh5ay67,3.21.1,0.5.5
5ywsnnk62ikpabpm5flwpglm7xylzf7u,3.15.4,0.5.1
64pgtyx2zl4q5pwfmvpm4p6oybxxpoiy,3.21.1,0.5.4
66nzogpmwweaz4o3cl4g3eqxcctklvkd,3.17.1,0.5.4
66xcapjeaf7ee6tjqoqgjegpg65mj3ka,3.9.2,0.5.1
67xytfcc4txbiwk3zj4w4usyg2aujuc4,3.15.3,0.5.3
6bsdhpatdr5klgrfuwxd5hg22i66b4rn,3.12.3,0.5.1
6bzmw7ncd274vwf7tb72npbhpjnvdoju,3.5.1,0.5.5
6cc37vitbknm25bc43n5ata6izgtshij,3.20.2,0.5.1
6egkhgqmrj7toteqlo4tpxwrikre4twj,3.19.1,0.5.4
6jvu4yl22muphj43q4vmg2hofionuopm,3.20.4,0.5.5
6kctcvijnii4cgs3t66q3hwiluaw3lqx,3.14.1,0.5.5
6kqws3broc7jyvktk5czfrvqjyjm77f6,3.15.6,0.5.4
6kx4jliufyknjumisnwyd6ddr5pemfum,3.21.0,0.5.4
6lh2ab6c2lkdsrw6jf6cargb5gtnuaft,3.16.5,0.5.1
6lwsy6cw5zivqlyku3hkgyypfwfba4kr,3.20.5,0.5.5
6m7wz5pylqi4lvakzomjflom4ovwqedq,3.16.6,0.5.1
6mkflk2li2rcgiry6b44uqrspfu6ist4,3.6.0,0.5.1
6nvx5axg24smaap3xopvsqvwmjjx3inn,3.16.0,0.5.5
6o6ra6owr6kkfjylyg4rtsdtddyn5obo,3.5.1,0.5.4
6pnnz2mb266gj5qlr3odi3rbteudxiyt,3.9.0,develop
6qr3geidx4gpssnsync2xgg4xa3fxrf3,3.16.4,0.5.3
6qtisvagsl3z3y3chyyfqjsiagf4gzwr,3.9.6,develop
6rakh43vvwlcksuwvpfspswf5jvucbji,3.15.1,0.5.2
6rqe7xdayeyj4c4gi34nivhtot2flrle,3.14.6,0.5.5
6uvz6ye354zc5lxwbs7ibwhnxkvzwwes,3.16.6,0.5.4
6v4e6367vqagrc33s77fwjz43sd6lp6h,master,0.5.3
6yp7nr67uijsk6rqwicc57iym6vxrszp,3.6.1,0.5.5
6zmb2gjgfaodjj7xmlxc3cnvpzhg2iue,3.13.3,0.5.1
73qfb5prttx4gfesto2qm6orraio2rgo,3.16.5,0.5.3
73x57dus6r7rgs5ayfa3u2fabsnsi3fe,3.20.0,0.5.5
764vo3annklscixvc5b4rohqjkmpjn7y,3.12.1,develop
7ars6bhqjb4z24m5ylk6xbrbzwnsopgm,3.13.1,0.5.5
7b5z23kigqd7rqbd2dndq53uorrsinvs,3.14.3,0.5.5
7es5mzajqqjqfsd2yu72ltqvxrfrcm7o,3.14.1,0.5.3
7hpqbzm4xmdgrifqcq56n7bl2qdtoptj,3.15.7,0.5.5
7i2pga2upe6khunh725dgt67qgk3qn3o,3.6.0,0.5.2
7ia4iucmg4doxcahprafg3nwahadiope,3.11.2,0.5.5
7ptlt2dtg4pmh3z35nzw5kyhzs6xcxof,3.15.7,0.5.2
7u3sdchzfx2dwu2wyw2e3sc3isizhtj4,3.12.3,0.5.4
7ve4scncolkwktx2ma54b2hrwpws6a6o,3.16.9,0.5.4
7wfndmqgbiacfgp3x6vc7lhajgzhw3zw,3.20.2,0.5.2
a2fhquo733nfoe3vb4ai7dlvw4xhwiwf,3.13.3,0.5.5
a3qbe43o5ietq5433cwjhkz2nrqmwfi7,3.10.0,0.5.2
a4ooibwmurbkkp7srkzvuahq65xl76na,3.15.4,0.5.3
a6fnkeoftjyvaurwzowfmunfvgkfav3z,3.14.4,0.5.5
aa6c7zbsigvl33bllwjaavkeztnye6in,3.20.3,0.5.1
ab555ygrlm2bhffqa37d5ubsps4tjay2,3.20.5,0.5.1
alm2blcvvqmasent2xhzjzeey467zptn,3.19.2,0.5.4
an3aikarq3eyx3wfmrumy2cbriuz3l62,3.9.4,develop
aowxlthlty3pcfhzh3nohfiigm47wtkf,3.14.4,0.5.2
apf55qbszrpyjh7xrxw4wmcwfkncczxs,3.22.1,0.5.2
apnmot5c2ezbet6cpdyetzi5dex4fk7j,3.18.2,0.5.5
asmeo5mvupvmltftgprs4nhrddn2qkju,3.9.6,0.5.2
asmxvrvrtuledrynqu5utvsqxu3tayco,3.13.0,0.5.5
av57xwbgo2zmxa3j3z3bxnvmaltsphqd,3.14.4,develop
avyun24iar6kay77kz4kwcuf3fp7ntrg,3.10.1,0.5.2
awnbtjum2u32dja5ancr4ybonvgjilf2,3.13.4,0.5.1
b524xw5fh5u763bzcw6agczo7md6sbvt,3.18.3,0.5.1
b6q4enrdapcrvent5zaca6pbtbw3e3ai,3.10.1,0.5.3
bbwytcxlawyw62z37qwyurv3q66ngbqd,3.16.4,0.5.5
bdbvzxivfirmntepgwjo6wipzryhgueh,3.10.3,0.5.4
beekvmfohhyphmcofkd3qgfeuhvbgo4b,3.9.4,0.5.1
bf3osdq7zflpzmzz7zmv44te7wijtxi6,3.16.2,0.5.5
bhumof4yu3wauhn37nyfsatsc2zfybw2,3.15.3,0.5.5
bislgfsxbkh3ihjkal3izbyfaelwz26h,3.19.3,0.5.4
bo2s4kzjvcpboyivto6fybhn77d4vs77,3.21.0,develop
bpva3763pa42dvakyrdgg4pjwjfna27f,3.16.9,0.5.3
bs7icldqmbpcesidsa6dflamrlthqj72,3.16.8,0.5.3
bt2kjwrnkmwjgg73zb32fwwv6qdqfr7t,3.20.0,develop
bu2677gk472qj4shy6nzylj7nbcrw5my,3.18.3,0.5.3
bwxzqo2kntv3urgcqbg5jd5dsf7jkkeb,3.16.1,develop
bx6ivzl34rqqm7drj566pcaclf3v6apa,3.16.3,0.5.2
bzpojmv6iapgkhpposrtqr4bwwvxnnmm,3.13.0,0.5.3
bzzkbhbmunrj5of2xfzcsm5vg6o33auo,3.18.6,0.5.5
c2amnwuncfamuksb3x5h5d33iu5h2pvf,3.13.0,0.5.2
c5xlzchazbkcigbuog5k73w6ub7mmgms,3.13.2,0.5.5
c7ptwmy4eqn4h6gmhtdd7ajttjs7tmz2,3.10.3,0.5.2
caomkamnxqe5diqcn53itrgmjm3tjtog,3.22.1,0.5.5
ccgqo4crxg7q6ihz4fbsggmity73gxsb,3.10.0,0.5.5
cdouu52lwy4mi4k4xcblqgrtazi3ivmb,3.15.4,0.5.2
cf7awhikkeig4mraofy2shldur4fvu7l,3.18.2,0.5.1
cknozedwykt3azt3f7233cbupalamvqz,3.14.7,0.5.2
cksq6c6tn76e66w4tkp4bddorr5pdtq7,3.12.1,0.5.4
co7zo6vxs6epral7zqqs74zpul53mfa2,3.19.6,0.5.1
curlbyzp6rjh2uoklx552tduvhwr3vcu,3.11.0,develop
cxd6cg7bjmnknbtecmfarendxtx2non3,3.11.3,0.5.4
czlfrataxahwqs5pysqtvn6rnfimngos,3.19.3,0.5.2
d5z4qyzblimq77dbsrwaep3io2ixiuqa,3.15.0,develop
ddmgqcifoedxvzrylp3wtgjiwh3xpyii,3.14.2,0.5.2
df3syb3wa3ku3woig2biyi4nwnqai366,3.17.1,develop
dlcinxvfz5j2evvhd33xncx2pwr3h6ng,3.4.3,0.5.4
dmehgpyb5ifdgki5llonrrku2z2cwn6d,3.13.1,0.5.3
dmwgcqonacmx7lghh745hqhlig2qir44,3.17.5,develop
dmycxlu72hyhidls3vfxeanwhiklrskb,3.13.4,0.5.5
dsyvtsxy4enursmkmds75kdr3oqwtdko,3.15.0,0.5.3
dtnhefghvirqlhkqy3mhibkikkyzbegl,3.16.7,develop
dvrlyzkqw2tbsb6v2wo3x6t7bhjnh3tt,3.18.2,develop
dwgz52obtfk3bpwkcrq6xxu4xk4x3uls,3.11.0,0.5.3
dwmwcckgmatljad7sh4dg6flvbh7bpe2,3.18.2,0.5.3
dymhaq4dtpzxohvonludt4nzov25lyhv,3.16.1,0.5.4
dyoexkhve2fh44dz632gao65wwlt4e3q,3.14.6,develop
e2kxiqllzhwtkdwyg7ccjg3rnjruvzjk,3.19.6,develop
e47wcsvn7c37w3at2juxrrr6hpv3ah7t,3.9.4,0.5.3
eb3ykr3cugjcjlodmpzkop7pvk55kjpj,3.12.1,0.5.3
efkkeuwto4kt32lkjrdgnd7jck6e6qhw,3.22.1,0.5.4
eh4pt7hr3bzut3ab6tdddgfrwcys4d3u,3.12.0,0.5.1
eijatl2duhx4obpvbfwbebskmxmx5hhh,3.18.1,develop
eix6fi345mljr56nzgzdzd3aazhbbzuo,3.16.1,0.5.1
eke7ebatclz3rho7bdz6jyzgxzyqwhxf,3.16.7,0.5.4
emirjgqtvxkvitn2q6dwxlkgbdnmebfe,3.12.0,0.5.5
emjdkm6irdq7h5uktyzpwfi3gnsalsio,3.21.2,0.5.1
en7kxewsbdmj7ddzutwdoemgcmlt72da,3.19.2,develop
eooriq2rgugwpkgzp2hqkr56cgnswcuj,3.21.3,0.5.3
eqcg7od3dzrl2xear2g6bijyfwdx4c73,3.20.2,0.5.4
er2hcrghwnj22y2dbtfverjg3bast4ue,3.5.1,0.5.1
eskjluokz4naipxds737cvmrzbtzc6l6,3.16.9,0.5.1
etwkevyhiei5sjhy3kmokmryzb7v5l74,3.19.4,0.5.5
ewuzveiyigbwhsctnwj25rzap2ucmx6k,3.19.5,0.5.4
ey4iwobccs2gskkxzafvgxcnigx5acko,3.16.2,0.5.2
eyi5nyjulv4asv3tndgkqrq3456dmnzp,3.14.5,develop
f3hykdquxhgcvwbl367d6hlpplamlgqm,3.14.0,0.5.1
f56bag4hspeguxswwbtmsi76p5tmc3mg,3.16.0,0.5.2
fageagos5d2cziplyrju7xcuyoggakyz,3.18.0,develop
fclbmjwb5h7hvqsqqgsxney6kfxuu6us,3.15.0,0.5.2
fduwwvs6cgujysu2vyu6zu2dtdy6z424,3.9.6,0.5.5
fdwl7pa6pfqm6ar4wk3uz4qdqhlttmep,3.15.4,0.5.4
ffjrea6ndnnlyxpj2gsbweclx6uu6tei,3.16.5,develop
fjcnz6rtlbgna4tty6xszm437fxkdng7,3.4.3,0.5.5
fjitiytl4hjw6s4f45oxig6jdgjdci5i,3.13.4,0.5.2
fkd7kjmufcrbwabr57ywc4mhlolnsunv,3.13.2,0.5.1
fpaeto7ez62g5xgq5wqpbjeho53pxedb,3.16.9,0.5.2
fqx4372jfdbyypy5n7lyaziyduev5u3u,3.12.1,0.5.2
fuomnvjmbta3ydjbfst3yobfzmjuswjo,3.15.5,0.5.2
g5batwptrz5hkboxhvkfaesti4gtpu6v,3.16.8,develop
g632kl7zevruijdhyhrgw455a35pzsmh,3.11.4,0.5.2
g6c4cmfbaly2ix7jhaz6bk6l2zqqk3y4,3.13.4,0.5.4
g6ou2qf3un4c2bppbxabdeqwdup2m2x5,3.18.3,0.5.5
ga4o6vcdzjew4masroxqyhttkfqagvj5,3.10.1,0.5.1
gbpvnhj7ty5dsbchagy7jsc4a4pzkqnc,3.12.4,0.5.1
gcsc4aevxms7kdkdxv6t22io3cbehbjd,3.12.0,0.5.3
gfnabm3py6hdll6o65rotroowo47jlsg,3.6.0,0.5.5
gixgqqvujfireh6t62aurkx7j66likmj,3.11.1,0.5.2
gnm6wjmlujm6j7rszcd7ey56pypompcs,3.16.1,0.5.3
gs2buwbxmserpjxicccuti5luqiynjdj,3.21.2,0.5.4
gvbp2jb6wgxo6nhkkclsbdchzetxeatz,3.15.2,0.5.5
gymmmzb4qki5eknydtumsmxh2czz2n5y,3.16.3,0.5.3
gzroybewug5ze273jkriv4we45unjd3m,3.17.3,0.5.1
h3jfvl3jmpzlkrbqwlygxq52vbt7gtig,3.11.4,0.5.3
h7ak3yg3we3lzvormnm3achcafegory7,3.13.5,0.5.1
hbb7puby6ebk6r7zpmizkfgpwwkordmd,3.14.2,0.5.1
hbzovaw7nlylyan5hq756qlo7ippksmx,3.9.6,0.5.1
hc3lzegccqxjt4vwfiq4z3eglnzgjup2,3.19.4,0.5.3
hkexlb2fmlnpcbcvxpfrbvfuk4quiqmq,3.11.3,0.5.3
hoibtyynyqmoh5f7vwquko5srrxvkgy7,3.8.1,0.5.5
hqvnqwu2bt2igzlohp4yqq3pnt7og7ze,3.12.3,0.5.3
htnrdbqfuawptsy67jprgu7b6vnjutpg,3.21.2,0.5.5
htumkvqw635c2poqzivkxr4lbzj3u7pv,3.9.4,0.5.4
hwcn63t7uktndd5a27gw64fdxheazqvm,3.12.2,0.5.3
i67tundmbnn4fewoboshaxyf5qpziogf,3.20.0,0.5.3
i7deer4makmga53rhxvngisgi6i23ro7,3.14.1,0.5.4
icf22besz3wu36qoycsuprgziwcaktto,3.17.1,0.5.2
iecg4mt3ca7vf2moeeomjzj3d25ywvtp,3.8.0,0.5.4
ifkat77qcbpy7q3eew3lejpyxborsn6t,3.14.0,0.5.4
ihghevrh4mutpi2qic3su4meat5bex6u,3.10.3,0.5.1
iobgia3fftz5q47ysrshvlicplinuosh,3.16.5,0.5.5
ivopob37phailzopymqqqycgksegfvkc,3.18.3,0.5.4
iyaggouaz6thvrgfhopplnixchranqm5,3.15.6,0.5.1
j4nomzgsmok562qwsw4s5c2rrdtuxhin,3.9.6,0.5.4
janirj77cugmf5t4e36sjvwx3uzlswdh,3.10.0,0.5.4
jiqkmicytqvfw6ojloormzsbh5rpfhbc,3.14.7,0.5.4
jtf4kpbv62fsyrg2q7ngsfokdzl3c57l,3.12.2,0.5.5
ju527xtvfvs6xym62yfb6q5bdcrvkdnk,3.21.0,0.5.2
jyjeldxpo47hcqftvke4bn6mdtjensxe,3.11.0,0.5.1
jzh32leys2lbfnur5vw55w3qfngxbjgb,3.14.6,0.5.4
k3icmmw22mgtr3mtsl6wldk7ea2jlaym,3.18.4,0.5.4
k4j4tgubdiy4254c5pgxhynfw4kwhj64,3.11.1,0.5.1
kd3mocrfexxelwvj7omrpfwjd2wdytqo,3.10.3,0.5.3
ki63y5yjs327iquxhscqwwcys3ip5ir6,3.17.3,0.5.5
klarzgil7snvhydslhxvazm7ivhj4n54,3.14.6,0.5.3
kmwtzjiqvqxegvvebj5x4c7fho37ffbw,3.13.5,0.5.5
kom4iw4pze24wp3clpiio62slqc52and,3.19.1,0.5.5
kq3yne22e6jlti5trzl5vnxcsbdaouwy,3.20.0,0.5.4
ks46ho5dbcvr3wti76yxbswxth4cnqsk,3.14.2,0.5.5
l357jcjlnjbuhwj6apg7apm2r7nx6xje,3.13.3,0.5.4
l3l5tddvxkcnssje3c4mxh5inshlkist,3.19.0,0.5.2
l5gqoya5ozwrts223trlrcnufza5dqqx,3.9.2,develop
l7pwk3hllzhlph3iadqnekx33qr4uos6,3.4.0,0.5.2
lbjqlqsveda55xoqs2ffdxsp52ynjzpg,3.16.2,0.5.4
lhlvgemhjs5qce7yfrhx4ouuvaqxrhq7,3.12.0,develop
lryho7n6vjhqcln6yzmzkpnbs2gf2pne,3.17.5,0.5.1
ly756y5rjayjqnvgyzaytsuteh5f7h5k,3.16.2,0.5.1
m3ywei76omomnvzwkgv37incgbeh5nww,3.16.1,0.5.2
m4eob2phked2s4amfrfqcqmn75ejabxy,3.20.1,0.5.5
m4wseq3gxoo5smb233gtwswwzypd5cza,3.20.1,develop
m77znkchb3nvwie7sdd4dz7iib6z4rfe,3.11.2,0.5.3
m7fhpohb2nj5x6bz33lu2ownqg6qoau4,3.13.2,0.5.3
maplujsyxecsmfw7iycxtrimy54a7mxy,3.18.3,0.5.2
mbjsqafk43brwm5p7swg23kqwwcy3wjg,3.11.0,0.5.5
mdbfn6wt4g5sv5kd4zxtbahnn4ey3thp,3.5.1,0.5.2
mnx4ljgmvr7yvgkjqztjf3mstpbw5qih,3.15.6,0.5.3
mv7z6wrhzizhftyzuulxux6v7k5pi7tp,master,0.5.5
mxu2atz4jpt3vzsuo5epcxrgroyjo3hq,3.11.0,0.5.2
my7i524r3ux2uhwneuk2pvcv2gsgfnya,3.8.2,0.5.1
np7xcroq4fkavcrx2kpofnnfzkexx5ve,3.16.4,0.5.4
nv4gzdsdexezresfmyageik6e6gnxchw,3.15.1,develop
nyaoo5ccwrwune5jcqrtiuizrordbyi4,3.14.5,0.5.2
o3megbbrptgcpkgcfbwfisxgx3vmzr4g,3.19.1,0.5.1
odz7r3i6glrqjlynnrxlq4liyqqrvyma,3.17.5,0.5.2
oezpc63be3edkbx5v7rjvdcvdazb3nwn,3.18.6,develop
ohrwsgxnkdj3rjmoanr2mtgufjlj5t4m,3.18.1,0.5.4
opavcwipbhv5zgfgbhdqv2vgiva7zodz,3.19.0,0.5.5
otoafxict3jrlyzs2ywlnka6stmp3sdw,3.7.2,0.5.2
ougkajaqwdhdmeiooxx3iar66tkan3hc,3.20.2,0.5.5
outbqjbf25ronejnkkktzmo5l4f3vpd2,3.14.6,0.5.1
ovhanrcdyxbjcfrdwp2d5x5rejkvsqu4,3.6.1,0.5.2
pdfiaevwfrzpmltv7jq7pgbt7g7rndr5,3.14.3,develop
phknunkqbs6jcqve4lvigo5bm7wayeta,3.11.2,0.5.4
pr6nmofldxaqd7x6ar4x2zo5rcvl3duq,3.19.0,develop
pr7bp2obkofnazwsiopurynazglao2cu,3.16.0,0.5.4
pyb67ebtdgxl3oi2cnli6mtndwtxsrxe,3.22.1,0.5.1
pznd36vbf7o4og7cgzdxnnl6skkmsh5w,3.17.0,0.5.4
q3r7wwuyysp4piiqxqgmz4ta5gwyvlks,3.15.6,0.5.2
qc6qrouekgp4amdjnwmegeo32kqyjuls,3.19.7,0.5.2
qepwpte5jn2pmautntku2nbbijkekuix,3.19.8,0.5.1
qf436u2afnbb7gqn2pgefeh4bl5b54pz,3.16.7,0.5.3
qigb4nial2zak7lzajzpa2br55hmqxvm,3.10.0,develop
qjinwdxffd5gxcxjd7v4p6lmcgscf5ax,3.10.3,develop
qryqstmapvjk4uqlmno7u5z6hvcyqpfl,3.15.7,0.5.4
r27ohi6mcfx2nzpk4gdaq2xznfg627rk,3.19.0,0.5.1
r3lhmxtjnnbzcclfruegwciotdi3ncia,3.18.3,develop
rbf7payflsv65755syfnqvdm3hn35mmb,3.18.0,0.5.3
rcrivrhx6tqbyvowjwxutyguftgkdpdj,3.18.0,0.5.4
rnfoivs4eox6vfxh2oi2mse5kwcgfalc,3.18.1,0.5.2
rrbwh4psvikykhuxpxefkc5w4gcgmidb,3.14.4,0.5.4
rtcnxxi745x7poqusw4gybecug3azugx,3.18.2,0.5.2
rtkvuahbziwmmnmwqdxnq5ymkljeb7qf,3.17.0,0.5.1
sj7adggqpghj7i7zcp5kyryijucvr5ft,3.20.2,0.5.3
ssi6t662twlcfe2g2yvonxk46taqhboo,3.7.2,0.5.4
sxol7tuhdjss2dvwet4vrz5rbo6hyww4,3.21.3,develop
syjerojljkxkxxxjh5lzflqchiwymjyp,3.15.5,0.5.1
t2tvby2h62s6kgqnlrppvztscmq653tl,3.8.2,0.5.3
udahbpfkl5smc6g2sjoesjns3a7heifj,3.19.4,0.5.4
udvq4wshoxoefgdysffcu6m5bc63et3f,3.15.3,0.5.2
uglxwdg3y7jhdxnlyt267h7psvynaqwi,3.17.1,0.5.5
uu3xggk7ol3jaoyxa3sopdo3yqhic7i5,3.17.0,0.5.3
uughp3hbopjiod5p5jih5srug5jzhyhf,3.17.4,0.5.5
uycwnrr6vd52ybo52jgyquvu2mmyc63k,3.18.0,0.5.1
uzyk2lkwsgasqnhaaqy447nuufld7xyp,3.13.0,0.5.4
v2q2r7dzs4h3rwixznjnbmobubnxs45u,3.8.1,0.5.2
vxo4kk5ayeggt5tknnuaidw7uwjxlc7j,3.21.3,0.5.5
vyw6s6qed46mi43h7rgayywu26dx6kks,3.9.0,0.5.1
w5qt5ctnameypagxzaz5qa5spar4hqqe,3.10.2,0.5.5
w6xzdrtbvbvdrnsox7gpjo5ljeqjcixy,3.19.2,0.5.2
w74gwa5cvkgyvd6hxkneyijqlgqocfiv,3.19.5,develop
wcag4s7aabhgtocrctffn4dsjavn7eyx,3.20.4,0.5.4
win3okgwccgcf7hxmunwaeqlkqpmzwia,3.11.1,0.5.3
wju3t3ymwymyxgei5dz3lswekznbiwca,3.13.0,develop
wkxzqbltxbguesvhc3iqdiia3t4vzz2f,3.18.4,0.5.1
wx2o4pydrltcpsstoobfcf7ojxiosuez,3.19.5,0.5.3
x3ovvl2ulisoc34pztlkarca4secx3lh,3.18.5,0.5.2
xux2utqe2jw66mjypinmqv3qscbp7ao5,3.12.4,0.5.3
y7zeiuoal6mnte6uffrtxcyfhgsufiln,3.15.1,0.5.5
yd3gthil3znnotruorlf3nbpv66fpcjl,3.20.4,0.5.2
ykpswxhbmxxl633etbysp24ojuzxobss,3.15.2,0.5.1
ynq2jgsidafk3yimnxhufumb7sni7xvs,3.16.0,0.5.1
ypqods26zozjqa2gwobolflym7ydgnbs,3.16.3,develop
yufxu4q6iefxkrkepi7x42ftufbqxgdb,3.6.1,0.5.3
yuufqke3kmj6n4uibd7fqqmw4ajobano,3.12.4,0.5.2
z3cao76beqmmxfemmizifza3smcyi6yp,3.17.4,0.5.1
z5v5kx3y5hmrdhpz62dixwgoav7utbog,3.13.3,0.5.3
z6apce5j5ubxdo5uz7ekc4abhbik7xrj,3.11.1,develop
zamdjrogqro5jsujv5bljfazg2vxdghn,3.10.0,0.5.3
zb43rbutcrqkl6w47hyy74nmtrlznr7d,3.19.4,0.5.2
zo2pc5mlbj25my75gcnlexkrreuri3h5,3.7.1,0.5.3
23sw6asymd3vrfxrsfzkv2lw2t4h6m3x,3.12.4,0.5.4
24x7czl3caykpjykianusc6irgap5lbl,3.7.2,develop
2cabuxta2cq54f6osnrbnkuooojqblrg,3.16.6,0.5.5
2o3sm3a5spsrc5ygpropsmkw3q6gy3qa,3.9.2,0.5.3
2rnzooqmkvcu3gcsbx2yagcfgj7rrf36,3.6.1,develop
3d57rkbmccb3cih4xbglslusmlq3xa24,3.5.2,0.5.4
3r7xixid3xyfwtczt3tan2mqi6r6scgp,3.5.2,develop
3tbbu27aek4bs5scoexjmzrgla7evsa2,3.13.4,develop
4hok7sm73qaqxrdlpsjuhfkzi6c2hoez,3.16.2,0.5.3
4j7bem42borytijn7yccw3tst6q2vyyy,3.16.3,0.5.4
4t7vofwwdy2lizhgwzvmpp7z2vh4mvbw,3.7.1,0.5.2
4zxbzhswwdlgtzccsz4ko4bvoa3pgdtx,3.18.4,0.5.3
6olzhsyi567afu72cthbttibuj73x7d2,3.17.3,0.5.2
7ialqzolxqsj4qf7ejqkqxn2vpmhzqk3,3.15.2,develop
a7hz3qvrinsjplm7eryggrcazcs7rsb2,3.19.3,0.5.1
biq7vgvrjmvahrcvywpa6cd4gaw6nsf4,3.14.5,0.5.1
cdmpls336vcvrdvgxbhbq2iw4kl7ghcj,3.12.4,0.5.5
czdfoknycgkrghhuubrxi67drxx6dgcr,3.7.1,0.5.5
d5eabh6vm66idpzgzydyxsl3tif7ahlh,3.15.4,develop
dgdpxwcz3ja4pjomcef2hpywytowkhfc,3.8.2,develop
dz2grezwpwcwzteqjpnhowzu364xd5ty,3.11.4,0.5.1
e5rv6q6v3z4foqpwaueu7slcmmrowtas,3.15.1,0.5.3
ekjd7zgx4dhkdyxspq4u2z6tf76jqg5w,3.12.4,develop
ene4bzimynwa6boc4htcg3j7sapb4y5a,3.6.1,0.5.4
enkynflnjdvsjjwbd2hhwmrv4pzm42d6,3.19.1,0.5.3
eolpv53f2dbc3e3ecjdjgrhdrgkzcxqc,3.18.1,0.5.3
ewkgreox2n73kbo3inl3smmqgua4q4tr,3.8.1,0.5.4
exnalzijj4ugjoil7kqi4mmgisvuvckv,3.10.3,0.5.5
g7pougcse3erfrib53fahtsdoifjctoz,3.18.4,0.5.2
g7v6ke3mammu6zsjaqi3ltjw4i4pb4zh,3.15.5,0.5.3
gdmkcgxupt6pwnlhjlohqiheg667lomd,3.19.7,0.5.1
giftcwbrnyufrsfoc5yioy4hgv56p37k,3.18.6,0.5.2
gttybf22qlpmnj4bwb7csszqym5gsaum,3.18.4,0.5.5
gvummvtsiybgzvhvguju37nsxltaavuj,3.21.0,0.5.3
gwlrpivxcgf7hbcnl2hjdzab2whuld6z,3.20.5,0.5.3
hdre566frlxqb2j45nkm6idtpe3lsqdx,3.7.1,develop
hm5ukgcttkbd74goal7xjabjfo5ht6jq,3.8.0,develop
hp5r3egksavr3kmyn23dpifei5cv4u27,3.15.2,0.5.3
hzipu7mzxhzyyifnqfn3lsevxnc63kue,3.21.1,0.5.3
ilnnfn2k66g5fqxedvavrrygmg4qrv73,3.11.4,0.5.5
izw6dvba7fz54ul7h4ra743dcjohtpxh,3.17.4,develop
j2aaiqdqmlvefehc2cttqry2xnkvkmns,3.18.1,0.5.1
jds5o76ug2uhvkcmi64uo5lxzccko6th,3.18.6,0.5.1
jifbxr5hjxhlzmkohhjuhlyog5s4yy5m,3.15.3,develop
jjk2i3dzxryqaskfsdgtlxoijbkzxgz6,3.17.5,0.5.3
jktre7td3ycc6tiwhhwyukskmdghqt46,3.8.1,0.5.1
jl3wjtzfxeyfmhtttckzc4nx6n65w75o,3.16.3,0.5.1
jojrfqb76eog75egyfpodpegke3slmay,3.17.4,0.5.4
jtot6gmjeahbuqdpeejdhrnscr3wkvcv,3.19.6,0.5.5
jzys7iastwaqzha4l2scqmcpdrmkixaf,3.11.3,0.5.1
kugowjbgogccr5ypktivkboxtynqfgaf,3.16.1,0.5.5
kzen2hy7gobc7et2lswhu6wp2zd7gpak,3.13.0,0.5.1
l6e7ekbbgf5xzlgjzjebvlqwycfqory2,3.20.5,develop
l7alq2l6z53dfkqmdfojitt2aguiwuly,3.5.1,develop
lbpaoxx2t3jlbq4vxkzapqezw4wl4abr,3.13.1,0.5.1
ldm5hebjamwebnh4qcqal7b3uzy333yt,3.16.8,0.5.5
lgd2fthxnhsylt4doz66kws5reu2bzu7,3.7.2,0.5.1
lmu5tm2cn3uzd4v6hc5axzu45tuz5rin,3.4.0,0.5.3
lnluwfnyr6tdy75d6gde6gus2ws4kap5,3.17.4,0.5.2
lryxolyyt6mn74ghqmrv6jxogtwjkmr4,3.13.2,0.5.2
lsigtrv7q6mta4wrqiflwhudrheqpcaj,3.19.3,0.5.5
ltzuqz3fw23kvjbuisw4zqfshlvzw6u5,3.4.3,0.5.3
lvqpyhczywe2rfcoavifrzn5k35hzp7a,3.10.2,0.5.2
m7rkk7pmew6rtvn2ijkv5awxgbqpooej,3.8.0,0.5.1
mb7xegpeqb2kehlt7r427t5rcjardt2y,3.11.2,0.5.1
meddcjp2zpb3d77oddqn5p65y7nl2zmm,3.11.3,0.5.2
mej5etl2hs7yebhgzrwudfsdgauo62e7,3.15.7,0.5.3
mfqlf4h3uxljb7sm4pvtk7xg4hmrr66w,3.15.3,0.5.4
mj53c3nvaqxcamt7ezusz3nomxjaydbp,3.5.2,0.5.3
mnky57v55aovdxvwy33pkopyiillt5ks,3.8.0,0.5.3
mrnly75mwr6f4gydz4qik5ef5yhgl7pm,3.11.3,0.5.5
ms5dlm6ws3da7u4p6bxojnwtk5kthzoi,3.11.3,develop
n6o2zwefogsjxryfhy63344fys4eky26,3.21.1,develop
nk4jhyscerosjeoh4hfxbvqvdpnjmztg,3.14.4,0.5.3
nqlgmj5nya4fyckvxrgucyqya5nnnlf4,3.20.3,0.5.5
nu3o5kjbsx7glljpzmwo2argpxbusqli,3.19.5,0.5.2
nwin65qwt2r46x62g75lk3bduxe7kfhz,3.22.1,develop
nzr2zbr2nhvrix3xcjopo6z6ffkr6h5f,3.8.0,0.5.2
oakotukcbjdgsurbeswfxmejamylpybk,3.14.5,0.5.4
p46y2s3f7lne3k2ahyvoysxlhqruivxc,3.21.0,0.5.5
pb66vndkii2yjar45evbqupzi5fyqcxo,3.5.0,0.5.1
piui3gfomx7zsha74zdpqgwqio5mdqi4,3.15.3,0.5.1
pjq2lrrmq5nql7bzz25ngwz2rlzv5zf6,3.9.2,0.5.4
pt4ogvgraja4myjhs22yganb6nrnuq5s,3.15.6,0.5.5
pxkpyov7s6hxziya3opz4oh7om7jr7qx,3.14.4,0.5.1
pzkur42qwh5veefkfvdys7ddr42qznjl,3.18.2,0.5.4
q4kdvw53ggitzzs2qrkac6ucbmbap443,3.9.4,0.5.2
qc2dprguwpr3ebdg3f6vxru4y7owh7hd,3.21.0,0.5.1
qci6aa5jrbodhrn4w7esum56vgxf5hdl,3.5.2,0.5.5
qezvg4s2izu2tplzsvcvt6a57obchh4h,3.18.1,0.5.5
qh25y6guc3wjfhxkfpxywaz4soij74dt,3.12.0,0.5.2
qn4tr46nlenjzwhhsa26ldnxmtvq7bk3,3.18.0,0.5.2
qnzbategnxuugl4i76d77ock74fnbbau,3.13.1,0.5.4
qoqbwxhuh2lffkswzbzoghp5y5a2ttnh,3.14.7,develop
qpe442fcniz5l3eqjndcd4kzz3kwplqp,3.16.7,0.5.2
qsvctarch4j6myz57tapldmgwdkb2ri6,3.16.4,0.5.2
qu2l2kvjuuxc53rkr2w47fimpkpvmqdh,3.6.0,0.5.4
qvxyejyugvkzzvybnbhywtjswbhmkat6,3.16.7,0.5.5
qxkajcvwdg5fxazb262zrcvbjoofauln,3.13.3,0.5.2
r4a4nskdkvpz466pjxyxjzrwhjphrkhy,3.20.5,0.5.2
r4dsnrg2gg7ns3yjc2dznage2ul7ezqi,3.14.1,0.5.2
r5drqree3w5lmpfypy32hnv42xeabaly,3.13.4,0.5.3
r6lpibr56bj2mju2ta3ghh3wnxocyvef,3.7.2,0.5.5
rbaxd5n4xng73mdlr4l4dphi4wh6osuw,3.5.0,0.5.2
rbyaxi5ghuo7v26iuqymkf3nrrenkfo4,3.19.8,develop
rjcn2s7lf4bamlehrznm4rqe45w5no5z,3.9.2,0.5.5
rjmfyr3td5gfvcznnuzzfzedwdawbi7o,3.12.1,0.5.5
rm2z2ufju3su3vyq52yo3nxiq6gp2tto,3.16.6,0.5.2
rsdlpfu7dejneqgm3mf3wrtaer6w5rb3,3.5.0,develop
rt3vfb5xdhh2apla6nawau7eb7lmnui4,3.18.5,0.5.5
rwsiieydiu37vjh54wkdkhf2tdzjmpzc,3.21.2,develop
ryuhxdzvcremuedfeifnx6tc5z5skab6,3.14.5,0.5.5
rz6qdpksngvum3pbgsjlnm7ewrlqg2v6,3.20.2,develop
s3etb5zfkjmv6ngvihgnbavthar4vjej,3.20.0,0.5.2
s4pspmgyspxzrjwugcstbwzevy6hgkcm,3.17.5,0.5.4
s7vzf5qglpandhy4ex5kfobki6at5tmc,3.17.3,develop
scyvm33fbnp35d3akqvi7oxx4w3nvm75,3.15.0,0.5.1
sepab222lthjkvkndhqrcajpjoybecyz,3.11.2,develop
sjzurcfgunriqtokhrbzwkbigehsiqev,3.14.3,0.5.1
sl5gmtlxqg2ofjd66uvshqmeu3o4octm,3.7.1,0.5.4
soywil34fujcnggwsg63bi47njwg5pxe,3.15.7,develop
suomvilaugaetbw4nmkxsemyso6j2s46,3.17.3,0.5.3
svr65vsxw5bbb5thdtzssf7itymvtv32,3.15.1,0.5.4
svxiyc4bmag6v3tv7na722iqqw4thj3m,3.13.3,develop
sy63lhio5lhkzuzi7hxj5r4vkdgx5zud,3.18.5,0.5.3
syrrmgqe6enwyw7r7pq6545uqqkb2llk,3.19.5,0.5.5
t2ebrhza72igv4d2ika5cl3y3wxe6g66,3.20.4,develop
t5yyitdv6crlwy56lpugl3ohyxmk6c5l,3.16.3,0.5.5
tand3bffelozgvzy424kuipobb3m5374,3.16.0,0.5.3
tdoij3dqzkuicegxyi772a6eizbii23z,3.4.0,develop
tf4dnorwvsmpydg2qxck5ivjqjjjfd7n,3.19.1,develop
tjqw4kb5pshh7ry3dlofyam5hdn64ejr,3.17.4,0.5.3
tmgmaioqsvi5phrzciko66dvgcnepmd4,3.12.3,0.5.5
tn5q4kygz5vhjczravp5ik4oecpzzju7,3.12.0,0.5.4
towm264iyzzkg5k4aplnesvxecteav6h,3.19.7,0.5.4
tr2m7kms4ad2sp6za3jslixga3ouqljm,3.4.0,0.5.4
tu4ujb47irqxs6ng2s7sz4fb7n26ly3v,3.17.5,0.5.5
txufzsiq7hmajp5samb2otqllshfccbh,3.8.1,0.5.3
tyh5p7qohnj3hn2hmwg6ryoerkuccdpa,3.9.4,0.5.5
u32akse7wtb53erc5jskyezo6ff5nodk,3.13.5,develop
u7jsiw7h5io3velah7rlopb2ywzhbzuo,3.11.0,0.5.4
ua3qovrwxurbjbp5m3v4boq3kqv3cicp,3.14.5,0.5.3
uajffpejlddptltgyvwvf5yvi7rjisfg,3.16.9,develop
ubu23ie56izpwngjusobmyuhzh66v57m,3.19.3,0.5.3
ueafoadgtynsnzb2mairwvppf7pzguqw,3.5.0,0.5.5
uhcubwin42cg3r7zfhmd4ghkhvldfokx,3.16.2,develop
uhjhtkdtnx2isv6xzrno35xr4x23pwug,3.16.5,0.5.2
uj2sbyxbgo37den6wdlq7ypra3xp2r5p,3.5.2,0.5.2
uozgpy4yzcmdivy5xasxnzietfplx6j6,3.4.3,develop
ut2gtj4atej73crcnlchbljs7ph7oole,3.21.2,0.5.2
v6abgblufacdbbcpd25i6l3njl7n37jq,3.17.1,0.5.1
v6bzy7h3xbmewtzssbgy3tysci7w47cl,3.21.3,0.5.1
vbjo26i7jtzz7tw7mkgwy7tll3hsnner,3.14.2,0.5.3
ve2f6g2ybrfupd2v5ltsev5gorrr7rkt,3.15.4,0.5.5
vewwczrpu7xcacmnta3opbwu6yj2z5wx,3.16.6,0.5.3
vhokayipf3lceuh4s6u7dhhvnumbxvbx,3.10.2,0.5.1
vldvppx3sy2kxo4pzoah4ywsnhn4qz5m,3.19.6,0.5.3
vns3smofsvkzkn5t7kuczmdzsvbg6kcd,3.18.4,develop
vouyi4wld4y6e4zc3t5roz3xikok3cl4,3.14.1,develop
vpbhcu4brjtgnwgp7nqicj3pal6ijpjl,3.19.8,0.5.3
vspafzco7xg6wrgcnczonhu3tmj3wjd2,3.18.5,0.5.4
vxgmcfdacrl3salfv5rv7fd7lo6zf2qq,3.18.5,develop
vzf7r6l5fce2uqkovyvwoka6x7d266nh,3.12.2,0.5.2
w24jagem774u6xzo7mnxfrx5afhwjvg2,3.22.1,0.5.3
w2m2ml3pl2s6powqlljg6fbfgpphotoe,3.9.2,0.5.2
w2mphkm6u3khzbmif7xr4w46kzptmrte,3.20.0,0.5.1
w642wpjqwx2jpuqwaedeuaigpisvmojx,3.15.0,0.5.5
w77zf5mctfu6xugllvwgj2lkektcferc,3.8.0,0.5.5
warcrlrhioaofcu2pirgh65lg22lvzlg,3.13.1,develop
wcsquufa3kikeczds2kujkzhokjg4a6s,3.14.7,0.5.5
whxdc4epwk7hentutvussk4ttwfxduty,3.12.2,0.5.1
wk3e25iciyzeugx3qegojpxx3ch2bvlm,3.18.6,0.5.3
wnket5b3d3vbvynw3c65nwnz3nowyhpc,3.15.5,0.5.5
wqliedctt6t2nbkf33kjvo2qp4z73ty3,3.19.8,0.5.5
wr4kcpvw7zhvbfam546ynztfqgii3ooz,3.19.0,0.5.4
wslpt7t7tkar523i547a7svhxnyrnyd2,3.5.1,0.5.3
wuaa5mwsrczflzvyojo65lktwf3mgzzg,3.8.2,0.5.2
wvefvhxu3zk25dpjvoiu4je3ngzc5elv,3.14.0,0.5.3
wz2f5rvgux7yhcnot2zdgpd3ruzkbfzb,3.19.4,develop
x2tuc26yok64j7odzely7rhqumun6brl,3.4.0,0.5.1
x6wmmusequebrlbpsnspyeqyt3yxqi4w,3.16.7,0.5.1
xdcxlbepq4oojawb2fpfu3apyqrbt6gv,3.13.5,0.5.4
xj3yhpscal33hkgipn5kvzywvzb26bg7,3.19.7,develop
xjenvrui4odqfxtpcwrissaq5yue6xt7,3.10.2,develop
xm65ivtq4bcrdzjden77kk6davlshcjy,3.4.3,0.5.1
xoev6bdmwjnlmurq3zf4sza2e4zjb37h,3.20.4,0.5.1
xrif6qj6vdzvqripanfvhpkzwxk2vcqz,3.13.1,0.5.2
xtz5nj6v37ddtel3ewym5xoccf5e2rdj,3.5.2,0.5.1
xurqfrlcu4ahkjkp4yvkn25qqrhlnlue,3.6.0,0.5.3
xvc2gcojs6trylofvbl6raxhjmpytehl,3.13.5,0.5.3
y3ypbfputwaq7xmcf4hgmlkdhxlkfhco,3.21.3,0.5.2
y6qqk46jjifbe3wve73as5mejz45zt3b,3.14.3,0.5.2
ya6cjbxh7xt4wzpy5jf6kntyvcurgg52,3.14.2,0.5.4
ye7p3fbfro4cxenp4ziys24izw6akkdg,3.19.2,0.5.5
yhrpi3iscnonkf6f7gdjlnovav3254qg,3.9.0,0.5.3
yrnqdxed3idvxe4jteq3qcquw5dcxpdk,3.5.0,0.5.4
yucu7nfgijmucc7qgnl5tzcnuo2ufvbz,3.20.1,0.5.4
zffpbdwcvy2fokfj5afqk6kilbyfif3f,3.16.4,0.5.1
zgjyqijj2trlzdreq3niarozm5sejtok,3.19.8,0.5.4
zh62f6iorcnwagclbeq4wuaxjweyfjop,3.19.2,0.5.1
zi4d72h6q47yb65dmhk3vnlxfljd6wac,3.19.4,0.5.1
zm5byy3ednqn2tjtjj2ulxmzd6o2n6vx,3.16.8,0.5.2
zmt2gdekfa2w6ydwxtpugtwk6dq3hihh,3.8.1,develop
zn3be5zax5ehvj3ofvu3yun2t5r5ccl6,3.5.0,0.5.3
